order_id,customer_id,vin,order_date,product_category,quantity,unit_price,discount_pct,currency,status,sales_channel
ORD-201608,C10767,1HGCM32V100801,2024/08/15,Warranty,2,2040.23,15%,USD,COMPLETED,Dealer
ORD-200799,C11139,1HGCM26D100107,10 Jul 2023,Vehicle,1,3872.39,,USD,Completed,Dealer
ORD-202874,C10826,1HGCM21S100408,2024-03-14,Parts,4,1374.18,0.1,USD,completed,online
ORD-201844,C10494,1HGCM58I100554,"Apr 22, 2024",Service Plan,2,773.71,0.1,USD,shipped,Dealer
ORD-203726,C11430,1HGCM30H100241,2024-05-28,Warranty,2,"$3,863.54",10,EUR,COMPLETED,online
ORD-200371,C10165,1HGCM33V100853,2023-10-27,Accessories,1,,0,EUR,COMPLETED,Online
ORD-203032,C10816,,2023-10-16,Parts,1,,0,USD,Cancelled,Dealer
ORD-200033, c11000,1HGCM35T100487,2024-07-30,Vehicle,1,4413.09,10,GBP,COMPLETED,Phone
ORD-200800,C11347,1HGCM70X100569,2024-04-24,Warranty,1,3623.43,0.1,EUR,completed,Online
ORD-203136,C10465,1HGCM90K100816,2024/07/27,Service Plan,1,1416.00,0,EUR,Cancelled,Phone
ORD-200230,C11032,1HGCM67K100452,2024-04-01,Vehicle,2,4519.97,0.1,USD,Completed,online
ORD-200189,C10949,1HGCM71C100392,2024-02-07,Warranty,2,"$3,612.23",0,usd,Shipped,online
ORD-201605,C10817,1HGCM77Y100206,26-04-2023,Warranty,2,3270.01,5,EUR,Canceled,Dealer
ORD-202516,C10306,1HGCM45G100474,17 Mar 2023,Accessories,4,,5,GBP,completed,Phone
ORD-203719,C10351,1HGCM39T100695,2024-02-28,Parts,3,1747.44,15%,EUR,shipped,Dealer
ORD-203017,C10830,1HGCM78B100053,2023-07-07,Vehicle,2,1101.51,10,usd,COMPLETED,Dealer
ORD-201882,C10358,1HGCM24T100149,2023-06-07,Accessories,1,3563.37,10,EUR,shipped,Phone
ORD-201066,C10986,,2024-02-12,Service Plan,1,108.47,5,GBP,Completed,online
ORD-203209,C10318,1HGCM42F100707,2023-03-23,Vehicle,3,$138.14,5,EUR,Pending,Online
ORD-201266,C10534,1HGCM88N100481,2024-04-03,Vehicle,1,"$4,685.81",5,USD,Cancelled,online
ORD-204058,C10398,1HGCM11L100557,2023-10-26,Service Plan,1,"$2,263.81",10,USD,Completed,Phone
ORD-201530,C10116,1HGCM88K100530,2023-06-03,Service Plan,4,3236.92,0,usd,Cancelled,Phone
ORD-200739,C10060,1HGCM22U100540,"Dec 30, 2023",Warranty,1,4337.19,0.1,USD,shipped,online
ORD-203481,C11100,1HGCM62V100541,2023-10-26,Parts,2,4699.49,10,GBP,Shipped,Phone
ORD-203644,C10290,1HGCM26M100116,2024-06-11,Warranty,1,1310.59,0,USD,Pending,online
ORD-201074, c11080,1HGCM30H100241,24 Jun 2024,Warranty,1,4571.36,,EUR,completed,online
ORD-200632,C10054,1HGCM51N100793,2024-02-16,Service Plan,1,"$3,579.48",0.1,USD,Shipped,online
ORD-202115,C11234,1HGCM64M100766,2023-12-22,Warranty,1,1644.89,5,USD,COMPLETED,Phone
ORD-204081,C10565,,2023-07-10,Accessories,1,3801.18,0,usd,shipped,Online
ORD-200608,C11045,1HGCM39T100695,2024-04-10,Accessories,1,887.20,15%,USD,Pending,Phone
ORD-200678,C10203,1HGCM76G100318,2024-07-02,Service Plan,1,"$4,489.68",10,GBP,COMPLETED,Dealer
ORD-201059,C10811,,07-01-2024,Warranty,1,"$4,475.09",,USD,Canceled,online
ORD-202435,C11221,1HGCM41U100306,2024-01-28,Service Plan,3,3936.92,0.1,USD,Pending,Dealer
ORD-201449,C10645,1HGCM96R100251,2023-06-07,Warranty,4,3082.68,0,USD,Completed,Phone
ORD-203499,C10686,,2024/04/09,Service Plan,1,"$2,742.32",,EUR,Shipped,online
ORD-203131,C11282,1HGCM12E100524,09-12-2023,Vehicle,1,1071.04,,USD,Canceled,Phone
ORD-203449,C11235,,26-02-2024,Warranty,1,"$3,221.80",5,usd,Cancelled,Online
ORD-200263,C10403,1HGCM90B100209,21 Jul 2024,Vehicle,2,1229.10,15%,GBP,Shipped,online
ORD-202535,C10204,,2023-01-11,Parts,1,3205.83,10,EUR,completed,Phone
ORD-204140,C10441,1HGCM29M100714,20-08-2023,Service Plan,1,3988.64,,USD,Pending,Dealer
ORD-200386,C10911,1HGCM70M100064,2023-07-07,Service Plan,1,"$2,290.25",15%,USD,Pending,online
ORD-203394,C10036,1HGCM45V100593,2024-05-31,Vehicle,3,1670.63,5,GBP,Pending,online
ORD-201483,C11183,1HGCM22J100191,01/13/2024,Service Plan,3,496.94,15%,USD,Canceled,Online
ORD-201744,C10339,1HGCM43Q100302,2024-01-01,Vehicle,1,2317.55,,USD,Pending,Online
ORD-203788,C10356,1HGCM40G100162,2023-01-03,Accessories,1,2073.28,,USD,COMPLETED,Online
ORD-203097,C10197,1HGCM76N100403,2023-12-25,Warranty,1,3484.54,10,GBP,shipped,Phone
ORD-203177,C11370,1HGCM84E100082,"Apr 19, 2024",Accessories,2,174.53,,EUR,Completed,online
ORD-201258,C10158,1HGCM59N100377,2024-02-25,Accessories,4,4176.38,5,USD,Pending,Phone
ORD-202456,C11432,,2023/02/22,Warranty,1,"$2,071.35",15%,USD,shipped,Online
ORD-201080,C11059,,2024-07-19,Accessories,1,2027.60,10,GBP,COMPLETED,online
ORD-203297,C10615,1HGCM59M100272,2024-04-28,Vehicle,1,2103.97,10,GBP,Canceled,Dealer
ORD-200951,C10594,1HGCM35A100338,2023-09-09,Service Plan,1,4283.15,10,USD,Pending,Phone
ORD-200806,C10929,1HGCM34B100495,2024-01-26,Service Plan,1,"$3,220.80",5,USD,Shipped,Phone
ORD-201166,C11478,1HGCM99A100676,26 Jan 2023,Vehicle,3,"$1,798.81",0,USD,completed,Online
ORD-203711,C10365,1HGCM88O100014,2024-02-19,Accessories,2,1763.73,5,USD,shipped,Dealer
ORD-202131,C11074,,2023-11-11,Accessories,1,821.47,5,USD,Shipped,Phone
ORD-201652,C10098,1HGCM62Y100570,26-12-2023,Vehicle,2,3939.63,5,EUR,Shipped,online
ORD-201687,C11359,1HGCM47G100500,2024-06-06,Parts,1,3809.39,15%,EUR,COMPLETED,Online
ORD-201411, c10513,1HGCM48W100256,2023-08-06,Vehicle,3,2417.75,5,USD,completed,Dealer
ORD-203037, c10825,1HGCM42B100677,2023-06-18,Parts,3,2997.07,10,USD,Shipped,Dealer
ORD-200485,C10136,1HGCM43M100324,2023-05-31,Vehicle,4,1715.72,10,USD,Cancelled,Dealer
ORD-202953,C10104,1HGCM55P100249,2023-06-10,Parts,3,2301.14,,EUR,Cancelled,Online
ORD-204176,C10510,1HGCM17Y100466,2023-11-12,Service Plan,2,2957.06,0.1,usd,Completed,Dealer
ORD-203201,C11173,1HGCM43G100786,2023-06-30,Accessories,1,3164.23,15%,USD,COMPLETED,Dealer
ORD-201803,C10438,1HGCM49L100427,2023-10-01,Parts,1,3138.78,15%,GBP,Cancelled,Dealer
ORD-203020,C11123,,2024-06-04,Service Plan,2,"$2,887.74",0,usd,Canceled,online
ORD-202783,C10441,1HGCM25O100768,02 Jan 2024,Warranty,3,1923.05,5,EUR,Canceled,Online
ORD-202226,C11452,1HGCM87A100624,2023-07-03,Vehicle,3,4252.80,0.1,USD,Cancelled,online
ORD-202236,C11479,1HGCM25M100194,2024-08-01,Parts,1,1176.53,0.1,EUR,COMPLETED,Dealer
ORD-200756,C10901,1HGCM37T100747,2024-02-16,Accessories,1,718.13,10,USD,shipped,online
ORD-200531,C10608,1HGCM98D100497,2023-08-25,Warranty,1,"$3,793.52",5,EUR,completed,Phone
ORD-202749,C11110,1HGCM22F100629,17-12-2023,Warranty,1,4414.95,,USD,Shipped,Dealer
ORD-201547,C11278,1HGCM75B100781,2023-05-13,Warranty,3,1219.94,10,GBP,Completed,Online
ORD-203178,C10622,1HGCM10H100397,2024-05-26,Warranty,1,3869.09,0,USD,Shipped,Dealer
ORD-203770,C11107,1HGCM25J100867,2023-12-16,Warranty,2,3549.63,0,USD,COMPLETED,online
ORD-203189,C10576,1HGCM60E100498,25-02-2023,Warranty,1,330.64,5,EUR,Shipped,Online
ORD-203157,C10635,,2023-08-12,Service Plan,4,3657.35,0.1,GBP,completed,Online
ORD-201550,C10110,,2023-12-18,Vehicle,1,564.87,0,usd,completed,Phone
ORD-203983,C11097,1HGCM30K100062,2024-05-02,Accessories,4,4633.83,5,USD,COMPLETED,online
ORD-200004,C10977,1HGCM97D100367,2023/11/26,Parts,1,3159.20,5,USD,shipped,online
ORD-203218,C10304,1HGCM51J100711,2023-11-18,Vehicle,1,$759.48,15%,USD,COMPLETED,Online
ORD-203780,C10915,,04 Jul 2024,Vehicle,1,946.13,5,USD,Shipped,online
ORD-202607,C11433,,2023-05-11,Warranty,1,4658.81,0,usd,shipped,Dealer
ORD-201705,C10775,1HGCM60K100790,2024-02-08,Service Plan,1,1645.17,0,USD,Canceled,Dealer
ORD-202523,C10461,1HGCM33J100685,2024-05-04,Accessories,4,,10,EUR,Shipped,online
ORD-203903,C11261,1HGCM78H100033,"Apr 20, 2023",Vehicle,4,1753.46,15%,USD,Canceled,online
ORD-202003,C10048,1HGCM78C100418,2023-12-20,Service Plan,3,1488.21,10,USD,Canceled,Phone
ORD-202266,C10918,1HGCM32G100838,2023-06-23,Warranty,2,80.77,15%,USD,Pending,online
ORD-200015,C11047,,2024-05-07,Service Plan,2,922.80,,USD,Canceled,Online
ORD-201250,C11009,1HGCM35Q100042,2024-08-22,Vehicle,2,1456.38,15%,GBP,Shipped,Dealer
ORD-204006,C11295,1HGCM54J100555,2023-12-15,Accessories,1,3614.72,,USD,Shipped,Online
ORD-200560,C11402,1HGCM18C100158,2023-02-28,Warranty,3,2958.03,10,USD,Shipped,online
ORD-200482,C10047,1HGCM34M100896,2023-07-11,Vehicle,4,418.55,10,USD,COMPLETED,Online
ORD-204083,C10596,,2023-11-28,Vehicle,3,356.58,0.1,GBP,Canceled,Online
ORD-201552,C11495,,2024-04-03,Accessories,2,3041.98,15%,GBP,Cancelled,Dealer
ORD-202971,C11190,1HGCM87Z100363,2023-10-17,Warranty,1,3298.91,0.1,usd,completed,Dealer
ORD-200026,C10705,1HGCM95A100650,2024-01-27,Service Plan,2,"$2,831.80",0.1,USD,Canceled,Online
ORD-203816,C10381,,07/31/2024,Warranty,1,2517.33,15%,USD,Cancelled,online
ORD-203720,C10273,1HGCM60B100755,2023-05-12,Service Plan,1,400.00,10,EUR,shipped,Dealer
ORD-203371,C10448,1HGCM65C100470,2024-03-26,Parts,1,1081.24,,EUR,COMPLETED,Phone
ORD-203967,C11402,1HGCM19G100188,2023-12-17,Warranty,4,"$1,960.24",10,usd,completed,online
ORD-204164,C10380,,05/24/2024,Accessories,4,4593.40,,EUR,Cancelled,Phone
ORD-203723,C10318,,2024-07-07,Parts,4,"$1,222.92",15%,EUR,Completed,online
ORD-201782,C10443,1HGCM52J100789,2023-10-03,Accessories,1,3551.89,,GBP,completed,Phone
ORD-200470,C10082,1HGCM27O100066,2023-11-21,Warranty,3,,,usd,Canceled,Online
ORD-200479,C10103,1HGCM25E100056,2023-12-25,Accessories,1,1027.02,0,USD,Pending,Dealer
ORD-200510,C11234,,2024-04-11,Accessories,1,2358.06,5,usd,Shipped,Online
ORD-200407,C10646,,2023-06-04,Warranty,4,2313.23,,GBP,shipped,Dealer
ORD-202154,C10322,1HGCM72D100341,"Mar 24, 2023",Service Plan,2,$636.57,15%,USD,completed,Phone
ORD-201520,C11432,,2023-11-10,Parts,1,,0.1,USD,Pending,Online
ORD-202340,C10146,1HGCM46L100635,2024-06-11,Service Plan,1,$57.04,10,GBP,Completed,Online
ORD-202458,C11158,,17-03-2024,Vehicle,2,509.57,15%,USD,Shipped,online
ORD-200692,C96793,1HGCM94H100163,2023-10-19,Parts,2,3651.02,,GBP,shipped,Phone
ORD-201460,C10489,1HGCM48H100501,2023-08-22,Parts,2,4178.90,,EUR,completed,Online
ORD-200110,C10788,1HGCM56C100704,2024-03-22,Parts,1,883.95,0,GBP,Cancelled,Dealer
ORD-204133, c10633,1HGCM57A100754,2023-06-13,Accessories,3,"$4,690.31",5,usd,Completed,Dealer
ORD-203172,C10629,1HGCM24Y100752,2023-02-19,Service Plan,1,1857.12,0,EUR,Pending,Online
ORD-200690,C10078,1HGCM97E100160,2023-05-04,Vehicle,4,2323.67,0,USD,COMPLETED,Online
ORD-202297,C10896,,2023-12-14,Service Plan,2,198.79,0.1,USD,Completed,online
ORD-202889,C10493,1HGCM80J100763,2024-08-19,Parts,1,"$4,440.88",,USD,shipped,online
ORD-203893,C10196,1HGCM71R100043,2023/07/17,Warranty,1,4561.23,,USD,completed,Online
ORD-201878,C10597,1HGCM57O100404,2024/06/13,Parts,4,348.03,5,USD,Shipped,Online
ORD-200970,C11223,,2023-02-01,Accessories,1,2421.46,0.1,USD,shipped,Phone
ORD-200220,C10060,,2024-03-09,Warranty,1,3766.20,10,USD,Cancelled,Dealer
ORD-200841,C10273,1HGCM23A100026,2023-05-30,Vehicle,1,1554.72,15%,USD,Pending,Dealer
ORD-202417,C10090,,"May 02, 2023",Warranty,3,1845.68,10,USD,shipped,Phone
ORD-200405,C11009,1HGCM44B100703,2023-05-09,Warranty,1,3650.93,,EUR,completed,online
ORD-202680,C10268,1HGCM73P100743,2023-05-13,Parts,2,"$2,340.24",0,EUR,COMPLETED,Phone
ORD-202697,C10581,1HGCM17M100610,2024/04/11,Warranty,4,"$2,071.50",0.1,EUR,Canceled,online
ORD-200819,C10680,,2024-06-13,Accessories,1,1317.58,,USD,Cancelled,Phone
ORD-201559,C10337,1HGCM71T100877,30-07-2024,Accessories,1,707.63,15%,USD,Completed,online
ORD-203291,C10692,1HGCM68A100858,2023/01/02,Parts,1,703.15,0.1,usd,Canceled,Dealer
ORD-200106, c11361,1HGCM64H100891,11 Aug 2024,Parts,3,1333.74,0.1,EUR,completed,Online
ORD-203517,C10958,,23-01-2024,Vehicle,1,1499.47,0,EUR,completed,Phone
ORD-202220,C10529,1HGCM65F100161,"Aug 18, 2023",Accessories,3,$168.49,10,USD,Canceled,Phone
ORD-200938,C11427,,05/31/2024,Warranty,3,1148.63,,EUR,Canceled,Dealer
ORD-200877,C10186,,2023-07-21,Warranty,2,1170.61,5,USD,Shipped,online
ORD-203538,C11413,1HGCM96K100868,2024-01-24,Vehicle,1,1277.41,0,EUR,COMPLETED,Dealer
ORD-203595,C10055,1HGCM66K100842,2023-02-09,Warranty,4,4545.61,10,GBP,Shipped,Online
ORD-202795,C10684,1HGCM15D100757,2023-09-16,Warranty,1,3198.26,,USD,COMPLETED,Dealer
ORD-202709,C10702,1HGCM37T100747,2023-01-19,Vehicle,4,3265.05,,USD,COMPLETED,Dealer
ORD-204064,C10495,1HGCM43E100654,2023-09-23,Vehicle,1,3529.13,0.1,usd,Pending,Phone
ORD-200767, c10527,1HGCM57Q100744,2023-04-11,Service Plan,1,336.15,10,usd,completed,Dealer
ORD-200262,C11110,1HGCM43A100702,2023-04-09,Accessories,1,2830.77,15%,EUR,Shipped,Online
ORD-200702,C10047,1HGCM78C100860,2024-07-22,Accessories,3,1691.61,,USD,Shipped,Phone
ORD-201888,C10584,,2023-03-01,Service Plan,1,750.82,0.1,USD,Canceled,Phone
ORD-204184,C10697,1HGCM24J100529,2023-09-01,Parts,3,"$3,263.72",0,USD,Canceled,Dealer
ORD-203797,C11048,1HGCM98U100176,2024-07-09,Vehicle,3,1328.73,,EUR,Shipped,Dealer
ORD-201278,C11150,1HGCM37L100037,2023-02-10,Parts,2,1508.09,5,usd,Shipped,Online
ORD-204077,C11154,1HGCM53D100809,2024-08-07,Parts,1,541.64,5,USD,Cancelled,online
ORD-201389,C10198,1HGCM61G100630,2023-01-26,Vehicle,4,1509.20,0,usd,completed,Dealer
ORD-204142,C10315,1HGCM71P100665,2023-10-17,Vehicle,1,1714.61,,USD,Canceled,Dealer
ORD-203905,C11070,1HGCM87O100534,2023-08-02,Vehicle,4,2115.69,0,usd,COMPLETED,Online
ORD-201905,C11390,1HGCM75U100488,2024-06-11,Warranty,1,205.97,0,USD,Pending,online
ORD-201884,C10262,1HGCM27C100782,2024-02-06,Parts,3,2901.50,15%,USD,Shipped,online
ORD-200547,C11005,1HGCM67R100511,2023-08-19,Accessories,2,3066.23,15%,USD,Cancelled,Phone
ORD-201515,C10705,1HGCM59R100121,2024-04-01,Service Plan,4,3380.59,0.1,usd,Cancelled,Phone
ORD-201880,C10126,1HGCM56G100292,2023-11-24,Service Plan,1,1038.80,10,USD,Pending,Phone
ORD-204099,C10525,1HGCM37X100751,2024-03-26,Vehicle,1,3379.02,15%,USD,Pending,online
ORD-204136,C10908,1HGCM51K100244,"Aug 27, 2023",Vehicle,3,1463.00,15%,USD,shipped,Dealer
ORD-200981,C11418,1HGCM66X100257,2023-08-01,Warranty,3,73.98,,usd,Cancelled,Dealer
ORD-203494,C10729,1HGCM40D100029,2024-01-22,Vehicle,1,$493.29,0.1,USD,completed,Phone
ORD-201399,C11002,1HGCM33C100626,2023-03-08,Parts,4,1912.02,0.1,usd,Shipped,online
ORD-202863,C10148,1HGCM44B100885,2023-05-15,Vehicle,3,1808.13,,EUR,COMPLETED,Phone
ORD-202298,C10614,,2024-05-07,Vehicle,4,409.98,0.1,USD,COMPLETED,Dealer
ORD-200834,C11107,,2024-07-29,Vehicle,1,876.48,,EUR,completed,online
ORD-202225,C10635,1HGCM83O100560,"Dec 21, 2023",Vehicle,1,"$1,539.72",15%,USD,Shipped,online
ORD-200952,C10926,1HGCM27R100667,2023-07-20,Warranty,1,4110.41,,GBP,COMPLETED,online
ORD-201760,C11021,1HGCM15U100644,2024-02-01,Accessories,1,1383.53,10,USD,shipped,Online
ORD-200602,C10066,1HGCM46L100453,2024-04-12,Vehicle,1,1966.13,15%,USD,Shipped,online
ORD-202992,C11207,1HGCM68Z100649,2023-06-27,Vehicle,1,2507.39,0.1,EUR,Shipped,Dealer
ORD-201575,C11325,1HGCM77M100662,2023-09-17,Parts,2,599.41,15%,USD,Cancelled,Phone
ORD-202727,C11162,1HGCM28S100486,2024-02-28,Parts,4,1071.54,0,USD,COMPLETED,online
ORD-202963,C10931,,2024-05-02,Parts,3,3216.07,5,GBP,COMPLETED,Dealer
ORD-201035,C10126,1HGCM35T100331,2023-12-11,Warranty,3,2071.96,10,USD,shipped,Phone
ORD-200652,C10188,1HGCM91Z100493,2023-04-23,Service Plan,1,2088.01,0,USD,Pending,Phone
ORD-203587,C11119,1HGCM87N100715,2023-10-30,Vehicle,3,"$3,498.43",0,USD,shipped,Phone
ORD-200969,C10879,1HGCM34C100080,10 Jun 2023,Service Plan,3,4146.31,10,USD,shipped,online
ORD-202531,C10842,1HGCM73P100743,2023-05-10,Warranty,1,4357.99,10,EUR,Completed,Online
ORD-200874,C10478,1HGCM47T100253,2023-01-31,Parts,3,2165.19,15%,GBP,shipped,Online
ORD-200003, c11447,1HGCM72N100091,2024-05-21,Warranty,1,2304.95,,usd,Cancelled,Online
ORD-203388, c11403,1HGCM57P100223,2023-05-01,Parts,3,$406.27,5,GBP,completed,Phone
ORD-201558,C10454,,2023-11-26,Parts,1,3749.20,15%,GBP,Completed,Phone
ORD-201222,C10351,1HGCM39R100797,2023-12-07,Warranty,1,2741.03,0.1,USD,Canceled,Dealer
ORD-202055,C10977,1HGCM69M100350,01/14/2023,Parts,3,1125.77,15%,USD,Completed,Phone
ORD-203066,C11483,1HGCM77K100400,2024-05-20,Parts,1,2698.03,,USD,Completed,Dealer
ORD-201507,C11024,1HGCM74B100833,2024-08-04,Parts,1,4405.17,10,USD,shipped,Dealer
ORD-201245,C10514,1HGCM33S100460,"Oct 22, 2023",Warranty,3,"$3,996.51",15%,usd,Pending,Online
ORD-201015,C10183,,"Aug 12, 2023",Parts,1,2830.79,5,EUR,shipped,Online
ORD-203868,C11090,1HGCM18X100855,2023-05-27,Parts,1,"$2,508.60",15%,EUR,Canceled,Dealer
ORD-201553,C11478,1HGCM75N100767,"Oct 15, 2023",Accessories,2,1509.13,5,USD,Completed,Dealer
ORD-202579,C10411,1HGCM78F100473,2023-04-04,Parts,1,926.22,10,EUR,Pending,Online
ORD-200429,C11220,1HGCM11G100578,2024-03-12,Accessories,1,$232.18,0,USD,Completed,Dealer
ORD-203215,C10566,1HGCM54X100829,"May 22, 2023",Vehicle,1,1523.04,0,USD,Canceled,Phone
ORD-200143,C10267,1HGCM29M100714,2024-03-27,Vehicle,3,1947.68,5,GBP,Completed,Dealer
ORD-203235,C10612,1HGCM10U100800,2023-11-22,Parts,1,1209.06,0.1,EUR,Shipped,Online
ORD-202581,C11383,1HGCM16P100145,2023-03-31,Service Plan,1,2855.91,0.1,usd,Pending,online
ORD-203560,C11464,1HGCM86E100758,04/25/2024,Service Plan,1,2641.03,0.1,GBP,COMPLETED,Online
ORD-200483,C10132,1HGCM44X100127,2024-08-09,Warranty,1,1241.27,15%,USD,COMPLETED,Dealer
ORD-204171,C10279,,07/14/2024,Accessories,4,3128.45,10,usd,Shipped,Phone
ORD-204051,C10912,,"Aug 30, 2023",Service Plan,1,585.08,10,usd,Shipped,Phone
ORD-202718,C10826,1HGCM88V100437,08-05-2024,Service Plan,4,-4638.84,5,usd,Cancelled,Phone
ORD-200773,C10554,,2023-10-04,Accessories,1,129.95,5,usd,shipped,Online
ORD-203360,C10647,1HGCM84E100082,2023-06-22,Warranty,1,1799.10,0,USD,Canceled,Dealer
ORD-203887,C11396,1HGCM51A100390,2024-03-17,Accessories,3,3852.61,0.1,USD,Completed,Phone
ORD-200736,C10660,1HGCM66T100851,2024-08-11,Parts,1,259.42,0.1,usd,Shipped,online
ORD-203521,C10517,1HGCM76E100368,14-12-2023,Vehicle,3,2359.19,10,USD,Completed,Phone
ORD-200918,C10974,1HGCM68A100858,2024-01-08,Warranty,3,2282.17,10,USD,Canceled,Online
ORD-203764,C10207,,27 Jul 2023,Service Plan,1,3678.15,10,GBP,Canceled,Online
ORD-202636,C10185,1HGCM88N100143,2024/03/11,Warranty,3,"$1,313.80",15%,GBP,Completed,online
ORD-200763,C11011,1HGCM35J100243,2023/12/04,Service Plan,1,4248.41,,usd,Pending,Dealer
ORD-201521,C10287,,2023-12-09,Vehicle,1,4427.29,15%,USD,COMPLETED,Phone
ORD-201807,C10202,1HGCM53A100130,2023-08-12,Vehicle,1,384.63,0,EUR,COMPLETED,online
ORD-201089,C10424,1HGCM16P100145,"Feb 11, 2023",Warranty,3,1896.19,10,USD,Pending,online
ORD-200385,C10728,1HGCM10Q100068,2023-11-07,Vehicle,1,1918.41,0.1,EUR,shipped,Phone
ORD-202437,C11119,1HGCM25K100088,2024-01-14,Vehicle,2,948.24,,USD,Shipped,Dealer
ORD-202330, c11410,,2023-02-09,Accessories,1,"$3,832.64",,usd,Canceled,Phone
ORD-202049,C11104,1HGCM71V100619,07 Sep 2023,Accessories,3,473.15,0,usd,Cancelled,Phone
ORD-203692,C98507,1HGCM68J100139,2024-04-24,Warranty,1,1957.82,15%,USD,Pending,Phone
ORD-200201,C11112,1HGCM22U100540,2023-07-18,Warranty,4,$89.24,10,USD,Cancelled,Phone
ORD-202501,C11338,1HGCM85L100089,2023/06/02,Service Plan,1,4345.68,0,usd,Cancelled,Dealer
ORD-201874,C11340,1HGCM51V100515,2024/04/22,Accessories,4,748.27,10,USD,Pending,Online
ORD-201648,C10500,1HGCM35L100271,03 Nov 2023,Parts,1,4295.92,0,USD,Pending,Dealer
ORD-203457,C10945,1HGCM52J100789,"Mar 06, 2024",Parts,3,805.27,0.1,USD,COMPLETED,Online
ORD-200830,C10318,1HGCM39T100669,2023-07-25,Service Plan,1,3011.14,10,USD,completed,Phone
ORD-201261,C11218,,2024-05-10,Service Plan,3,2169.45,15%,USD,COMPLETED,Online
ORD-201625,C10522,1HGCM97D100367,2024-03-23,Warranty,3,"$2,107.72",15%,EUR,Cancelled,Phone
ORD-201014,C10004,1HGCM37A100494,2024-05-03,Vehicle,4,3548.88,5,USD,Completed,Online
ORD-200542,C10047,,10/21/2023,Accessories,1,2488.98,0,usd,COMPLETED,Dealer
ORD-202570,C11427,1HGCM45O100430,2023-09-02,Accessories,1,4169.49,10,usd,COMPLETED,online
ORD-201823,C11103,1HGCM62Y100570,2023-07-31,Warranty,1,755.32,5,EUR,Completed,Phone
ORD-201408,C10502,1HGCM33J100685,2024-07-10,Accessories,2,747.21,15%,GBP,completed,Online
ORD-202354,C90354,1HGCM16S100018,"Jan 07, 2024",Vehicle,1,2296.13,10,USD,Canceled,Dealer
ORD-200669,C11149,1HGCM71Z100727,28-07-2024,Vehicle,3,2277.24,5,EUR,Cancelled,Online
ORD-202132,C97325,1HGCM16C100288,2023-09-06,Service Plan,1,2082.58,,EUR,Pending,Dealer
ORD-202926,C10519,1HGCM61Y100544,2024-08-09,Parts,3,662.45,0,USD,COMPLETED,Dealer
ORD-203745,C10943,1HGCM74M100844,2024-01-11,Accessories,1,3385.43,5,USD,shipped,Phone
ORD-203866,C11247,,05/19/2023,Warranty,1,935.88,0.1,USD,shipped,Online
ORD-201297,C10225,1HGCM24Y100752,2023-06-11,Vehicle,1,521.49,0.1,USD,COMPLETED,Online
ORD-203315,C11133,1HGCM96X100205,2024-08-19,Service Plan,3,"$1,438.91",10,GBP,Pending,Dealer
ORD-202522,C11315,1HGCM10W100594,02-07-2023,Warranty,1,3680.86,15%,usd,Pending,Phone
ORD-202170,C10271,1HGCM63I100476,2023-09-18,Accessories,1,296.11,5,USD,Cancelled,online
ORD-200308, c11439,1HGCM26L100219,2024-02-15,Service Plan,2,"$2,182.48",,usd,Pending,online
ORD-201516,C10240,1HGCM30B100183,2023-04-06,Accessories,2,1964.81,5,USD,Completed,Online
ORD-201731,C10776,1HGCM78C100860,2023-06-12,Service Plan,1,"$2,705.66",15%,EUR,shipped,online
ORD-203592,C10171,1HGCM25K100088,2023-08-22,Accessories,1,3718.36,0,GBP,Cancelled,Online
ORD-203559,C10125,1HGCM29X100361,12/10/2023,Parts,1,4555.45,0.1,EUR,Shipped,Phone
ORD-201677,C10689,1HGCM35Y100258,2024-01-24,Warranty,1,3618.38,0.1,GBP,Cancelled,Online
ORD-201204,C10889,1HGCM60L100479,2023-12-07,Parts,3,"$1,785.85",15%,EUR,Pending,Phone
ORD-203811,C11210,1HGCM40D100029,2023-02-14,Accessories,3,128.89,,USD,completed,online
ORD-202013,C10332,1HGCM73Q100770,2024-03-15,Service Plan,1,2745.07,0,GBP,Pending,Dealer
ORD-202905,C10068,1HGCM28C100236,2023-10-05,Service Plan,3,757.52,0,GBP,Pending,Phone
ORD-203565,C11022,1HGCM42W100698,2024-05-03,Vehicle,1,1618.57,15%,USD,completed,Phone
ORD-201090,C10365,,26 Jun 2023,Vehicle,4,4770.32,,EUR,Completed,Online
ORD-203895,C11034,1HGCM86A100286,2023-05-26,Vehicle,1,"$2,672.85",0,USD,completed,Dealer
ORD-203850,C10649,1HGCM29M100714,28-10-2023,Service Plan,1,588.17,0.1,EUR,Cancelled,Phone
ORD-204001,C10334,1HGCM29E100862,2023-01-23,Vehicle,1,1401.48,5,GBP,completed,Dealer
ORD-200341,C11307,1HGCM35J100243,2024-02-18,Vehicle,1,540.85,0.1,EUR,Pending,Online
ORD-203313,C10585,1HGCM58H100137,2024-01-05,Vehicle,1,3243.57,,usd,completed,online
ORD-203863,C10434,1HGCM67B100547,12/05/2023,Warranty,1,,5,EUR,shipped,Dealer
ORD-203223,C11284,,29 Dec 2023,Warranty,3,$540.05,0.1,USD,Canceled,Phone
ORD-202157,C10740,1HGCM32V100801,18-01-2024,Service Plan,1,3357.75,0.1,USD,Shipped,Online
ORD-201106,C11290,1HGCM21L100713,2023-11-12,Service Plan,4,3501.93,10,EUR,Completed,Phone
ORD-203634,C10167,1HGCM15I100450,"Apr 26, 2024",Accessories,1,4072.06,15%,USD,shipped,Online
ORD-202400,C10087,1HGCM87A100624,15-01-2023,Warranty,3,1819.51,0,GBP,Cancelled,Phone
ORD-203602,C10291,,2023-07-16,Warranty,3,695.40,,USD,Pending,online
ORD-201716,C11203,1HGCM76Z100103,2023-12-10,Warranty,1,4457.06,15%,usd,Completed,online
ORD-203393,C10888,1HGCM64P100171,2023-09-21,Parts,2,1818.11,0.1,usd,Pending,Online
ORD-203194,C10135,1HGCM31I100632,05/20/2023,Service Plan,1,1178.87,15%,usd,Cancelled,Phone
ORD-203453,C10278,,2023-04-21,Accessories,1,2619.53,15%,usd,completed,Phone
ORD-200068,C10325,,2023/12/12,Parts,1,2410.42,15%,EUR,Cancelled,Dealer
ORD-201896,C11035,1HGCM28W100152,2023-05-03,Parts,1,4156.18,15%,USD,shipped,Online
ORD-201147,C10017,,2023/03/18,Service Plan,3,4462.57,0,USD,Canceled,Dealer
ORD-203700,C11192,1HGCM13J100841,2024-01-24,Warranty,1,"$4,307.89",5,EUR,completed,Dealer
ORD-200936,C10666,1HGCM88O100014,2023-12-22,Parts,1,3335.67,0.1,EUR,Canceled,Phone
ORD-201410,C11428,1HGCM28Y100700,2023-05-25,Service Plan,4,"$4,094.34",0,USD,Cancelled,Online
ORD-200930,C11280,,2023-03-06,Accessories,1,4603.31,10,EUR,Pending,Dealer
ORD-203498,C10090,1HGCM73R100329,2024-01-13,Service Plan,1,3322.33,15%,usd,completed,Online
ORD-201280,C10497,1HGCM13R100069,2023-10-26,Parts,1,"$3,916.78",,USD,completed,Online
ORD-203390,C11203,1HGCM77Z100259,2023-05-14,Accessories,1,"$1,324.79",,USD,Cancelled,Online
ORD-202778,C11443,,2023/07/17,Vehicle,1,2053.56,15%,GBP,completed,online
ORD-203985,C10905,1HGCM98I100814,"May 10, 2024",Vehicle,1,"$4,411.44",0.1,USD,Pending,online
ORD-200335,C10987,1HGCM51N100013,2023-09-22,Accessories,1,4268.48,15%,USD,Completed,Phone
ORD-203976,C11307,1HGCM34B100599,2024-05-21,Accessories,1,2433.34,5,GBP,Pending,online
ORD-202390,C11284,1HGCM31E100836,2023-07-23,Accessories,2,2185.58,10,USD,Canceled,Phone
ORD-200689,C10164,,2023-06-05,Service Plan,1,3667.94,0.1,USD,completed,Dealer
ORD-200127,C10065,1HGCM23T100279,2023-11-12,Parts,2,1791.46,,USD,Pending,Dealer
ORD-203260,C10693,1HGCM97E100160,2023-11-02,Warranty,2,4472.02,0.1,USD,completed,Online
ORD-203564,C11291,,08/11/2024,Vehicle,2,3949.78,15%,usd,Completed,online
ORD-200803,C10531,1HGCM24J100529,2023-08-16,Parts,1,4052.61,15%,USD,Cancelled,online
ORD-202051,C10918,1HGCM54F100837,2023-05-14,Service Plan,2,836.26,10,USD,Completed,online
ORD-203463,C10410,1HGCM77H100579,2024-07-14,Accessories,1,3681.52,15%,USD,Pending,Online
ORD-203158,C10577,1HGCM27A100598,2023-01-26,Parts,3,4703.82,,USD,shipped,Online
ORD-202610,C11063,1HGCM46L100635,2023-05-05,Parts,2,"$3,441.48",,GBP,Canceled,Phone
ORD-203034,C10952,1HGCM90F100005,2023/07/19,Vehicle,1,"$3,444.22",10,USD,Pending,Dealer
ORD-201508,C10114,1HGCM81P100613,"Jun 07, 2023",Service Plan,1,210.41,0,usd,shipped,Online
ORD-202359, c10719,1HGCM87Z100363,2024-06-02,Vehicle,1,2575.22,0.1,USD,shipped,online
ORD-200317,C10282,,19 May 2024,Warranty,2,1794.15,0,USD,COMPLETED,Dealer
ORD-201480,C10453,1HGCM55Y100804,2023-03-14,Parts,1,2461.56,0.1,USD,completed,Phone
ORD-203713,C11288,1HGCM16F100863,2023-07-02,Vehicle,1,2465.55,10,USD,Pending,Phone
ORD-201418,C11494,1HGCM92Y100362,2024-02-01,Warranty,4,"$3,420.63",0,USD,Completed,Phone
ORD-202255,C10571,1HGCM62B100417,2024/06/21,Vehicle,3,184.35,,USD,Canceled,Dealer
ORD-201077,C10950,1HGCM20B100079,2023-04-28,Warranty,1,$218.57,15%,GBP,Completed,Online
ORD-204073,C10427,,2024-07-29,Vehicle,2,417.03,0,GBP,Canceled,online
ORD-200180,C93098,1HGCM78B100053,2024-01-07,Service Plan,2,1935.46,10,USD,shipped,Phone
ORD-200323,C11356,1HGCM34B100131,2023-08-27,Vehicle,2,2131.32,5,USD,Shipped,Online
ORD-202662,C10165,,2024-07-09,Service Plan,1,659.12,5,GBP,completed,Dealer
ORD-200351,C10922,1HGCM90K100816,2023-05-28,Vehicle,1,1149.90,10,USD,Shipped,Dealer
ORD-200448,C10753,1HGCM98I100814,26-04-2024,Service Plan,1,$716.65,10,USD,Pending,Online
ORD-203620,C10323,1HGCM79X100179,2023-03-04,Vehicle,1,2060.72,5,usd,completed,Online
ORD-200998,C11383,1HGCM97L100583,2023/03/24,Vehicle,1,2646.10,15%,usd,COMPLETED,Phone
ORD-202884,C11140,1HGCM94E100212,2024-08-09,Vehicle,1,4215.29,5,GBP,Canceled,Online
ORD-204098,C11292,1HGCM70X100569,26-06-2024,Service Plan,1,4345.34,5,EUR,shipped,online
ORD-203387,C10301,,2023-07-17,Accessories,2,"$4,172.60",0,USD,shipped,Online
ORD-200693,C10138,1HGCM28A100078,07/26/2024,Parts,4,3030.02,10,USD,completed,Dealer
ORD-202627,C10917,,2023-05-08,Accessories,4,429.83,0.1,USD,Completed,Phone
ORD-200822,C10766,1HGCM98G100266,"Jan 16, 2024",Warranty,1,4680.78,10,USD,shipped,online
ORD-201792,C11193,1HGCM26L100219,2023-09-03,Warranty,2,233.57,15%,EUR,shipped,online
ORD-203149,C11315,1HGCM87I100060,2023-04-02,Vehicle,4,1812.68,,USD,Pending,Phone
ORD-204047,C10189,1HGCM27O100066,2023/08/28,Warranty,4,3466.53,10,usd,completed,Dealer
ORD-200713,C10646,,2023-11-16,Accessories,3,3124.79,,USD,COMPLETED,Online
ORD-201182,C10392,1HGCM15U100878,2023-04-03,Vehicle,3,1188.80,5,usd,Cancelled,Dealer
ORD-201223,C11317,1HGCM86Y100622,2024-01-09,Warranty,4,"$3,774.79",0,GBP,Cancelled,Online
ORD-203525,C11493,1HGCM16P100145,"Jun 19, 2023",Accessories,1,1433.91,15%,GBP,Pending,Phone
ORD-200275,C10678,1HGCM57U100358,2024-01-13,Vehicle,2,2543.58,15%,USD,shipped,online
ORD-201141,C11199,1HGCM48L100817,2024-05-26,Warranty,1,"$3,058.54",,EUR,Completed,Dealer
ORD-202186,C11283,1HGCM83H100371,10/07/2023,Service Plan,3,363.61,0,USD,COMPLETED,Phone
ORD-201796,C11088,1HGCM34I100398,2023-08-25,Service Plan,1,$53.81,10,USD,Pending,Dealer
ORD-200766,C11308,1HGCM46T100357,2024-06-27,Parts,2,4202.07,5,USD,Shipped,Online
ORD-201060,C11185,1HGCM22J100191,2024-04-16,Accessories,1,4476.26,10,usd,Shipped,online
ORD-201499,C11128,,08/09/2024,Service Plan,1,307.26,5,EUR,completed,Dealer
ORD-200956,C10760,1HGCM22S100252,2023-08-25,Warranty,3,4505.22,0,EUR,Shipped,Online
ORD-200462,C10811,1HGCM17Y100466,26 Dec 2023,Accessories,4,1136.89,15%,usd,COMPLETED,Online
ORD-202117,C10859,1HGCM94D100185,2023-03-07,Accessories,1,,0,USD,completed,online
ORD-200616,C11113,,"Oct 31, 2023",Vehicle,4,"$1,671.89",0,EUR,COMPLETED,Dealer
ORD-203906,C10993,,2023-12-10,Service Plan,3,3034.06,,USD,Cancelled,online
ORD-201177,C10397,1HGCM53E100550,2024-04-23,Parts,3,2010.99,0,USD,completed,Dealer
ORD-201386,C10932,1HGCM33K100166,2023-10-19,Vehicle,1,"$1,251.82",5,usd,Pending,online
ORD-203141,C10943,1HGCM98M100558,2023-07-28,Warranty,4,1669.05,5,GBP,Canceled,Online
ORD-200923,C10132,,2023-11-01,Accessories,1,1485.32,,GBP,Cancelled,Dealer
ORD-203016,C10608,1HGCM56G100292,14-05-2024,Service Plan,2,4180.59,5,EUR,shipped,Dealer
ORD-200244,C10009,1HGCM34M100896,2023-07-18,Service Plan,2,4328.23,0,USD,shipped,Phone
ORD-200219,C10246,1HGCM80C100548,2024-06-07,Accessories,1,1134.67,0.1,USD,Canceled,online
ORD-200214,C10557,,2023-01-30,Service Plan,4,"$1,014.66",5,USD,Canceled,Online
ORD-200415,C11380,1HGCM29N100507,2024-05-22,Vehicle,1,2939.86,,USD,Completed,online
ORD-201679,C11010,1HGCM57U100358,2023-09-05,Vehicle,3,3002.49,0,USD,Completed,online
ORD-201016,C11032,1HGCM25E100056,25-10-2023,Parts,4,$526.86,10,GBP,Canceled,Phone
ORD-202160,C10595,1HGCM82Z100389,2024-05-02,Vehicle,2,3133.85,0,USD,Completed,Online
ORD-202965,C11040,,2023-12-19,Service Plan,4,2743.99,10,usd,COMPLETED,Dealer
ORD-202536,C10306,,2023-01-29,Warranty,1,2858.04,0.1,usd,completed,Dealer
ORD-202326,C11487,1HGCM60U100072,2023-05-14,Service Plan,1,3923.75,0.1,USD,Cancelled,Online
ORD-202445,C10399,1HGCM63I100476,2024-04-06,Service Plan,1,979.21,10,EUR,completed,Online
ORD-203346,C11351,1HGCM94V100879,2023-07-17,Parts,1,134.38,10,USD,Pending,online
ORD-203799,C10227,,28-04-2024,Vehicle,4,1391.82,0,USD,completed,Phone
ORD-203980,C10292,1HGCM36B100287,2023-04-07,Warranty,3,3950.29,15%,GBP,shipped,Dealer
ORD-202509,C10562,1HGCM54X100829,2024/02/24,Parts,3,2714.95,,GBP,shipped,Phone
ORD-201001,C11225,1HGCM75U100488,2024-04-17,Vehicle,1,1528.15,0.1,EUR,COMPLETED,Online
ORD-201643,C10919,1HGCM43M100324,23-09-2023,Warranty,3,4548.90,0,USD,shipped,Dealer
ORD-200884,C11204,1HGCM19Y100232,18 Apr 2024,Service Plan,2,2095.52,5,usd,Cancelled,online
ORD-203910,C10145,1HGCM81Y100336,"Jul 28, 2023",Accessories,2,"$2,818.10",5,EUR,Pending,Dealer
ORD-200760,C10116,1HGCM44X100127,2024-08-01,Warranty,1,"$4,082.41",0,usd,shipped,Online
ORD-203310,C11277,1HGCM48W100256,"Sep 22, 2023",Vehicle,1,1166.06,15%,usd,Cancelled,Phone
ORD-201345,C10078,,2024-05-05,Service Plan,2,3582.01,0.1,GBP,shipped,Phone
ORD-202851,C10870,1HGCM77M100662,"Apr 29, 2023",Accessories,1,4788.05,0.1,GBP,Pending,Dealer
ORD-200589,C10184,1HGCM48T100383,2024-03-14,Vehicle,2,4759.62,,EUR,Cancelled,online
ORD-201577,C10811,1HGCM74H100787,08-02-2023,Service Plan,1,2339.30,,EUR,COMPLETED,Phone
ORD-201120,C10228,1HGCM61I100320,19-07-2024,Parts,1,375.74,10,EUR,Shipped,Online
ORD-202589,C10406,1HGCM91Z100493,2023-06-22,Warranty,1,678.11,,usd,Shipped,Online
ORD-203278,C10529,1HGCM12K100738,12/31/2023,Accessories,1,4176.92,15%,usd,COMPLETED,Phone
ORD-203996,C11348,1HGCM51N100793,03/24/2023,Service Plan,1,2793.75,0,GBP,Shipped,Dealer
ORD-202118,C10989,1HGCM51T100643,2023-09-06,Accessories,4,3032.76,0,GBP,completed,Phone
ORD-202214,C10115,1HGCM73Q100770,04/16/2024,Parts,1,4388.64,15%,USD,Pending,online
ORD-203762,C10075,1HGCM14D100081,2024-01-15,Service Plan,3,$138.92,10,GBP,shipped,Online
ORD-202714,C10519,1HGCM61X100101,2023-03-17,Accessories,4,626.94,10,usd,Canceled,Dealer
ORD-200515,C10455,1HGCM21L100843,2023-11-13,Parts,1,$69.61,0,usd,Pending,Phone
ORD-203901,C10490,,08 Apr 2023,Vehicle,1,3817.58,5,EUR,Canceled,Online
ORD-202139,C10538,1HGCM52V100333,22 Mar 2024,Accessories,3,2423.54,5,GBP,COMPLETED,online
ORD-202715,C10891,1HGCM18C100158,2023-12-27,Warranty,1,,5,USD,Shipped,online
ORD-200824,C11447,1HGCM38D100003,2024-04-04,Service Plan,1,,5,USD,Canceled,online
ORD-200622,C10149,1HGCM70P100093,2024-01-20,Parts,3,365.30,,usd,Pending,Online
ORD-201545,C10709,1HGCM84K100504,2024-03-10,Parts,1,577.22,5,EUR,Shipped,Online
ORD-200381,C11208,1HGCM31P100535,21-04-2023,Vehicle,1,$859.01,5,USD,Completed,online
ORD-202261, c11347,1HGCM71U100852,2024-05-31,Vehicle,4,2535.65,5,EUR,shipped,online
ORD-203810,C10288,,"Aug 30, 2023",Service Plan,2,2101.75,0.1,USD,Pending,online
ORD-202247,C11099,1HGCM64M100506,2024-03-02,Parts,1,"$4,471.40",0.1,EUR,Shipped,Phone
ORD-204003,C10578,1HGCM14D100081,2024-01-23,Parts,1,575.52,0.1,GBP,Canceled,Online
ORD-203460,C10544,1HGCM32Y100518,"Aug 23, 2024",Service Plan,1,4167.30,5,USD,Cancelled,Dealer
ORD-203302,C10103,1HGCM87O100534,2023/04/09,Warranty,2,435.43,15%,USD,shipped,Online
ORD-202959,C10517,1HGCM77I100710,2024-04-10,Accessories,1,3868.32,10,usd,shipped,Dealer
ORD-203533,C10132,1HGCM27P100587,14 Jan 2023,Warranty,1,$939.36,15%,usd,shipped,Phone
ORD-204013,C11407,1HGCM81R100433,2024-05-24,Vehicle,2,1269.36,15%,usd,Shipped,Online
ORD-203341, c10188,1HGCM37X100751,2023-05-25,Service Plan,1,2491.87,0,USD,completed,online
ORD-204152,C10987,,2023-08-08,Warranty,1,2797.96,0.1,USD,Shipped,online
ORD-202177,C10778,,2023-09-24,Accessories,1,2240.96,0.1,USD,Cancelled,Phone
ORD-203103,C10577,1HGCM22W100854,2023-02-22,Service Plan,1,914.79,5,usd,Pending,Dealer
ORD-203154,C11055,1HGCM61Y100674,2023-08-17,Accessories,1,2694.00,,EUR,Shipped,Online
ORD-203114,C11418,1HGCM61Y100544,01-08-2024,Service Plan,2,3054.07,0,usd,Canceled,Phone
ORD-203520,C11257,1HGCM64P100405,2024-04-26,Parts,1,4484.97,,USD,COMPLETED,Online
ORD-200992,C10763,1HGCM59F100187,09/30/2023,Parts,3,$329.61,15%,GBP,Shipped,Phone
ORD-200653,C95756,1HGCM99A100676,2023-03-24,Vehicle,4,2339.96,0.1,USD,Completed,Phone
ORD-201763,C10664,,2023-06-23,Vehicle,1,3274.28,,USD,Pending,Online
ORD-204035,C10550,1HGCM98V100385,2024-05-28,Warranty,4,171.32,15%,usd,COMPLETED,Phone
ORD-200442,C10477,1HGCM86K100582,2024-01-15,Warranty,3,1762.89,10,EUR,Cancelled,Online
ORD-201560,C11136,1HGCM34I100528,2023-06-14,Parts,1,2249.51,15%,USD,shipped,Online
ORD-201445,C10153,1HGCM62Q100614,20 Dec 2023,Accessories,1,3468.01,5,EUR,Cancelled,Phone
ORD-201967,C11091,1HGCM88T100175,2023-01-12,Warranty,4,576.80,0,USD,Canceled,Online
ORD-201461,C10681,1HGCM98G100890,2023-04-18,Service Plan,1,"$2,534.22",15%,GBP,COMPLETED,Dealer
ORD-202282,C11281,1HGCM35Q100042,10/02/2023,Accessories,1,2710.05,,EUR,completed,online
ORD-203856,C10974,1HGCM87D100419,2024-04-29,Warranty,1,"$1,351.30",0.1,EUR,shipped,online
ORD-200896,C10441,,2023-10-10,Vehicle,1,1419.27,0.1,EUR,Cancelled,Online
ORD-200079,C10348,1HGCM17I100034,2024-01-02,Warranty,3,772.58,10,USD,Cancelled,Dealer
ORD-202271,C10690,1HGCM38D100575,2024-06-05,Service Plan,3,"$2,874.29",0,usd,Canceled,online
ORD-202752,C11443,1HGCM60Q100172,2023-10-08,Vehicle,3,3883.52,,usd,COMPLETED,online
ORD-202052,C11259,1HGCM90S100330,21 Apr 2023,Vehicle,4,892.16,,GBP,Shipped,Online
ORD-202478,C11479,1HGCM64M100506,2024-06-09,Service Plan,2,2956.48,,USD,Completed,Dealer
ORD-204078,C11097,1HGCM35Y100258,2023-01-04,Warranty,1,3835.64,,USD,Shipped,Phone
ORD-201043,C10804,1HGCM44B100703,2023-02-26,Vehicle,4,1051.24,0,USD,shipped,Phone
ORD-201424,C11227,,2023-08-10,Warranty,1,4038.15,0.1,EUR,Pending,Phone
ORD-203423,C10539,1HGCM82Z100389,2024-06-18,Accessories,1,"$1,232.92",0,USD,Cancelled,online
ORD-202200,C10106,1HGCM23A100546,05-08-2024,Service Plan,2,2965.21,5,GBP,Cancelled,Phone
ORD-202588,C10217,1HGCM12J100035,12/05/2023,Vehicle,3,,0,usd,Pending,Online
ORD-200231,C10808,1HGCM27P100587,2024-04-20,Parts,3,2467.15,,GBP,Cancelled,Online
ORD-201260,C10463,1HGCM44P100197,2024-02-22,Warranty,2,4650.76,15%,usd,Canceled,online
ORD-202911,C10651,1HGCM87D100419,2024-04-11,Accessories,1,1153.54,0,EUR,Completed,Dealer
ORD-201959,C10148,1HGCM72H100865,2023-08-02,Vehicle,4,3292.41,0.1,USD,Pending,Online
ORD-203062,C10186,1HGCM69J100659,2024-01-26,Vehicle,1,2444.77,,USD,Shipped,Phone
ORD-204014,C10432,1HGCM26S100200,2023-09-19,Vehicle,2,"$2,889.58",15%,USD,COMPLETED,Phone
ORD-201407,C11090,1HGCM66T100851,2023-07-28,Warranty,1,3335.33,,USD,Canceled,Phone
ORD-200011,C11285,1HGCM14O100846,2023-10-27,Parts,4,2961.77,10,EUR,Shipped,Phone
ORD-201538,C10192,1HGCM49I100086,2023-03-05,Parts,1,4614.65,10,USD,Canceled,Dealer
ORD-200493,C10389,1HGCM28Y100180,08/28/2023,Warranty,3,2959.58,10,USD,shipped,Dealer
ORD-203395,C11494,1HGCM19G100188,2024-08-19,Vehicle,1,2720.75,0,USD,Cancelled,Phone
ORD-202150,C10567,,2023-04-21,Accessories,3,1878.99,,EUR,shipped,Online
ORD-202422, c11213,1HGCM41X100491,2023-05-18,Accessories,1,"$4,024.25",10,USD,Shipped,Dealer
ORD-203626,C10060,,03 Mar 2024,Parts,1,2118.94,0,USD,COMPLETED,Dealer
ORD-202441,C10021,1HGCM42F100707,2024/02/02,Parts,1,$559.05,,USD,completed,Online
ORD-200091,C10123,1HGCM17M100090,2023-12-18,Parts,3,"$3,448.21",,GBP,completed,Phone
ORD-200694,C10290,,2023-05-01,Service Plan,1,465.12,0.1,USD,Completed,Phone
ORD-203865,C11005,1HGCM84Q100120,2023-06-30,Vehicle,3,"$1,342.86",0.1,USD,shipped,Phone
ORD-202233,C10586,1HGCM13G100110,2023-10-23,Accessories,2,"$1,669.26",0,USD,Pending,Phone
ORD-200585,C10723,1HGCM92V100775,2023-11-21,Warranty,1,4614.74,0,USD,Shipped,Online
ORD-201709,C11401,,2024-04-04,Accessories,1,3585.61,15%,GBP,Shipped,Dealer
ORD-200410,C10242,1HGCM65M100402,11/19/2023,Parts,3,1858.10,0.1,USD,Canceled,Online
ORD-203276,C11233,1HGCM15U100644,08-02-2023,Accessories,1,1259.98,15%,USD,Canceled,online
ORD-204007,C10187,1HGCM49I100086,2024-06-04,Service Plan,1,"$4,235.07",0.1,USD,Canceled,online
ORD-204128,C10496,,2023-07-27,Parts,2,1061.87,0.1,EUR,Completed,Online
ORD-201363,C11202,1HGCM14D100081,03/23/2023,Accessories,1,3985.41,0,USD,shipped,Online
ORD-201944,C11156,1HGCM83D100679,13 Jun 2023,Accessories,1,4178.31,15%,usd,Completed,Phone
ORD-203519,C10894,1HGCM61Y100674,20-08-2023,Parts,1,1031.48,0,USD,Cancelled,Dealer
ORD-201170,C10018,1HGCM32K100114,"Sep 25, 2023",Warranty,4,210.72,10,GBP,Canceled,online
ORD-201999,C10294,,2023-08-21,Vehicle,1,362.06,,usd,Completed,Dealer
ORD-203471,C10321,1HGCM31X100387,2024-01-10,Vehicle,1,120.81,10,USD,COMPLETED,Online
ORD-202871,C10210,1HGCM65F100161,2024-02-19,Vehicle,1,"$3,467.47",0,USD,Pending,online
ORD-203882,C10348,1HGCM36E100290,2023-04-20,Accessories,3,1407.06,0.1,USD,Pending,Phone
ORD-200010,C10095,,"Aug 05, 2023",Parts,4,959.51,0.1,EUR,Canceled,Dealer
ORD-201256,C10768,1HGCM18C100158,2024-08-19,Vehicle,3,3338.96,0,usd,COMPLETED,Phone
ORD-201062,C10571,,2023-12-30,Service Plan,1,"$3,547.14",0,USD,Pending,Online
ORD-201654,C10278,1HGCM88F100317,2024-01-11,Warranty,2,3214.26,15%,USD,completed,Online
ORD-201909,C10011,1HGCM21L100713,2024-01-30,Warranty,1,3933.72,10,usd,completed,Phone
ORD-204008,C10372,1HGCM42U100384,2023-10-12,Accessories,3,$223.81,,USD,Completed,Phone
ORD-200098,C11383,,2023-02-02,Vehicle,3,3145.94,0.1,USD,Completed,Online
ORD-203226,C10030,1HGCM55P100249,2023-08-01,Warranty,2,"$1,576.00",0,usd,Completed,Online
ORD-201188,C11051,1HGCM97E100160,2024-01-18,Warranty,2,4181.47,5,USD,Pending,Phone
ORD-204123,C10429,1HGCM91F100603,"Aug 21, 2024",Warranty,1,2465.35,,USD,completed,Dealer
ORD-200202,C10832,,03-02-2024,Parts,1,380.15,0.1,usd,completed,Online
ORD-201630,C10717,,2024-02-16,Accessories,3,"$3,280.56",0,usd,Completed,Online
ORD-200332,C10424,,2024-07-26,Vehicle,1,3003.59,0,USD,Shipped,Online
ORD-201315,C10628,,2024-05-01,Vehicle,2,2368.50,15%,EUR,shipped,Online
ORD-200046,C10609,,2024-03-02,Accessories,1,3212.03,0,USD,Cancelled,Phone
ORD-202906,C11449,1HGCM32C100756,2024-05-16,Service Plan,1,3181.32,0,USD,Canceled,online
ORD-203311,C10548,1HGCM47H100475,25-03-2024,Vehicle,4,2571.66,5,USD,shipped,Dealer
ORD-201238,C10246,1HGCM90B100209,2023-09-11,Warranty,1,4629.41,0.1,USD,Cancelled,Online
ORD-202758,C10595,1HGCM86Y100622,2023-03-01,Warranty,1,792.80,0,USD,COMPLETED,Phone
ORD-200126,C11234,1HGCM19Y100232,2024-06-01,Accessories,1,2839.31,,GBP,Cancelled,Online
ORD-202604,C10843,1HGCM22W100854,02-10-2023,Accessories,4,614.36,0,USD,shipped,Phone
ORD-201658,C11494,,07/23/2024,Service Plan,1,3000.96,0,GBP,Cancelled,Dealer
ORD-202876,C10839,1HGCM22U100540,20-04-2023,Parts,1,862.96,10,USD,Cancelled,online
ORD-201939,C11016,1HGCM52J100789,2023-04-29,Accessories,4,45.47,0.1,usd,Completed,online
ORD-200277,C11026,1HGCM12D100549,2024-06-25,Accessories,4,712.34,0,usd,Completed,Online
ORD-200584,C11181,1HGCM39D100731,2023-07-24,Vehicle,1,3466.04,15%,USD,Canceled,Dealer
ORD-203653,C10031,1HGCM57W100412,2023-04-09,Warranty,2,"$4,019.47",5,USD,COMPLETED,Phone
ORD-203478,C10845,1HGCM53H100267,2024-01-29,Service Plan,1,3505.45,0.1,USD,Cancelled,Online
ORD-201595,C10496,1HGCM69J100659,2024-04-12,Accessories,2,"$1,392.31",5,USD,Cancelled,online
ORD-201162,C11383,1HGCM52Q100666,2023-06-17,Warranty,1,3925.66,10,usd,Canceled,Dealer
ORD-204138,C10492,1HGCM77K100400,2024-03-02,Parts,3,2148.95,0,USD,shipped,Dealer
ORD-203749,C10697,1HGCM78H100033,2024-01-06,Vehicle,2,2019.56,,GBP,Completed,Phone
ORD-202931,C11136,1HGCM87O100534,2023-09-25,Service Plan,1,4179.40,10,GBP,COMPLETED,Dealer
ORD-203240,C10895,,2023-06-07,Vehicle,1,1355.84,0.1,USD,Shipped,Phone
ORD-203220,C10382,1HGCM56G100292,2023-03-03,Parts,1,98.49,10,GBP,shipped,Phone
ORD-200578,C10900,1HGCM57B100391,2023-12-16,Vehicle,1,2702.98,5,usd,Completed,Online
ORD-200551,C10724,1HGCM91Z100493,2023/01/06,Vehicle,1,4033.08,0,usd,COMPLETED,Phone
ORD-202380,C10544,1HGCM92G100760,2024-04-01,Vehicle,2,1372.16,0,EUR,Pending,Online
ORD-200820,C10807,1HGCM72N100741,2024-03-28,Parts,1,404.64,0,EUR,Pending,Dealer
ORD-201871,C11101,1HGCM41M100246,2023-10-12,Vehicle,1,1890.10,10,USD,Pending,Dealer
ORD-202892,C11489,,2024-01-22,Warranty,1,1053.96,0.1,usd,Shipped,Online
ORD-202413,C10933,1HGCM44O100664,2024-07-22,Warranty,2,1674.73,,GBP,Completed,Online
ORD-201388,C10950,1HGCM67Q100536,2023-07-21,Service Plan,4,2839.63,15%,EUR,Completed,Dealer
ORD-201798,C10563,1HGCM13W100074,2024-07-13,Vehicle,1,3711.14,0,USD,COMPLETED,Phone
ORD-202857,C10326,1HGCM72N100091,2024-02-10,Accessories,1,614.60,10,USD,COMPLETED,Online
ORD-204117,C10154,1HGCM62H100657,2023-11-22,Warranty,4,4359.76,15%,USD,Pending,online
ORD-202191,C10731,1HGCM43E100654,"Jan 19, 2024",Service Plan,1,$809.74,5,USD,Cancelled,online
ORD-202426,C10111,1HGCM81L100739,2024-01-05,Vehicle,4,122.82,,USD,shipped,Dealer
ORD-202068,C11450,,2023-06-19,Service Plan,1,3412.71,15%,usd,Canceled,Online
ORD-201302,C11263,1HGCM62H100657,2023-12-21,Warranty,2,4262.25,15%,GBP,Pending,Dealer
ORD-203831,C10257,1HGCM94W100750,2023-12-24,Service Plan,2,"$3,944.47",15%,USD,Cancelled,Dealer
ORD-201977,C10179,1HGCM49O100248,2023-08-05,Parts,1,592.53,5,usd,Completed,Online
ORD-200726, c10993,1HGCM59T100019,2023-11-12,Vehicle,4,3087.01,10,USD,shipped,Dealer
ORD-203500,C10254,1HGCM44K100010,2023-02-01,Service Plan,4,3707.14,15%,USD,Shipped,Phone
ORD-201313,C10388,1HGCM15F100109,2024-07-25,Accessories,1,1371.37,15%,EUR,COMPLETED,online
ORD-202530,C11247,,2024-07-20,Warranty,1,$217.27,10,EUR,Pending,Online
ORD-202797,C10631,1HGCM92Y100362,2023-09-06,Warranty,1,705.25,15%,usd,completed,Online
ORD-203760,C10192,,2024-01-27,Accessories,1,3460.67,0.1,USD,Canceled,online
ORD-203735,C11461,1HGCM78C100418,2023-02-07,Accessories,1,3157.84,0,GBP,COMPLETED,online
ORD-200170,C10251,1HGCM93B100807,2023-11-08,Vehicle,2,"$3,308.68",0,EUR,completed,Online
ORD-203849,C11355,1HGCM21T100409,2023-04-22,Vehicle,1,2061.26,0,USD,completed,Phone
ORD-201569,C11247,,2024-02-24,Accessories,3,3050.00,,GBP,completed,Dealer
ORD-200265,C11341,1HGCM70D100055,2023-11-16,Service Plan,1,3642.47,,usd,Canceled,Online
ORD-203548,C10306,1HGCM96N100845,2023-07-13,Service Plan,4,951.41,10,GBP,Completed,Phone
ORD-201191,C10086,1HGCM98V100645,2024-07-26,Vehicle,4,"$1,617.01",0,USD,Shipped,Online
ORD-200018,C10328,1HGCM35X100621,2024/05/10,Service Plan,1,4375.86,,USD,completed,online
ORD-203772,C11151,,"Sep 16, 2023",Parts,2,439.63,5,USD,Canceled,Dealer
ORD-200620,C11390,1HGCM17Y100466,2023-01-10,Vehicle,3,4771.34,0.1,EUR,Canceled,Online
ORD-202557,C10227,1HGCM61F100291,2024-07-03,Service Plan,3,"$4,733.58",10,GBP,Shipped,Dealer
ORD-203938,C10580,1HGCM33V100853,2023-07-08,Accessories,1,4649.08,10,EUR,Completed,Online
ORD-200160,C10262,,2023-07-05,Parts,4,60.24,10,USD,Cancelled,Dealer
ORD-200426,C10224,1HGCM66T100851,2023-01-29,Accessories,1,1626.65,15%,USD,completed,Online
ORD-201226,C11446,1HGCM95Q100640,2024-05-22,Service Plan,3,"$3,550.46",10,USD,Cancelled,online
ORD-202950,C11126,1HGCM58I100554,2024-05-14,Parts,2,3994.03,,EUR,Pending,Phone
ORD-202244,C10372,1HGCM97Y100284,2023-11-09,Vehicle,2,1761.49,0.1,EUR,Pending,Dealer
ORD-200530,C10036,,"Aug 23, 2024",Accessories,1,3702.46,5,USD,completed,Phone
ORD-202641,C11346,,2024-07-24,Warranty,3,1914.58,5,usd,Completed,Online
ORD-202909,C10200,,2024-03-12,Accessories,3,2207.79,,USD,Canceled,Dealer
ORD-202295,C11232,,01/08/2024,Service Plan,1,"$4,313.85",,usd,shipped,Online
ORD-202725,C11232,1HGCM45G100474,2023-05-17,Service Plan,3,249.56,,USD,Shipped,online
ORD-200409,C10077,1HGCM62L100765,2023-10-02,Accessories,2,1167.92,,GBP,Cancelled,online
ORD-203332,C10187,1HGCM94Z100467,10-09-2023,Accessories,3,1477.12,15%,EUR,completed,Phone
ORD-200965,C11294,,2024-03-01,Warranty,1,1149.29,,EUR,Pending,Dealer
ORD-202331,C11091,1HGCM76M100792,2024-05-22,Accessories,1,"$1,952.04",5,USD,completed,Phone
ORD-201456,C10998,1HGCM72P100275,2024-05-18,Vehicle,4,1668.33,10,usd,completed,Phone
ORD-202817,C10491,,02 Jan 2024,Accessories,1,2837.37,0.1,USD,Canceled,Phone
ORD-203569,C10096,1HGCM40I100684,2024-01-29,Service Plan,4,4026.71,15%,EUR,COMPLETED,online
ORD-203779,C11277,1HGCM77K100400,2023-01-21,Warranty,1,96.21,5,USD,Shipped,Dealer
ORD-200615,C10766,1HGCM89W100568,01-11-2023,Service Plan,1,"$2,131.71",,GBP,Pending,Dealer
ORD-203977,C10454,1HGCM62Y100570,2024-03-10,Vehicle,1,2225.73,0.1,USD,COMPLETED,Phone
ORD-201706,C11212,1HGCM12D100549,"Jul 24, 2024",Accessories,1,"$3,670.73",0.1,GBP,Pending,Phone
ORD-201114,C10616,,2023-01-03,Accessories,3,"$1,559.18",10,USD,Cancelled,Online
ORD-201911,C10980,1HGCM61G100370,2023-05-17,Warranty,3,3372.30,,USD,Shipped,Dealer
ORD-204103,C11380,,2024-04-16,Vehicle,2,4631.27,10,GBP,completed,Phone
ORD-204112,C11438,,2023-01-07,Service Plan,1,4435.83,0.1,usd,COMPLETED,Dealer
ORD-201998,C10287,1HGCM57U100358,2023-01-03,Service Plan,3,$461.20,15%,USD,Shipped,online
ORD-202008,C10366,1HGCM13B100729,2024-05-25,Vehicle,1,3027.46,0.1,EUR,COMPLETED,Phone
ORD-203057,C11008,1HGCM55P100249,2023/11/11,Vehicle,2,4470.53,10,EUR,shipped,Dealer
ORD-202669,C10186,1HGCM43I100502,06/30/2024,Service Plan,4,2530.35,0,usd,Pending,Phone
ORD-201741,C11309,1HGCM23H100605,2024-08-03,Accessories,1,2862.49,15%,USD,Canceled,Phone
ORD-201564,C11093,1HGCM73C100028,2023-06-02,Vehicle,1,3632.07,5,USD,Pending,Phone
ORD-203466,C11065,1HGCM90W100282,2024-07-22,Service Plan,2,2492.12,10,USD,Pending,Phone
ORD-202540,C10579,1HGCM12K100738,2023-05-06,Parts,1,3435.53,10,USD,Cancelled,online
ORD-200108,C10898,1HGCM25A100416,2024-01-13,Parts,1,1091.31,0.1,usd,Shipped,Online
ORD-201980,C10961,1HGCM98G100890,2023-08-18,Parts,3,"$4,711.16",0,USD,COMPLETED,Online
ORD-201338,C10672,1HGCM58M100038,2023-08-06,Accessories,1,4136.25,5,USD,Pending,Phone
ORD-200612,C11010,1HGCM18W100542,2023-11-03,Vehicle,2,247.16,0,USD,Pending,Dealer
ORD-200051,C10582,1HGCM71R100043,2023/04/08,Warranty,1,88.02,5,usd,Canceled,Online
ORD-203452,C10927,,2023-05-01,Warranty,1,3902.31,0.1,EUR,shipped,online
ORD-201248,C10026,,2023-01-25,Warranty,2,1061.31,0.1,GBP,Cancelled,Phone
ORD-201320,C10727,1HGCM38D100003,2023-05-22,Service Plan,1,3393.06,,usd,Cancelled,Phone
ORD-200063,C10672,1HGCM43Z100571,2024-07-02,Accessories,1,702.85,,USD,shipped,Online
ORD-201646,C95604,1HGCM61M100376,2023-02-05,Service Plan,3,2735.47,,USD,COMPLETED,Phone
ORD-203090,C11142,1HGCM84Q100848,2023-09-01,Vehicle,1,2883.02,0.1,USD,Cancelled,online
ORD-200592,C10093,1HGCM86I100242,2024-08-10,Accessories,4,,0.1,usd,Canceled,Online
ORD-202600,C10578,1HGCM55K100348,2023-09-09,Parts,1,"$1,943.12",0.1,EUR,Canceled,online
ORD-202221,C11319,,2024-05-26,Warranty,1,377.28,5,USD,Cancelled,Dealer
ORD-201317,C11483,1HGCM41J100061,2024-08-06,Parts,3,2966.27,5,USD,shipped,Phone
ORD-202561,C11067,1HGCM98Z100207,2024-06-06,Accessories,1,3688.93,5,usd,Completed,Online
ORD-200072,C10712,,2024-08-02,Service Plan,1,3525.81,10,USD,shipped,online
ORD-201029,C10730,1HGCM72D100341,2023-07-19,Service Plan,1,377.47,0,EUR,COMPLETED,online
ORD-203918,C10314,1HGCM94Q100146,2023-02-17,Accessories,1,1763.64,10,EUR,Canceled,Online
ORD-200424,C11304,,03/20/2023,Service Plan,1,3439.77,5,usd,shipped,Online
ORD-202580,C10944,1HGCM55R100745,2023-03-30,Warranty,1,3596.88,0,USD,Cancelled,Dealer
ORD-203409,C11299,1HGCM64P100171,16-08-2024,Warranty,4,2169.25,15%,USD,Pending,Online
ORD-200804,C10879,1HGCM15K100608,21 Jun 2023,Warranty,1,3714.35,5,usd,shipped,Dealer
ORD-202754,C10222,1HGCM54M100012,12/27/2023,Vehicle,1,$366.91,5,USD,Pending,Online
ORD-200463,C11453,1HGCM28Y100700,2024-03-29,Service Plan,1,4231.27,10,usd,COMPLETED,Dealer
ORD-201165,C11480,1HGCM10Q100068,2024-02-26,Service Plan,1,2697.26,,USD,Completed,Phone
ORD-202421,C11419,,31 Dec 2023,Vehicle,4,4784.54,,GBP,Pending,Online
ORD-202199,C11440,1HGCM84K100504,09/11/2023,Service Plan,1,3989.87,0.1,USD,Cancelled,online
ORD-203261,C11279,1HGCM39Z100441,"Sep 21, 2023",Vehicle,4,766.05,,EUR,COMPLETED,Online
ORD-203233,C10583,1HGCM66X100257,2023-10-30,Parts,4,1171.55,15%,USD,COMPLETED,Online
ORD-202184,C10621,1HGCM91F100603,2024-06-11,Warranty,1,1908.55,0,EUR,completed,Phone
ORD-200520,C10537,1HGCM86K100582,2024-02-09,Warranty,1,462.66,5,USD,shipped,Online
ORD-203018,C10282,1HGCM58C100210,2023-04-09,Accessories,1,4792.64,10,EUR,shipped,Dealer
ORD-201505,C10493,1HGCM70E100134,2023-10-14,Accessories,2,2972.96,0.1,USD,Canceled,online
ORD-202347,C10393,1HGCM81R100433,"Sep 07, 2023",Vehicle,3,1466.71,0.1,GBP,Shipped,Online
ORD-200052,C10661,1HGCM67Y100492,2024-02-14,Parts,3,2800.50,0,USD,shipped,Dealer
ORD-200203,C97839,1HGCM98G100890,2024-06-11,Warranty,4,3780.16,,USD,Completed,Dealer
ORD-200094,C11303,1HGCM73P100743,2023-08-13,Warranty,2,1590.93,15%,USD,Shipped,Phone
ORD-200280,C10370,1HGCM78F100473,2023-11-23,Accessories,1,4398.86,0.1,GBP,Shipped,Online
ORD-203161,C11482,1HGCM22L100245,2023-07-15,Warranty,1,3684.31,5,GBP,Cancelled,Phone
ORD-203410,C97101,1HGCM62B100417,2024-05-23,Accessories,2,403.93,15%,USD,Canceled,Online
ORD-202396,C11073,1HGCM94E100212,2023-11-16,Warranty,4,819.28,10,USD,completed,Online
ORD-203624,C11385,1HGCM38U100124,05/31/2024,Parts,4,2960.85,,USD,shipped,Phone
ORD-202100,C10994,1HGCM94E100212,03/10/2023,Service Plan,1,831.15,0,USD,Shipped,Dealer
ORD-200548,C10048,,2024/04/15,Vehicle,1,3997.62,5,USD,completed,Phone
ORD-201199,C10366,,2024-03-12,Parts,3,$592.80,10,USD,shipped,Online
ORD-203705,C10846,1HGCM74B100833,2023-07-19,Parts,4,4026.23,0.1,EUR,shipped,Dealer
ORD-202135,C11289,,2023-11-15,Warranty,1,564.09,0,USD,Completed,online
ORD-200047,C10455,1HGCM39D100731,2023-09-27,Accessories,1,584.64,0.1,usd,completed,Online
ORD-201869,C10762,1HGCM22Q100198,2023-06-07,Service Plan,2,1108.84,10,USD,Canceled,Dealer
ORD-200024,C10165,1HGCM71G100864,2024-07-20,Parts,1,"$3,085.90",10,USD,Cancelled,online
ORD-202374,C11081,1HGCM48T100383,2023-11-17,Warranty,4,934.90,0.1,USD,Cancelled,online
ORD-202685,C10611,,2023-06-16,Warranty,1,810.01,10,usd,Completed,Phone
ORD-203199,C10269,1HGCM27W100308,08/02/2024,Service Plan,1,4695.61,15%,USD,Canceled,Online
ORD-201398,C11438,1HGCM57V100827,2023-04-14,Warranty,4,3773.18,0,GBP,Shipped,online
ORD-200976,C11202,,2023-04-28,Service Plan,1,2107.36,0,USD,Shipped,Online
ORD-203241,C11376,1HGCM62O100586,2024-03-27,Vehicle,3,75.05,5,USD,COMPLETED,online
ORD-201582,C10011,1HGCM56C100704,2024-03-03,Vehicle,2,2268.01,15%,GBP,Completed,Dealer
ORD-203915,C10332,1HGCM34B100495,2023-10-20,Vehicle,1,"$4,250.98",0.1,USD,COMPLETED,Online
ORD-200111,C10597,1HGCM98V100645,2023-11-29,Accessories,3,3550.39,0.1,EUR,Pending,Dealer
ORD-202183,C10190,1HGCM17Y100466,2023-12-29,Service Plan,3,1142.68,5,EUR,COMPLETED,Online
ORD-200406,C11028,,2024-08-15,Vehicle,4,1046.50,0,USD,completed,Dealer
ORD-200914,C10973,,2024-02-21,Accessories,3,4293.34,5,usd,Pending,Dealer
ORD-204104,C11471,1HGCM87N100663,2023-10-08,Parts,1,3518.46,0.1,GBP,shipped,Dealer
ORD-201409,C10888,1HGCM76G100318,2023-06-16,Service Plan,3,3502.53,5,USD,Canceled,Phone
ORD-201971,C10200,,2024-04-11,Warranty,1,651.40,15%,EUR,Completed,Dealer
ORD-200959,C10544,1HGCM48K100764,2023/11/10,Accessories,1,3813.62,10,USD,COMPLETED,Dealer
ORD-200747,C10960,1HGCM56C100704,2024-07-31,Accessories,2,4797.27,15%,EUR,Canceled,online
ORD-200941,C11078,,2023-11-09,Service Plan,3,4330.90,15%,EUR,Completed,online
ORD-202187,C10308,1HGCM88K100530,2023-09-03,Warranty,2,307.58,0.1,USD,Pending,Phone
ORD-200868,C11103,1HGCM22W100178,01/23/2023,Service Plan,2,1522.58,0,EUR,Canceled,Phone
ORD-202991,C11053,1HGCM73Q100770,"May 19, 2024",Accessories,1,2402.40,15%,USD,Completed,online
ORD-203632,C10741,1HGCM43Q100302,2023-02-26,Service Plan,3,4719.35,,USD,Shipped,Online
ORD-201852,C10800,1HGCM52R100277,2023-03-02,Vehicle,1,2403.60,10,GBP,Completed,Online
ORD-202657,C10718,,2023-09-07,Vehicle,2,"$3,213.53",10,GBP,Canceled,Dealer
ORD-202565,C10737,1HGCM64P100405,2023-12-01,Parts,1,216.99,15%,EUR,completed,Online
ORD-202128,C10530,1HGCM24C100600,2024-04-08,Vehicle,1,3552.98,0,USD,Canceled,online
ORD-203931,C10195,1HGCM43J100893,29 May 2024,Vehicle,1,1065.40,,EUR,Shipped,Dealer
ORD-201659,C10983,1HGCM87A100624,2024-08-08,Vehicle,1,2105.64,15%,EUR,completed,Online
ORD-200165,C11472,1HGCM16F100863,2023-11-03,Warranty,1,1301.67,0,USD,completed,Dealer
ORD-202094,C10842,1HGCM35K100478,2023-12-14,Parts,4,4572.20,,EUR,completed,Phone
ORD-200511,C10201,1HGCM55Y100804,2023-04-22,Warranty,4,"$2,824.41",0.1,USD,COMPLETED,online
ORD-202660,C10625,,2024-06-07,Service Plan,4,1141.17,0,USD,shipped,Online
ORD-203377,C10500,1HGCM51D100315,2024-01-18,Vehicle,4,"$3,528.55",,usd,shipped,online
ORD-202619,C11310,1HGCM13R100095,24 Mar 2023,Parts,4,1508.83,0,USD,Pending,Online
ORD-201189,C10690,1HGCM53D100809,2023-06-01,Parts,1,362.48,,GBP,completed,Online
ORD-204180,C11380,1HGCM21N100455,03-08-2023,Service Plan,1,4016.54,0,GBP,completed,online
ORD-200737,C10910,1HGCM79D100627,"Apr 21, 2023",Warranty,1,,0,EUR,Completed,Dealer
ORD-200101,C10559,1HGCM13V100411,2023-03-30,Warranty,4,$61.16,10,USD,completed,Phone
ORD-202761,C10689,,2023-03-08,Vehicle,1,1782.81,0.1,USD,Canceled,Dealer
ORD-203834,C10936,1HGCM71V100619,2023-10-20,Warranty,1,3016.00,0.1,USD,Shipped,online
ORD-201697,C11088,1HGCM76N100403,2023-04-28,Service Plan,3,1635.88,,USD,Completed,Phone
ORD-202606,C10666,,2023-02-13,Accessories,2,3088.37,,GBP,completed,online
ORD-201623,C10370,,2024-05-19,Service Plan,2,2148.62,0,usd,Completed,online
ORD-202568,C10755,1HGCM75Z100155,2023-03-01,Parts,1,1376.90,,EUR,Cancelled,online
ORD-201296,C10093,1HGCM35A100338,2024-04-13,Vehicle,2,3693.18,5,EUR,Shipped,Phone
ORD-203350,C11270,,2023-08-01,Service Plan,1,$83.76,,usd,shipped,online
ORD-203026,C10806,1HGCM61H100293,2023/05/02,Warranty,1,4158.71,5,USD,Pending,online
ORD-202251,C10251,,2023-11-23,Vehicle,3,3875.28,15%,USD,shipped,Online
ORD-200372,C10996,1HGCM89O100612,2023-04-14,Warranty,1,2570.80,10,USD,completed,Online
ORD-202474,C11373,1HGCM44W100334,"Jan 03, 2023",Accessories,3,3036.12,10,USD,COMPLETED,Phone
ORD-200569,C10491,1HGCM35T100487,"Feb 21, 2023",Vehicle,4,1771.29,15%,USD,shipped,Dealer
ORD-200035,C10050,,09/27/2023,Warranty,1,726.97,0,usd,completed,Phone
ORD-200812,C11482,1HGCM98V100385,2023-02-21,Parts,4,1095.61,15%,EUR,Shipped,Dealer
ORD-201836,C11362,,2023-05-23,Service Plan,1,2004.21,0,GBP,Completed,Dealer
ORD-203015,C10815,1HGCM99U100592,2023-06-16,Parts,1,360.94,0,EUR,Completed,Online
ORD-201467,C11453,1HGCM89T100097,2024-02-02,Warranty,1,845.64,,EUR,Shipped,Phone
ORD-201597,C11375,,05 Oct 2023,Warranty,2,4355.29,0,EUR,COMPLETED,Dealer
ORD-202267,C10681,1HGCM27W100308,2023-04-24,Accessories,1,3455.76,,USD,Pending,online
ORD-202014,C11338,1HGCM37T100747,2023-09-24,Warranty,4,2122.35,0.1,GBP,Shipped,Dealer
ORD-200875,C11219,1HGCM64Q100692,2024-04-17,Warranty,4,$865.41,10,USD,Shipped,Phone
ORD-203011,C11320,1HGCM98U100176,2024/02/20,Warranty,1,2252.00,0.1,USD,Canceled,Online
ORD-200943,C10788,,2024-05-12,Warranty,1,835.66,0.1,USD,completed,Phone
ORD-203398,C11079,1HGCM22J100191,2023-04-04,Service Plan,2,1573.55,10,USD,Completed,online
ORD-201178,C10345,1HGCM14I100346,2023-08-21,Warranty,2,3567.67,,USD,shipped,online
ORD-201755,C10537,1HGCM63N100819,2024-07-11,Warranty,3,3050.43,10,usd,COMPLETED,online
ORD-203367,C11014,1HGCM44P100197,2023-01-11,Warranty,3,$677.36,0,EUR,Completed,Phone
ORD-202613,C11312,1HGCM35O100898,2024-03-30,Parts,2,2694.00,,GBP,Pending,Dealer
ORD-203690,C10727,1HGCM44P100899,2023-02-14,Vehicle,3,2554.49,10,usd,Cancelled,Phone
ORD-201159,C10381,1HGCM15D100757,2023-03-21,Warranty,3,1535.14,,GBP,COMPLETED,Online
ORD-201788,C11482,1HGCM23F100031,2023-07-22,Vehicle,1,3425.43,0.1,EUR,COMPLETED,Phone
ORD-202459,C10211,1HGCM48T100383,"May 06, 2024",Vehicle,1,"$4,425.14",10,USD,COMPLETED,Online
ORD-201851,C10604,1HGCM17H100007,2023-02-16,Accessories,2,3919.12,0.1,USD,Shipped,Phone
ORD-202481,C10747,1HGCM84X100049,02 Jun 2024,Accessories,1,4357.44,15%,USD,Cancelled,online
ORD-200197,C10226,1HGCM54F100837,2023-06-10,Warranty,4,778.47,,usd,COMPLETED,Phone
ORD-202449,C10154,1HGCM94Q100146,2023-05-03,Accessories,1,315.98,0.1,GBP,Canceled,Online
ORD-200899,C10401,,2024-01-12,Vehicle,4,1548.92,0,USD,Shipped,Dealer
ORD-203364,C11250,1HGCM46F100889,2024-08-05,Parts,1,"$2,639.71",5,USD,shipped,Dealer
ORD-203206,C11245,1HGCM68F100447,2024-04-19,Vehicle,1,2068.97,0.1,EUR,COMPLETED,Dealer
ORD-202147,C10092,1HGCM60U100072,2023-07-25,Parts,4,"$4,570.38",0,USD,Pending,Dealer
ORD-202151,C10268,1HGCM96N100845,03/28/2023,Parts,1,"$3,242.30",15%,GBP,completed,Phone
ORD-203739,C10130,1HGCM72P100275,2023-03-13,Accessories,1,352.85,0,USD,COMPLETED,Online
ORD-201431,C11209,1HGCM35O100898,2023-09-12,Parts,1,158.26,15%,USD,Shipped,Phone
ORD-202675,C11197,1HGCM18X100855,2024/08/23,Accessories,1,2583.58,0.1,USD,shipped,Dealer
ORD-202766,C10486,1HGCM51Y100440,2024-05-07,Accessories,3,"$2,986.26",,GBP,shipped,online
ORD-200186,C10756,1HGCM81T100227,2024-01-21,Service Plan,4,1787.89,0.1,USD,completed,Phone
ORD-203554,C10410,1HGCM89P100327,2024-08-20,Parts,1,$248.01,,GBP,shipped,Phone
ORD-201049,C91110,1HGCM74U100150,2024-05-28,Warranty,3,2490.54,0.1,USD,Shipped,Dealer
ORD-201685,C11163,1HGCM43J100893,2023-08-17,Accessories,1,$487.43,0.1,USD,Canceled,Dealer
ORD-202260,C11219,1HGCM16F100785,2024-02-12,Service Plan,3,"$2,755.26",0,EUR,shipped,online
ORD-201136,C10706,1HGCM13R100069,2024-06-30,Warranty,1,244.05,0.1,USD,Pending,Online
ORD-202756,C11343,1HGCM21S100408,2024-08-08,Vehicle,1,1868.18,5,GBP,Shipped,Phone
ORD-203837,C10587,1HGCM21L100843,2023-11-01,Service Plan,4,"$2,104.12",5,USD,Pending,Dealer
ORD-202543,C10733,,04/12/2023,Parts,2,1130.21,15%,EUR,Canceled,online
ORD-200863,C10418,1HGCM56J100737,01/13/2023,Vehicle,1,1241.22,0,GBP,shipped,online
ORD-203777,C10144,1HGCM67Y100492,2024-04-26,Warranty,1,3941.70,5,USD,shipped,Online
ORD-201943,C11344,,07/23/2024,Vehicle,2,676.48,5,USD,Canceled,Online
ORD-201671,C11003,1HGCM17M100610,"Jun 30, 2024",Parts,1,"$4,668.70",15%,GBP,Completed,Phone
ORD-201362,C10350,1HGCM51T100643,2023-09-12,Service Plan,4,1986.96,0,USD,Shipped,online
ORD-202277,C10263,1HGCM19P100639,25-03-2023,Vehicle,1,3871.23,15%,GBP,COMPLETED,Phone
ORD-200540,C11131,,2023-02-20,Accessories,4,"$1,189.93",5,usd,Canceled,online
ORD-200805,C11384,1HGCM55R100537,05/01/2024,Vehicle,4,3374.69,,USD,Completed,online
ORD-200177,C11276,1HGCM84Q100848,2023-09-26,Warranty,3,2500.17,0,USD,shipped,Online
ORD-202573,C11456,1HGCM98D100497,2023/05/16,Warranty,3,1219.09,0.1,USD,Completed,online
ORD-202968,C11365,1HGCM70W100880,2024-08-03,Accessories,1,2945.58,,USD,completed,online
ORD-202083,C11121,1HGCM28X100543,25 Jul 2023,Accessories,1,499.23,,GBP,Canceled,Online
ORD-200598,C10117,,2023/10/26,Warranty,4,4780.06,10,USD,completed,Dealer
ORD-204096,C10984,,2023-09-20,Warranty,1,1751.25,,GBP,Canceled,online
ORD-203272,C10034,1HGCM53S100642,2023-05-31,Service Plan,1,3578.00,5,GBP,Canceled,Phone
ORD-201153,C10641,1HGCM46X100595,2023-10-14,Parts,2,3840.22,0.1,USD,shipped,Phone
ORD-201660,C11211,1HGCM90W100438,2023-05-24,Vehicle,1,"$2,795.39",,USD,Pending,Phone
ORD-201653,C10326,1HGCM58E100316,2023-12-08,Parts,4,"$1,387.82",0.1,USD,shipped,Dealer
ORD-201721,C10577,1HGCM96X100205,06 Jan 2024,Accessories,2,2971.66,5,GBP,Completed,Phone
ORD-203088,C11208,1HGCM35X100621,2024-07-19,Service Plan,3,1845.14,10,USD,completed,Phone
ORD-200109,C10361,1HGCM98I100814,2024-05-12,Parts,1,3772.40,0,USD,completed,online
ORD-204004,C11457,1HGCM10K100036,2023-02-21,Vehicle,3,1366.48,,USD,Pending,Dealer
ORD-201218,C11443,1HGCM85L100089,2024/06/06,Vehicle,3,2933.71,0.1,USD,Shipped,online
ORD-201403,C11051,1HGCM37T100721,2024/05/13,Vehicle,1,"$3,930.84",,USD,Pending,Phone
ORD-203683,C11155,1HGCM53D100809,2023-10-02,Parts,4,655.49,0,USD,Cancelled,Online
ORD-203769,C10981,1HGCM60D100263,2023-05-08,Vehicle,1,"$3,569.12",0.1,USD,COMPLETED,online
ORD-200032,C10435,1HGCM40D100029,2023-03-13,Accessories,1,,,GBP,COMPLETED,Dealer
ORD-202407,C11127,,2023-07-17,Accessories,4,3480.75,10,GBP,Shipped,Dealer
ORD-201365,C10486,,2024-01-24,Parts,1,4074.67,0,USD,COMPLETED,online
ORD-202514,C11342,1HGCM55B100001,2023-06-03,Vehicle,4,2574.00,5,EUR,Canceled,Online
ORD-201873,C10697,1HGCM66A100468,2024-03-16,Service Plan,1,"$4,575.08",,usd,completed,Online
ORD-203876,C11283,1HGCM46L100635,2024-02-05,Warranty,1,,,USD,COMPLETED,Dealer
ORD-201535,C10320,1HGCM43I100502,07/20/2023,Parts,1,2443.11,10,usd,Completed,Dealer
ORD-203825,C10899,,2023-04-08,Service Plan,1,4066.23,15%,USD,Pending,Dealer
ORD-202595,C11265,1HGCM44P100041,2024-04-02,Warranty,4,$200.53,0,GBP,Cancelled,Online
ORD-202820,C11137,1HGCM91Z100493,2024-07-26,Warranty,1,1254.17,15%,EUR,completed,Online
ORD-203840,C10451,1HGCM59S100772,2023-06-16,Accessories,1,181.26,15%,EUR,Completed,Phone
ORD-203696,C10266,,2023-08-22,Service Plan,1,4562.04,0,USD,Canceled,Dealer
ORD-203298,C10998,1HGCM26H100059,2023-11-06,Vehicle,1,1732.76,0,USD,Completed,Online
ORD-203678,C11009,1HGCM68P100873,2023-08-10,Vehicle,1,2821.04,0.1,GBP,Cancelled,Phone
ORD-203988,C11442,,2024-03-30,Parts,3,2198.65,15%,USD,Shipped,Phone
ORD-201958,C11390,1HGCM81Y100414,2023-10-02,Service Plan,2,2955.27,0.1,USD,Cancelled,online
ORD-202792,C11209,,"Mar 29, 2024",Accessories,4,1743.62,,USD,COMPLETED,Phone
ORD-202176,C10168,,"May 20, 2024",Parts,1,3580.77,10,USD,shipped,online
ORD-202316,C11203,1HGCM77I100710,"Jul 24, 2023",Accessories,4,4440.48,10,EUR,shipped,Phone
ORD-203496,C10160,1HGCM97Y100284,2024-05-22,Parts,1,775.49,10,USD,Cancelled,Online
ORD-201355,C11238,1HGCM74M100428,2023-03-25,Accessories,4,2862.90,0,USD,shipped,Phone
ORD-200618,C11115,1HGCM26G100214,2024-08-18,Parts,1,$179.41,,GBP,completed,online
ORD-201769,C10624,1HGCM69M100350,2023-10-14,Service Plan,1,1306.86,,EUR,COMPLETED,Phone
ORD-200790,C90069,1HGCM23J100295,2023-05-27,Service Plan,1,"$1,266.06",10,USD,completed,Phone
ORD-201650,C10717,1HGCM75U100488,01-04-2023,Accessories,1,1437.46,10,USD,Completed,Online
ORD-203049,C10669,1HGCM36B100287,20 May 2023,Service Plan,1,,15%,USD,Pending,Phone
ORD-204057,C10277,1HGCM18E100446,2023-04-24,Warranty,1,"$4,782.49",0,usd,Cancelled,Dealer
ORD-202306,C10289,1HGCM13J100841,2023-12-20,Warranty,3,1289.57,5,USD,completed,online
ORD-201983,C10853,1HGCM96H100527,2023-12-26,Accessories,2,995.84,15%,USD,shipped,Online
ORD-202283,C10899,1HGCM62H100657,2023-10-13,Service Plan,3,502.94,10,GBP,Shipped,Online
ORD-200609,C11453,1HGCM42L100011,2023-06-16,Service Plan,2,818.16,15%,EUR,shipped,Dealer
ORD-202114,C10292,1HGCM95G100656,2023-01-26,Parts,4,4381.95,10,USD,Pending,Dealer
ORD-202268,C10432,1HGCM91O100144,2024-04-12,Service Plan,2,3039.67,,USD,Completed,Online
ORD-203052,C10620,1HGCM76B100313,11/28/2023,Accessories,1,3593.87,0,EUR,shipped,Phone
ORD-203784, c11032,1HGCM32T100591,01-06-2023,Parts,4,2617.73,5,EUR,Cancelled,Phone
ORD-201681,C11196,1HGCM16E100108,2023-09-02,Warranty,1,1418.23,5,USD,Pending,Dealer
ORD-200759,C11348,1HGCM93C100522,2024-05-23,Parts,1,2623.30,0,USD,Completed,online
ORD-201299,C10153,,2024-04-26,Parts,4,2243.81,15%,GBP,Shipped,Dealer
ORD-203070,C10993,1HGCM75B100781,2023-08-01,Service Plan,1,211.56,15%,USD,COMPLETED,Dealer
ORD-200729,C11462,1HGCM95Q100640,2023-08-19,Service Plan,1,606.81,,USD,completed,online
ORD-200732,C10513,1HGCM87P100457,23 Jul 2024,Parts,1,$557.18,0,USD,COMPLETED,Online
ORD-203581,C10843,,2023-02-19,Accessories,4,4163.91,10,usd,Pending,Phone
ORD-200183,C11279,1HGCM65C100470,2024/06/09,Parts,2,1154.73,0.1,usd,Pending,Online
ORD-200190,C10377,1HGCM18C100158,2023-08-19,Service Plan,1,2965.45,0.1,USD,completed,Phone
ORD-202205,C10177,1HGCM50Y100128,2023-04-07,Parts,2,118.92,0.1,USD,Completed,Dealer
ORD-201886, c10291,1HGCM86Z100519,2024-01-05,Accessories,3,597.50,0.1,USD,Cancelled,online
ORD-201128,C10743,1HGCM77X100673,05-03-2024,Vehicle,3,$497.35,0,USD,Shipped,Phone
ORD-202552,C11415,,2023-05-27,Vehicle,3,2655.34,0,EUR,shipped,Phone
ORD-200643,C10350,,07 Apr 2024,Service Plan,4,2907.11,10,usd,Shipped,Dealer
ORD-204127,C11054,1HGCM56M100220,"May 03, 2023",Warranty,1,4183.86,5,USD,shipped,Phone
ORD-201586, c11353,1HGCM76Z100103,2024-01-14,Service Plan,3,3153.00,0.1,GBP,Pending,Phone
ORD-202175,C10072,1HGCM98W100100,2023-02-13,Accessories,2,4100.44,0,USD,Canceled,Online
ORD-200594,C10976,,2024-02-17,Parts,3,2944.40,10,USD,Shipped,Online
ORD-201392,C10909,,2024-02-01,Service Plan,2,2297.32,,EUR,Shipped,online
ORD-201206,C11288,1HGCM77Y100206,28-04-2024,Vehicle,1,$114.21,15%,usd,Pending,Online
ORD-202345,C10050,1HGCM12J100269,11 Feb 2024,Parts,2,4547.08,10,EUR,Completed,online
ORD-203694,C10242,1HGCM43Y100050,2024-08-08,Service Plan,3,3372.47,10,USD,COMPLETED,online
ORD-202639,C10939,1HGCM87H100631,02/09/2024,Accessories,3,624.07,,usd,Canceled,online
ORD-201533,C10657,1HGCM98Y100648,2024-05-20,Vehicle,1,3760.56,,GBP,COMPLETED,Dealer
ORD-200631,C11057,1HGCM54L100297,2023-07-12,Parts,2,4662.31,,USD,COMPLETED,online
ORD-203681,C11258,1HGCM44K100894,2024-07-13,Vehicle,4,4643.80,0,USD,Pending,Online
ORD-201736,C10960,1HGCM61G100370,2024-03-20,Vehicle,1,180.62,5,USD,shipped,Online
ORD-202729,C11394,,2023-02-24,Vehicle,1,1645.10,15%,USD,shipped,Online
ORD-203812,C10652,1HGCM71I100294,27-11-2023,Service Plan,1,4011.50,15%,USD,Completed,Dealer
ORD-200389,C11261,1HGCM37L100037,2024-08-17,Parts,4,1371.93,10,GBP,COMPLETED,Online
ORD-202442,C10748,,"Jan 10, 2023",Warranty,4,3710.74,0,usd,COMPLETED,Dealer
ORD-204068,C10700,1HGCM62S100226,2024-06-08,Warranty,1,2441.09,10,EUR,COMPLETED,online
ORD-201997,C11393,1HGCM61G100630,2023-10-01,Accessories,1,3819.80,15%,USD,COMPLETED,Phone
ORD-201964,C10477,,"Jun 13, 2024",Parts,1,$551.56,0.1,USD,shipped,Dealer
ORD-201330,C11319,1HGCM55K100348,2024-06-03,Accessories,1,4349.08,0,USD,COMPLETED,Phone
ORD-202655,C11220,1HGCM84P100067,21 Mar 2024,Warranty,4,1334.35,15%,USD,Pending,Dealer
ORD-203601,C10797,1HGCM55V100749,2024-02-19,Accessories,1,206.51,15%,USD,shipped,Phone
ORD-200870,C10596,1HGCM12D100549,2024-03-22,Warranty,1,-1203.39,,usd,Shipped,Dealer
ORD-201963,C11174,1HGCM67Z100701,2023-05-24,Service Plan,4,-167.41,10,USD,shipped,Dealer
ORD-200074,C11119,1HGCM38I100268,27 May 2023,Accessories,1,1710.01,0,USD,Canceled,Phone
ORD-203823,C11009,1HGCM26G100214,2024-01-03,Accessories,3,3482.44,,USD,Pending,Online
ORD-202764,C10703,,2024-05-09,Accessories,3,$563.09,0,EUR,Completed,Online
ORD-203828,C10338,1HGCM44K100894,2024-03-16,Service Plan,1,1501.39,15%,EUR,COMPLETED,online
ORD-202829,C10198,,2023-12-08,Accessories,4,4587.81,5,USD,Shipped,Phone
ORD-203188,C10527,,2023-06-29,Accessories,2,"$3,227.30",,USD,Completed,Online
ORD-202895,C10262,1HGCM79X100179,2023-03-28,Accessories,2,713.25,,USD,completed,Dealer
ORD-201025,C11295,,2023-11-24,Vehicle,1,1304.92,15%,GBP,COMPLETED,online
ORD-203125,C10064,1HGCM61H100449,2023-02-18,Parts,1,3106.22,0.1,usd,Canceled,Phone
ORD-202841,C11135,,2023-03-05,Vehicle,1,2010.69,15%,USD,shipped,Phone
ORD-204080,C10748,1HGCM49O100248,2024-05-06,Warranty,3,3914.97,,usd,Pending,Online
ORD-200168,C10650,1HGCM10U100800,"Jul 11, 2023",Vehicle,2,"$2,388.19",0,EUR,Canceled,Dealer
ORD-203081,C10436,1HGCM22S100252,2024-02-12,Warranty,4,3364.16,,EUR,COMPLETED,online
ORD-200083,C10421,,2024-07-24,Parts,2,3553.93,0.1,usd,Completed,Dealer
ORD-203185,C10445,1HGCM39I100164,2023-11-07,Vehicle,1,4776.70,0.1,USD,shipped,Phone
ORD-200128,C10522,1HGCM62I100138,2024/06/08,Service Plan,3,4152.94,5,EUR,Canceled,Online
ORD-203968,C11003,1HGCM63W100776,2024-04-21,Parts,1,2821.35,10,GBP,Cancelled,Dealer
ORD-201381,C10719,1HGCM84X100049,15-01-2024,Service Plan,1,4455.71,0.1,GBP,Shipped,Phone
ORD-201549,C10956,,2024-04-29,Vehicle,2,4592.31,,usd,Canceled,Phone
ORD-201945,C10649,1HGCM69R100017,2024-08-22,Service Plan,4,"$1,363.68",5,USD,shipped,Online
ORD-203962,C10666,1HGCM28D100237,2024-02-02,Vehicle,1,756.97,0,USD,Cancelled,Phone
ORD-200218,C11298,1HGCM98U100176,2024-07-25,Warranty,1,1198.38,10,USD,shipped,Phone
ORD-201124,C11435,1HGCM42N100325,2023-12-07,Accessories,4,"$3,006.59",15%,USD,completed,Phone
ORD-203838,C11032,,2024-03-01,Vehicle,1,3254.11,10,USD,Shipped,online
ORD-200987,C10936,,"Aug 14, 2024",Vehicle,4,350.45,15%,usd,Pending,Phone
ORD-203429,C10344,1HGCM53O100170,2023-08-14,Vehicle,2,2897.39,15%,GBP,COMPLETED,Phone
ORD-204105,C10446,,2024-04-27,Warranty,1,3261.86,5,USD,Cancelled,Phone
ORD-203488,C10669,1HGCM47H100475,2024-02-25,Accessories,4,2135.68,0,USD,Canceled,Phone
ORD-200163,C10308,1HGCM95G100656,07/01/2023,Parts,4,4391.83,0,USD,Shipped,Phone
ORD-201041,C10535,1HGCM50U100202,2023-03-29,Parts,1,915.60,5,GBP,COMPLETED,Online
ORD-202497,C11209,1HGCM14I100346,2023-07-29,Service Plan,1,3571.04,,GBP,Completed,Phone
ORD-200687,C11113,,2023-05-21,Parts,2,"$3,453.62",15%,GBP,completed,Phone
ORD-203686,C11301,1HGCM49N100351,2024-08-09,Vehicle,1,3643.27,10,EUR,Canceled,Online
ORD-201861,C10294,1HGCM15C100834,2024-07-16,Vehicle,1,124.11,,GBP,Canceled,Dealer
ORD-200345,C10499,1HGCM88T100175,2023-11-17,Vehicle,1,2258.81,5,USD,COMPLETED,Online
ORD-201995,C11299,1HGCM52J100607,03-04-2024,Service Plan,2,1480.43,15%,usd,completed,Online
ORD-200714,C10782,,2024-03-21,Accessories,1,$761.26,5,USD,Canceled,online
ORD-200064,C10422,,"Jan 05, 2023",Service Plan,4,2313.62,5,usd,Shipped,online
ORD-201664,C10158,,2024-06-10,Warranty,3,$957.66,0.1,USD,Completed,Phone
ORD-202706,C11177,1HGCM57W100412,2024-02-21,Accessories,1,,,GBP,COMPLETED,Dealer
ORD-203230,C11027,1HGCM70M100064,2023-08-23,Warranty,1,1089.57,15%,USD,COMPLETED,Phone
ORD-201757,C10758,1HGCM71U100852,2023-06-17,Vehicle,3,4052.39,10,usd,Pending,Online
ORD-202162,C11454,,2023-02-25,Vehicle,1,1448.93,0.1,GBP,shipped,Online
ORD-203231,C10231,1HGCM35B100573,2023-01-24,Accessories,4,,10,USD,COMPLETED,Dealer
ORD-202837,C10531,1HGCM44X100127,2024-07-19,Service Plan,3,2250.95,15%,EUR,shipped,Dealer
ORD-201331,C10954,1HGCM28S100486,2024-01-19,Warranty,1,685.75,,usd,COMPLETED,online
ORD-200261,C10084,,"Apr 17, 2024",Accessories,3,4641.40,,GBP,shipped,Phone
ORD-203562,C10852,1HGCM42U100384,2024-06-19,Accessories,4,2892.22,15%,usd,Canceled,Phone
ORD-200851,C11473,1HGCM12J100035,2023-11-21,Accessories,4,2431.77,0,EUR,shipped,Dealer
ORD-201837,C10200,1HGCM98G100266,2023-12-20,Service Plan,1,"$2,830.96",10,EUR,completed,Online
ORD-200792,C11158,1HGCM75W100126,2023-07-30,Vehicle,2,918.63,0.1,usd,completed,online
ORD-200149,C10153,,2023-04-21,Service Plan,4,2649.94,0,EUR,Cancelled,Dealer
ORD-202929,C10423,,2024-07-19,Warranty,3,"$2,517.39",10,USD,Completed,Dealer
ORD-202529,C10178,1HGCM17M100610,10/16/2023,Vehicle,2,1117.94,15%,GBP,Cancelled,Phone
ORD-203818,C10696,,2023-11-08,Parts,1,712.63,,usd,COMPLETED,Online
ORD-203717,C10738,1HGCM44P100899,08-07-2024,Parts,2,2505.89,0.1,USD,COMPLETED,Phone
ORD-202615,C10446,1HGCM53O100170,2023-04-30,Vehicle,1,3455.38,10,USD,shipped,online
ORD-200153,C11437,,2024/04/07,Warranty,3,"$2,183.70",15%,USD,Pending,Dealer
ORD-201539,C11467,1HGCM94V100879,06 Nov 2023,Vehicle,2,4174.52,0,usd,Canceled,online
ORD-204005,C10255,1HGCM72P100275,"Oct 22, 2023",Parts,4,3481.50,10,EUR,Cancelled,Dealer
ORD-201308,C10188,1HGCM44X100127,02/28/2023,Parts,3,3606.33,5,GBP,Completed,Online
ORD-201083,C10574,,"Jul 22, 2024",Warranty,2,"$4,191.20",15%,USD,Shipped,online
ORD-203251,C10971,,2023-01-26,Accessories,4,448.65,,USD,completed,Dealer
ORD-201305,C10409,1HGCM74F100525,2024-04-21,Warranty,4,3174.81,0,USD,completed,Online
ORD-200313,C10788,1HGCM89P100327,2023-08-18,Parts,3,3178.92,10,usd,COMPLETED,Dealer
ORD-203425,C10773,1HGCM64P100405,2024-08-02,Accessories,1,4019.24,0,USD,Cancelled,online
ORD-200781,C10896,1HGCM32Y100856,27 Apr 2024,Service Plan,1,3791.78,10,EUR,Shipped,Phone
ORD-202717, c10941,1HGCM43E100654,2024-05-21,Parts,4,2835.85,0,USD,shipped,online
ORD-200972,C10287,1HGCM56Q100510,2023/02/14,Parts,1,1744.28,,USD,completed,Phone
ORD-203585,C11102,1HGCM35X100621,2024-05-08,Warranty,2,1993.20,15%,GBP,shipped,online
ORD-203181,C11302,1HGCM14O100846,14-09-2023,Accessories,2,2972.67,15%,usd,COMPLETED,Dealer
ORD-204075,C11311,1HGCM94W100750,2023-01-22,Accessories,1,,0,usd,shipped,Dealer
ORD-202111,C10173,1HGCM88U100514,02/26/2023,Service Plan,1,1111.05,,usd,Shipped,Dealer
ORD-203718,C10003,1HGCM52C100184,2023-05-24,Parts,4,2863.56,,USD,Canceled,Phone
ORD-200743,C10400,1HGCM82A100364,2023-04-10,Parts,4,1205.00,5,USD,completed,Phone
ORD-201938,C11152,1HGCM31I100632,21 Apr 2023,Parts,1,159.66,0.1,USD,Canceled,Phone
ORD-200338,C10067,1HGCM62Y100570,2023-05-02,Vehicle,1,2144.71,0.1,EUR,COMPLETED,Dealer
ORD-202849,C10755,1HGCM28Y100700,2023-02-12,Warranty,2,2995.19,0.1,EUR,Shipped,online
ORD-202551, c10027,1HGCM94D100159,2024-01-07,Parts,4,"$2,183.35",0,EUR,COMPLETED,Online
ORD-202099,C10877,1HGCM16P100145,22-02-2023,Vehicle,1,3858.56,15%,EUR,Cancelled,online
ORD-202258,C10809,1HGCM60U100072,2024-02-10,Warranty,1,$134.69,,usd,Cancelled,Phone
ORD-202977,C11006,1HGCM51Y100440,2024-04-21,Vehicle,2,3763.77,,GBP,Shipped,Online
ORD-200789,C10499,1HGCM61X100101,2024-07-24,Parts,3,561.85,,USD,Cancelled,Dealer
ORD-202350,C10175,1HGCM23H100813,2023-07-27,Service Plan,2,1216.67,,USD,shipped,Dealer
ORD-201872,C11059,1HGCM22S100252,2023-12-29,Vehicle,3,4429.46,,USD,completed,online
ORD-203071,C10071,,2023-06-12,Parts,4,193.10,15%,USD,Completed,Phone
ORD-203019,C10661,1HGCM82A100364,2024-06-08,Parts,1,2152.69,0,usd,COMPLETED,online
ORD-200366,C10224,1HGCM43Q100354,2023-05-08,Warranty,1,529.29,15%,GBP,COMPLETED,online
ORD-202816,C11039,1HGCM28S100304,2024-03-23,Vehicle,4,$75.03,5,USD,Canceled,online
ORD-203812,C10652,1HGCM71I100294,27-11-2023,Service Plan,1,4011.50,15%,USD,Completed,Dealer
ORD-202403,C10314,,14-07-2024,Accessories,1,2491.91,10,usd,Shipped,online
ORD-200311,C10049,1HGCM22Q100198,"Apr 28, 2024",Accessories,3,4523.08,5,EUR,COMPLETED,Online
ORD-202769,C10786,,2023-12-26,Warranty,2,444.00,0,USD,shipped,online
ORD-203558,C10740,1HGCM27O100066,"Mar 09, 2023",Vehicle,1,1460.70,,USD,Shipped,online
ORD-201991,C10465,1HGCM43J100893,2023-09-10,Parts,1,347.05,0,GBP,Pending,online
ORD-200156,C11173,1HGCM86L100505,04 Feb 2024,Accessories,4,3306.12,,usd,Completed,online
ORD-203344,C10769,1HGCM48W100828,2023-03-20,Service Plan,1,1177.84,0.1,USD,Completed,online
ORD-202584,C10545,1HGCM78H100033,14-05-2023,Parts,1,4292.81,0,GBP,Shipped,online
ORD-202582,C10971,1HGCM23Q100484,2024-01-17,Vehicle,1,2329.44,0,USD,COMPLETED,online
ORD-203151,C11248,,2023-10-31,Accessories,1,207.89,5,USD,Completed,Online
ORD-200811, c11116,1HGCM28Y100700,2024-06-11,Vehicle,1,,0,USD,Shipped,online
ORD-203979,C10754,1HGCM46L100453,2023-04-14,Vehicle,3,2933.33,0,GBP,COMPLETED,Online
ORD-203063,C10314,1HGCM78H100033,2024-03-18,Service Plan,1,-3752.65,15%,GBP,Pending,Dealer
ORD-203682,C10172,1HGCM50Q100458,2024/07/16,Vehicle,2,4298.29,15%,USD,Shipped,Dealer
ORD-203732,C10787,1HGCM55B100001,2023-02-28,Accessories,4,1135.91,,usd,Pending,online
ORD-202172,C10334,1HGCM61G100630,2023-12-09,Vehicle,1,4550.05,,USD,Completed,Dealer
ORD-201390,C11390,,2023-02-09,Parts,1,513.94,15%,EUR,Cancelled,Phone
ORD-203391,C10233,1HGCM45O100430,24-01-2024,Accessories,1,966.26,0.1,USD,Canceled,online
ORD-201337,C10790,1HGCM13B100729,2024-08-22,Parts,2,"$4,544.80",0,usd,completed,Phone
ORD-201717,C10961,1HGCM32C100756,22 Feb 2024,Vehicle,1,1187.20,15%,USD,Pending,online
ORD-201618,C10846,1HGCM77Y100206,2023-07-02,Service Plan,1,"$1,121.23",15%,usd,Shipped,online
ORD-203283,C10246,1HGCM87D100419,2024-06-14,Parts,3,3760.05,5,USD,completed,Dealer
ORD-204039,C11371,,"Feb 01, 2023",Accessories,1,947.74,5,USD,COMPLETED,Phone
ORD-203829,C11475,1HGCM78Y100310,2023-08-10,Accessories,4,1446.68,,USD,Pending,Online
ORD-201817,C10351,1HGCM44Q100328,2023-01-21,Warranty,1,,,usd,Shipped,Phone
ORD-202385,C10734,1HGCM62L100765,2023-04-02,Vehicle,4,4642.66,0,GBP,Canceled,Dealer
ORD-200975,C11393,1HGCM23R100615,2024-05-15,Service Plan,1,1287.68,15%,USD,shipped,Dealer
ORD-203616,C11264,,05 Jul 2024,Vehicle,1,4638.13,10,EUR,completed,Online
ORD-201193, c11244,,2024-03-15,Warranty,1,2916.72,,GBP,Completed,Phone
ORD-204162,C10023,1HGCM81B100859,2023-06-14,Accessories,1,2845.09,10,usd,Canceled,Online
ORD-202848,C10443,1HGCM47G100500,2023-02-22,Warranty,3,2886.77,15%,usd,completed,Dealer
ORD-200831,C11399,1HGCM45K100426,2023-06-24,Warranty,2,3446.69,15%,GBP,shipped,Dealer
ORD-203954,C10464,,2023-07-28,Parts,1,1060.12,,GBP,shipped,Online
ORD-202289,C10440,1HGCM43A100702,2024-07-25,Service Plan,1,522.84,5,USD,Completed,online
ORD-203889,C10997,1HGCM48W100256,05-08-2024,Warranty,1,"$3,036.23",10,GBP,Shipped,Phone
ORD-202141,C10440,,"Sep 11, 2023",Accessories,1,3944.80,15%,GBP,Shipped,Online
ORD-203815,C11362,1HGCM27A100000,2023-04-22,Warranty,3,"$4,166.60",5,USD,shipped,online
ORD-200982,C11319,1HGCM98O100196,07/13/2024,Warranty,4,2190.05,,GBP,COMPLETED,Online
ORD-203594,C11212,,2024-08-18,Accessories,1,1951.03,0.1,USD,Cancelled,online
ORD-202875,C10747,1HGCM58S100512,2023-09-22,Vehicle,1,3959.18,10,USD,Canceled,online
ORD-201510,C11256,1HGCM79D100627,13-11-2023,Parts,3,939.35,0,GBP,completed,Dealer
ORD-202369,C10010,1HGCM47V100723,2023-04-10,Vehicle,1,"$2,042.98",10,USD,Shipped,Dealer
ORD-203573,C10488,1HGCM38D100003,2023-01-02,Accessories,1,4252.42,0,usd,Cancelled,online
ORD-203761,C11046,1HGCM85W100724,2023-09-17,Parts,2,"$4,592.97",,USD,completed,Online
ORD-201894,C10595,1HGCM33K100166,2024-05-13,Accessories,1,2528.22,,USD,completed,online
ORD-200650,C11101,1HGCM10G100552,2024-03-22,Vehicle,4,109.58,0.1,EUR,Pending,online
ORD-202890,C11313,1HGCM33X100517,2024-02-04,Service Plan,1,4439.01,0,USD,Completed,online
ORD-200370,C10568,1HGCM33V100853,2023-06-20,Warranty,1,-4344.25,0.1,USD,Pending,Online
ORD-202986,C10961,1HGCM96L100609,"Aug 03, 2024",Vehicle,4,2688.90,5,USD,Canceled,Dealer
ORD-202296, c10382,1HGCM81R100459,2024-03-01,Service Plan,1,455.10,0,USD,Shipped,online
ORD-201584,C10053,1HGCM32G100838,2024-02-04,Service Plan,3,3004.92,0.1,USD,Shipped,Online
ORD-201376,C10377,1HGCM97O100716,2024-06-07,Accessories,4,2332.56,0.1,EUR,Canceled,online
ORD-201255,C11444,1HGCM77I100710,2023-10-30,Service Plan,3,1734.36,0.1,USD,COMPLETED,Phone
ORD-203279,C10741,1HGCM73P100743,2023-11-11,Vehicle,1,"$1,652.54",,usd,COMPLETED,online
ORD-202074,C10849,1HGCM27O100066,2024/01/29,Vehicle,2,3122.12,0.1,USD,Canceled,online
ORD-200422,C10172,1HGCM34N100065,2024-08-23,Warranty,1,1065.45,,USD,Cancelled,Online
ORD-200211, c10979,1HGCM38E100394,2024-08-21,Warranty,2,3376.10,,USD,Pending,Phone
ORD-201891, c11267,1HGCM47C100574,2024-06-11,Accessories,3,1706.21,0,usd,COMPLETED,Phone
ORD-201140,C10316,,2024-06-15,Service Plan,2,3329.64,0,USD,COMPLETED,Phone
ORD-200842,C10842,,2024-07-30,Parts,4,518.96,,USD,COMPLETED,online
ORD-201531,C11166,1HGCM98V100645,2024-03-28,Service Plan,1,1953.45,10,USD,shipped,Phone
ORD-202802,C10855,1HGCM14G100084,2024-03-13,Parts,1,$526.43,5,EUR,Completed,Phone
ORD-201351,C93167,1HGCM78H100033,07/09/2024,Vehicle,2,2210.72,10,USD,Completed,Dealer
ORD-203360,C10647,1HGCM84E100082,2023-06-22,Warranty,1,1799.10,0,USD,Canceled,Dealer
ORD-200343,C11462,1HGCM11O100820,10-03-2024,Warranty,1,3192.96,15%,usd,Cancelled,online
ORD-200754,C10179,1HGCM83H100709,2023-12-22,Parts,1,3358.18,0.1,USD,completed,Dealer
ORD-203990,C11019,1HGCM90K100816,2023-06-20,Service Plan,2,2625.06,0,USD,Canceled,Online
ORD-202767,C10965,1HGCM46S100122,2023-04-18,Parts,1,4689.11,0.1,USD,shipped,Phone
ORD-201734,C11215,1HGCM51Y100440,2023-06-04,Service Plan,4,2089.83,15%,GBP,Shipped,Phone
ORD-202243,C11261,1HGCM94W100750,2024-05-21,Accessories,4,3242.09,5,EUR,Completed,Phone
ORD-201638,C10771,1HGCM43H100839,2024-03-31,Vehicle,1,2983.51,10,USD,COMPLETED,Online
ORD-200610,C11153,1HGCM57A100754,2023-01-05,Parts,1,3010.43,0,EUR,shipped,online
ORD-203349,C11140,,2023-07-31,Vehicle,1,2996.35,0.1,USD,Cancelled,Phone
ORD-200558,C10418,1HGCM59P100847,2023-07-24,Accessories,1,"$2,201.36",15%,usd,shipped,Dealer
ORD-200324,C11290,1HGCM28I100658,2024-02-11,Parts,1,"$2,598.47",0.1,usd,Cancelled,online
ORD-202056,C11218,1HGCM64P100405,2024-04-18,Vehicle,4,1411.22,10,usd,Pending,Dealer
ORD-200187,C11365,1HGCM80Z100337,2023-10-30,Warranty,1,85.64,15%,GBP,shipped,Dealer
ORD-202158,C10339,1HGCM92E100602,31 Mar 2023,Accessories,3,4680.87,0.1,USD,Completed,Phone
ORD-201778,C10857,1HGCM98G100526,2023-10-25,Service Plan,1,"$4,207.04",0,USD,shipped,Dealer
ORD-203143,C10735,,2024-07-28,Vehicle,4,"$1,320.61",0,GBP,completed,Dealer
ORD-200867,C10603,,2024-01-28,Vehicle,1,$743.62,5,usd,Canceled,Phone
ORD-202112, c11073,1HGCM17Y100466,2024-04-11,Warranty,1,2412.56,10,GBP,shipped,Dealer
ORD-200934, c10029,1HGCM24C100496,10 Dec 2023,Accessories,1,"$4,201.52",,USD,Shipped,Online
ORD-202515, c11250,1HGCM13R100069,2023-10-04,Warranty,1,"$3,279.80",0,USD,COMPLETED,Phone
ORD-201931,C10509,,2023-07-24,Parts,1,1762.28,0,USD,COMPLETED,Dealer
ORD-203308,C10555,1HGCM60K100790,"Apr 09, 2024",Parts,2,773.08,5,usd,completed,Phone
ORD-202409,C10593,1HGCM92G100760,2023-09-15,Warranty,1,1380.28,15%,usd,completed,Phone
ORD-202462,C10472,1HGCM92C100314,"Jun 02, 2024",Vehicle,4,1220.52,5,USD,Pending,online
ORD-203804,C10185,1HGCM11L100557,2023-09-14,Parts,2,3319.95,5,USD,Pending,Dealer
ORD-203373,C10179,,2024-05-05,Accessories,2,1297.27,10,EUR,shipped,online
ORD-203126, c10045,,2024-01-20,Warranty,1,1043.71,10,GBP,Cancelled,online
ORD-200637,C10410,,2023-08-16,Parts,3,2074.49,0,USD,Pending,Phone
ORD-203658,C10131,1HGCM58D100705,2023-04-27,Parts,3,3250.58,10,EUR,Completed,Dealer
ORD-204088,C11136,1HGCM23N100273,16-08-2023,Parts,4,3564.89,15%,USD,shipped,online
ORD-202082,C10421,1HGCM60B100755,2023-05-17,Service Plan,1,3841.36,10,USD,Shipped,Dealer
ORD-201645,C10676,,"Sep 03, 2023",Vehicle,3,4055.26,,USD,Completed,Dealer
ORD-203325,C11209,1HGCM83V100125,2023/02/08,Accessories,4,4293.75,0,EUR,Shipped,Online
ORD-203914,C11092,1HGCM43J100893,2024-05-24,Vehicle,1,746.91,,USD,Cancelled,Dealer
ORD-200980,C10492,,"Jun 23, 2024",Parts,1,"$4,199.90",10,usd,completed,online
ORD-202092,C10895,1HGCM87I100060,20 May 2024,Vehicle,1,,0,usd,COMPLETED,Online
ORD-201672, c11382,1HGCM41U100306,2023-03-04,Warranty,4,1614.47,10,USD,Canceled,online
ORD-202762,C10430,1HGCM76N100403,03/15/2023,Service Plan,3,2746.73,10,USD,Shipped,Online
ORD-202989,C10348,1HGCM96N100845,2023-11-29,Parts,2,1063.21,5,usd,shipped,online
ORD-200413,C10797,1HGCM25E100056,2024-05-08,Warranty,1,2699.45,0.1,GBP,Cancelled,Phone
ORD-200777,C10897,1HGCM76Z100103,2024-07-02,Vehicle,2,"$1,230.13",10,USD,Pending,online
ORD-202423,C10396,1HGCM97R100485,2023-01-13,Parts,3,3656.81,0.1,EUR,completed,Dealer
ORD-201780,C10303,1HGCM53H100267,2024-01-28,Warranty,1,1281.03,10,USD,Canceled,Online
ORD-200829,C10064,1HGCM28X100543,08-04-2023,Service Plan,1,1711.52,,GBP,Canceled,Online
ORD-203981,C10701,1HGCM30Z100415,2024-06-06,Parts,1,$885.23,15%,usd,Pending,online
ORD-202677,C10986,,"Nov 21, 2023",Vehicle,3,,0.1,USD,Cancelled,Phone
ORD-201044,C10921,1HGCM70X100569,2024-03-01,Parts,1,3870.71,0,GBP,Cancelled,online
ORD-202576,C11070,1HGCM62I100138,2023-03-16,Accessories,3,116.89,10,USD,COMPLETED,Phone
ORD-203848,C11475,1HGCM90S100330,2023-10-04,Vehicle,1,3862.13,0.1,GBP,Shipped,Online
ORD-200049,C11352,1HGCM91R100823,2024-03-04,Warranty,4,1363.52,0.1,USD,Shipped,Phone
ORD-202908,C10022,1HGCM34C100080,2023-01-20,Service Plan,4,3356.13,0.1,usd,Pending,Dealer
ORD-200524,C10785,1HGCM48Q100224,2024-08-06,Parts,3,1105.05,5,USD,shipped,online
ORD-201849,C10140,1HGCM59R100121,2023/06/25,Service Plan,1,492.80,,EUR,Cancelled,Dealer
ORD-202907,C10769,1HGCM86E100758,2024-01-24,Service Plan,3,4505.28,0.1,EUR,COMPLETED,Phone
ORD-203128,C11326,,2024-05-03,Service Plan,4,"$1,900.17",0,USD,shipped,Phone
ORD-203314,C10282,1HGCM34I100398,2023-04-12,Accessories,1,"$4,185.47",,USD,Cancelled,Phone
ORD-201076,C10927,,2024-08-15,Service Plan,1,3757.68,0.1,USD,COMPLETED,online
ORD-200132,C10424,,2023-08-07,Warranty,1,4251.24,15%,USD,COMPLETED,Online
ORD-201662,C10218,1HGCM75S100148,2024-04-04,Accessories,4,2921.64,0,EUR,Canceled,online
ORD-203219,C10055,1HGCM87Z100363,2024/02/14,Warranty,1,4069.58,0.1,USD,shipped,Dealer
ORD-202460,C10954,1HGCM62O100586,2023-06-29,Warranty,1,934.46,10,USD,completed,Dealer
ORD-200292,C10863,,2024/01/22,Vehicle,2,4693.31,5,EUR,completed,online
ORD-202378,C11480,1HGCM28D100237,12 Apr 2024,Accessories,2,4569.62,5,USD,shipped,online
ORD-201075,C11144,1HGCM26U100098,2023-12-13,Warranty,3,4653.02,,USD,Completed,Dealer
ORD-200347,C11128,1HGCM75S100148,2024-05-21,Vehicle,1,2195.49,0,usd,shipped,Online
ORD-203389,C10668,1HGCM40G100162,2023-03-24,Service Plan,2,,0,USD,COMPLETED,Dealer
ORD-201537,C11043,,2024-07-26,Accessories,4,2336.92,0,USD,Shipped,online
ORD-202476,C10566,1HGCM68S100876,2024-04-13,Warranty,3,,0,usd,Shipped,Phone
ORD-202852,C10926,1HGCM60M100584,2023-11-06,Parts,1,2755.29,0.1,USD,Cancelled,Dealer
ORD-204189,C10543,1HGCM97L100583,2024-01-10,Warranty,3,2743.96,0.1,GBP,COMPLETED,Dealer
ORD-200260,C10154,1HGCM94V100879,2024-01-08,Vehicle,2,3161.16,,GBP,COMPLETED,Dealer
ORD-200487,C11209,1HGCM59R100121,2024-01-30,Parts,4,610.41,15%,USD,Shipped,online
ORD-202640,C11146,,2023-09-01,Service Plan,1,1353.28,15%,EUR,Cancelled,Phone
ORD-200027,C11291,1HGCM21N100455,"Jun 22, 2023",Warranty,4,"$3,521.91",0.1,USD,Cancelled,online
ORD-203662,C11359,1HGCM71H100189,2023-04-05,Warranty,1,3046.17,0.1,usd,Canceled,Dealer
ORD-201144,C11242,1HGCM47B100027,2023-12-04,Accessories,1,4620.70,,USD,completed,Dealer
ORD-200147,C11440,1HGCM96G100344,2023-03-27,Warranty,4,244.58,0,USD,Cancelled,Dealer
ORD-203929,C10031,1HGCM91D100393,2023-06-03,Accessories,1,4511.82,5,USD,Pending,Online
ORD-201099,C10688,1HGCM55Y100804,2024-01-19,Accessories,1,3902.42,15%,EUR,COMPLETED,online
ORD-200255,C10639,1HGCM69R100017,2024-06-07,Warranty,1,1809.62,,EUR,shipped,Online
ORD-201032,C10828,1HGCM55Y100804,07/12/2024,Warranty,1,"$4,503.12",,EUR,Completed,Dealer
ORD-202806,C10658,1HGCM50P100561,2023-11-05,Service Plan,1,2800.61,0.1,EUR,Shipped,Phone
ORD-202801,C11127,1HGCM13B100729,03-04-2024,Vehicle,1,4331.26,,usd,completed,online
ORD-201119,C11309,,2023-05-12,Vehicle,1,964.44,10,USD,shipped,Dealer
ORD-202954,C11177,,2023-03-29,Vehicle,4,778.47,0.1,USD,Pending,Dealer
ORD-201797,C10683,,2023-05-17,Vehicle,4,2037.43,,USD,Completed,Phone
ORD-204188,C11115,1HGCM85W100724,29-12-2023,Parts,1,4101.27,0.1,GBP,shipped,Dealer
ORD-203074,C11294,1HGCM93C100522,2023-07-14,Vehicle,2,868.58,15%,usd,Completed,Phone
ORD-201064,C10999,1HGCM66J100217,2023-04-03,Parts,1,,5,GBP,Canceled,Phone
ORD-201291,C11496,1HGCM42F100681,2023-07-21,Parts,1,4015.85,0,EUR,Shipped,Online
ORD-204115,C10080,,23 Dec 2023,Vehicle,1,4058.95,0,usd,COMPLETED,Phone
ORD-203633,C10762,,2023-06-05,Accessories,1,3973.10,10,USD,Shipped,Phone
ORD-200806,C10929,1HGCM34B100495,2024-01-26,Service Plan,1,"$3,220.80",5,USD,Shipped,Phone
ORD-201637,C10270,,2024-06-05,Accessories,4,262.88,0,usd,shipped,Dealer
ORD-201843,C11238,,2024-04-01,Vehicle,4,1014.43,10,USD,completed,online
ORD-201472,C10341,1HGCM64L100063,01 Aug 2024,Accessories,3,"$2,280.40",15%,GBP,Pending,Phone
ORD-203975,C10258,1HGCM84G100032,2023-12-29,Service Plan,4,1252.96,10,GBP,Pending,Dealer
ORD-200654,C10269,1HGCM77Y100206,2023-09-27,Service Plan,3,715.12,5,GBP,completed,Dealer
ORD-201915,C10990,1HGCM24C100496,2023-09-21,Accessories,1,2880.87,0.1,USD,Canceled,Online
ORD-200437,C10428,1HGCM19G100188,2024-07-25,Parts,2,4598.70,5,USD,completed,Online
ORD-201356,C11199,1HGCM49O100248,15 Jul 2024,Vehicle,4,3691.87,0.1,EUR,completed,Dealer
ORD-202721,C11171,1HGCM99V100151,2023-06-02,Vehicle,1,"$2,852.53",10,USD,Completed,online
ORD-200036,C10086,1HGCM45Z100025,"Jul 17, 2024",Parts,2,3091.42,0.1,EUR,Shipped,Phone
ORD-202245,C10019,1HGCM27A100000,2024-01-18,Accessories,2,"$2,538.99",5,usd,Shipped,Phone
ORD-203207,C11299,1HGCM34A100728,2023-03-09,Warranty,4,444.87,10,USD,shipped,online
ORD-202741,C10264,1HGCM34N100065,06 May 2024,Accessories,1,2741.65,5,GBP,Pending,Online
ORD-202623,C11306,,2024-02-10,Parts,1,2742.30,,USD,completed,Phone
ORD-203907,C10165,1HGCM35L100895,2023-12-01,Accessories,1,553.48,0,USD,Shipped,Phone
ORD-201253,C11189,1HGCM83D100679,2023-07-28,Warranty,1,2302.98,5,USD,Shipped,Online
ORD-202634,C10547,,2024-06-06,Vehicle,1,1921.32,5,USD,COMPLETED,Dealer
ORD-203043,C10464,1HGCM53S100642,2024-08-17,Vehicle,4,1254.69,5,USD,COMPLETED,Online
ORD-203438, c11056,1HGCM76Z100103,2023-08-31,Warranty,1,2786.95,0,USD,Pending,online
ORD-200420,C11463,,2023-06-24,Service Plan,2,4355.37,0.1,USD,completed,Dealer
ORD-200948,C11053,,2024-08-06,Parts,4,582.24,15%,EUR,Shipped,online
ORD-200648,C10176,1HGCM21S100408,2023-01-27,Vehicle,1,$601.25,10,USD,Canceled,Online
ORD-200476,C10318,,05/15/2023,Accessories,3,3970.81,15%,USD,Shipped,Phone
ORD-201602,C11493,1HGCM11O100820,2023-11-02,Service Plan,1,"$4,701.28",15%,usd,completed,online
ORD-202463,C11379,1HGCM97E100160,2024-05-11,Accessories,1,"$1,722.21",5,USD,shipped,Phone
ORD-200839,C10965,1HGCM89R100355,"Jul 22, 2023",Warranty,1,$606.20,15%,USD,Canceled,Dealer
ORD-200570,C10812,1HGCM17Y100466,2024-07-05,Parts,1,885.55,0,GBP,shipped,Dealer
ORD-202556,C11423,1HGCM37T100721,2023-07-30,Vehicle,4,4382.84,5,USD,COMPLETED,Dealer
ORD-204056,C10203,1HGCM83H100709,"Oct 07, 2023",Parts,1,3786.28,0,usd,shipped,Phone
ORD-202917,C10685,1HGCM95Z100129,2023-10-03,Service Plan,1,209.31,,GBP,Completed,Phone
ORD-200556,C11089,1HGCM83V100489,"Apr 29, 2023",Service Plan,1,,0,USD,Completed,Phone
ORD-200817,C11475,,17 Apr 2023,Parts,4,3781.92,0,usd,Canceled,Phone
ORD-201414,C11020,1HGCM66X100257,2023-12-12,Warranty,2,"$3,336.99",0.1,USD,Completed,Online
ORD-200550,C10905,,2024-04-19,Warranty,2,4503.49,0.1,usd,completed,Dealer
ORD-202995, c11370,1HGCM22J100451,2023-04-02,Service Plan,3,2505.12,0,USD,shipped,Phone
ORD-200401,C10194,1HGCM88V100177,2024-02-15,Service Plan,3,"$1,837.91",5,USD,completed,Dealer
ORD-201129,C10863,1HGCM22L100245,2023-07-09,Accessories,1,64.93,0.1,EUR,Canceled,online
ORD-201915,C10990,1HGCM24C100496,2023-09-21,Accessories,1,2880.87,0.1,USD,Canceled,Online
ORD-203505,C10893,1HGCM77V100671,2024-05-25,Accessories,4,1637.39,0,USD,Pending,Dealer
ORD-202681,C10868,1HGCM10J100399,2024-05-02,Accessories,1,2376.73,0.1,USD,Cancelled,online
ORD-202845,C10835,1HGCM32Y100856,2024-04-06,Service Plan,1,"$1,708.42",10,usd,COMPLETED,Online
ORD-200670,C11038,1HGCM59F100187,2024-06-29,Service Plan,1,3669.35,0,USD,completed,online
ORD-200210,C10924,1HGCM81R100459,2023-07-11,Service Plan,1,2559.37,10,USD,completed,Online
ORD-200586,C11284,,2023-01-17,Vehicle,1,"$4,285.50",0.1,GBP,Canceled,Online
ORD-202815,C11483,1HGCM71V100619,2023-11-13,Vehicle,2,1237.96,10,EUR,Canceled,Online
ORD-202367,C11151,,2024/08/20,Vehicle,1,209.98,0,USD,Shipped,Dealer
ORD-203852,C10690,1HGCM34I100398,2023-01-10,Accessories,2,2629.98,,USD,Cancelled,online
ORD-202838,C11162,1HGCM72N100741,2023-08-08,Service Plan,1,1579.84,0,USD,Canceled,Dealer
ORD-203115,C10209,1HGCM63E100420,2023-01-30,Warranty,3,4642.01,,USD,Pending,Phone
ORD-200134,C10757,1HGCM54J100555,2023-09-12,Accessories,2,4241.84,15%,EUR,Completed,online
ORD-201834,C10092,,2024/05/08,Warranty,1,539.96,,usd,completed,Dealer
ORD-202898,C10907,1HGCM66X100803,2024-01-08,Accessories,4,"$1,843.49",5,USD,Canceled,Online
ORD-203437,C10949,,2024-04-09,Accessories,1,3973.00,,GBP,COMPLETED,Dealer
ORD-202618, c11417,1HGCM61M100376,2023-04-21,Parts,1,"$4,603.80",15%,GBP,COMPLETED,Dealer
ORD-200090,C10060,1HGCM20F100759,17-07-2024,Accessories,2,"$2,721.68",0.1,USD,Shipped,Online
ORD-200785,C10181,1HGCM67Q100536,2024-02-05,Vehicle,2,1919.43,10,USD,COMPLETED,Phone
ORD-200059,C10311,1HGCM35Y100076,23 Jul 2023,Service Plan,1,3196.51,15%,GBP,Shipped,Dealer
ORD-202046,C10162,,2023-03-05,Service Plan,1,335.40,,usd,Pending,Phone
ORD-203430,C10951,,"Jun 01, 2023",Service Plan,1,4057.98,0.1,USD,Pending,Online
ORD-202704,C10397,1HGCM62L100765,2024-01-27,Service Plan,4,847.32,10,USD,COMPLETED,Online
ORD-202287,C10580,,2023-10-03,Accessories,4,4074.60,5,USD,Canceled,online
ORD-202645,C11431,1HGCM53N100559,2024-07-01,Warranty,1,3212.45,15%,EUR,Pending,Online
ORD-202887,C11399,1HGCM42L100011,2024-07-07,Service Plan,3,34.34,0.1,EUR,Canceled,online
ORD-201766,C10164,1HGCM71R100043,2024-07-09,Warranty,4,883.38,,USD,shipped,Online
ORD-202694,C11095,1HGCM50P100561,"Jul 01, 2023",Service Plan,1,2742.41,15%,usd,COMPLETED,online
ORD-200237,C10642,1HGCM10K100036,2023-06-21,Vehicle,2,85.17,10,USD,completed,Dealer
ORD-203841,C10923,,2024-02-01,Warranty,4,2676.91,,USD,Shipped,Dealer
ORD-203851,C10068,1HGCM55Y100804,2024-07-13,Vehicle,1,,10,USD,Completed,online
ORD-201738,C10571,,02/10/2023,Vehicle,3,1587.86,15%,EUR,shipped,online
ORD-201352,C10100,1HGCM70W100880,2024-07-27,Service Plan,1,468.22,10,EUR,Canceled,online
ORD-203294,C10392,1HGCM10W100594,2023-10-31,Warranty,4,,,EUR,Shipped,Online
ORD-203957,C11051,1HGCM78D100445,2023-09-01,Warranty,3,2719.87,0.1,USD,shipped,Phone
ORD-203574,C10796,,2023-03-18,Service Plan,2,1496.85,5,usd,shipped,online
ORD-203153,C11110,1HGCM38E100394,2023-09-11,Warranty,4,"$4,741.70",,USD,Cancelled,Phone
ORD-202650,C10257,1HGCM35Q100042,2024-06-05,Vehicle,3,1930.31,5,usd,Canceled,Phone
ORD-202448,C11226,1HGCM75D100471,2023-07-21,Accessories,1,1475.80,0,USD,shipped,Online
ORD-201340,C11146,1HGCM45O100430,2023-12-14,Service Plan,3,"$2,889.90",0.1,GBP,Canceled,Dealer
ORD-202345,C10050,1HGCM12J100269,11 Feb 2024,Parts,2,4547.08,10,EUR,Completed,online
ORD-203733,C10484,1HGCM78H100033,2023-06-07,Vehicle,4,3325.48,5,GBP,completed,Phone
ORD-202805,C10535,1HGCM90B100209,2024-02-25,Warranty,1,60.23,5,USD,Cancelled,Online
ORD-201432,C11440,,2023-09-01,Service Plan,4,1028.78,0.1,USD,shipped,Online
ORD-201981,C10462,,2023-01-13,Vehicle,1,3554.04,10,usd,Pending,Phone
ORD-203416,C10134,1HGCM54F100837,2024-03-29,Service Plan,2,"$3,493.98",0.1,USD,Canceled,online
ORD-203982,C11378,1HGCM96G100344,2024/08/18,Vehicle,2,497.12,0.1,USD,completed,Online
ORD-203844,C10051,1HGCM73G100812,2024-03-15,Warranty,2,2261.85,0.1,GBP,Canceled,Dealer
ORD-201454,C10585,1HGCM31E100836,2024-04-10,Parts,3,"$1,224.30",5,USD,Shipped,Online
ORD-203458,C10267,,2023-10-27,Warranty,1,2868.19,0,EUR,Cancelled,Phone
ORD-202364,C11072,,2023-02-02,Warranty,2,1898.40,15%,usd,completed,Dealer
ORD-203375,C10107,1HGCM40G100162,2023-07-14,Parts,2,1496.89,10,USD,Canceled,Phone
ORD-201839,C10015,1HGCM23T100279,08/04/2023,Service Plan,4,2461.56,10,GBP,Canceled,online
ORD-200671,C11434,1HGCM19W100360,2024-07-21,Accessories,1,4272.18,0,USD,COMPLETED,Online
ORD-202859,C10466,1HGCM35C100002,2023-06-21,Parts,1,4136.01,0,GBP,COMPLETED,Online
ORD-200564,C11481,1HGCM93C100678,2024-02-03,Warranty,1,2987.40,,EUR,Canceled,Dealer
ORD-202241,C10619,1HGCM19G100188,2024-06-28,Service Plan,1,2012.82,15%,USD,completed,Phone
ORD-201640,C10313,1HGCM30K100062,2024-02-09,Warranty,2,4748.69,0.1,usd,Completed,Dealer
ORD-202198,C11166,,2024-05-26,Service Plan,2,2394.71,0.1,USD,completed,Dealer
ORD-201900,C10052,1HGCM77M100662,2023-06-16,Parts,4,"$1,162.74",0.1,USD,Pending,Online
ORD-200827,C10353,1HGCM77N100169,2023-11-16,Warranty,2,4237.80,5,EUR,shipped,Dealer
ORD-203342,C11049,1HGCM22J100191,"Mar 10, 2023",Warranty,3,1054.53,0.1,USD,shipped,Online
ORD-200636,C11218,1HGCM86S100694,2024-05-15,Accessories,1,$301.72,15%,USD,Cancelled,Online
ORD-201926,C10823,,2023-03-15,Parts,1,351.99,10,USD,Cancelled,Dealer
ORD-201794,C10174,1HGCM63G100422,2023-01-20,Parts,1,3987.63,0,USD,COMPLETED,Online
ORD-200684,C10837,,2023-11-26,Parts,1,3415.16,0,GBP,COMPLETED,Dealer
ORD-204028,C10059,1HGCM87Z100181,2024-07-15,Vehicle,1,549.81,10,GBP,Completed,Online
ORD-201088,C10695,1HGCM93C100678,2023-09-13,Service Plan,1,4799.20,15%,EUR,shipped,Online
ORD-202885,C10471,1HGCM12K100738,2023/05/02,Accessories,4,"$4,405.81",15%,EUR,Completed,online
ORD-201109,C10494,1HGCM95G100656,2023-08-28,Warranty,1,4477.63,,USD,COMPLETED,Online
ORD-202346,C11480,1HGCM35T100513,"May 28, 2023",Parts,1,"$2,866.87",0,GBP,Cancelled,Dealer
ORD-203007,C10109,1HGCM99B100261,2023-09-05,Accessories,3,1471.31,10,USD,COMPLETED,Online
ORD-202886,C10676,1HGCM62I100138,2024-04-08,Parts,2,480.28,0.1,USD,Canceled,Online
ORD-203242,C10115,1HGCM53O100170,"Aug 15, 2023",Warranty,1,1282.64,0,EUR,Cancelled,Dealer
ORD-203964,C10633,1HGCM15I100450,2024-06-05,Warranty,1,2730.87,,USD,COMPLETED,Online
ORD-201606,C11405,1HGCM75Y100388,2024-04-16,Vehicle,4,3921.46,,usd,shipped,Online
ORD-202719,C10700,1HGCM53H100267,2024-01-31,Vehicle,1,1044.80,5,usd,Completed,Dealer
ORD-204000,C11357,1HGCM81P100613,25 Oct 2023,Accessories,3,2118.19,15%,USD,completed,Online
ORD-203802, c11495,,2023-10-04,Service Plan,2,3316.93,0,USD,Canceled,Online
ORD-201346,C10993,1HGCM82I100372,2024-01-07,Warranty,1,"$4,167.77",10,USD,COMPLETED,Online
ORD-202678,C10764,,2023-03-05,Vehicle,2,1742.47,5,USD,completed,Dealer
ORD-202611,C10273,1HGCM59R100849,05 Jul 2023,Warranty,2,3379.22,10,USD,shipped,Phone
ORD-200774,C11401,1HGCM22U100540,2023-01-25,Warranty,1,4553.19,0,EUR,Canceled,online
ORD-203289,C10767,1HGCM81Y100414,2023-09-28,Warranty,3,1146.73,0.1,USD,shipped,Dealer
ORD-202045,C11042,1HGCM69I100762,2024-08-05,Service Plan,1,$420.16,15%,GBP,COMPLETED,Dealer
ORD-200365,C10564,1HGCM43A100702,2024-07-06,Vehicle,1,129.45,15%,USD,completed,online
ORD-201174,C10545,1HGCM24L100791,2023-02-01,Service Plan,1,3972.32,10,usd,COMPLETED,Dealer
ORD-200291,C10676,1HGCM23H100605,2023-03-22,Accessories,2,4780.70,15%,USD,completed,Dealer
ORD-203239,C10432,,2024-05-18,Service Plan,1,2335.77,0.1,USD,completed,Phone
ORD-202097,C10784,1HGCM96R100251,2024-04-28,Warranty,1,2880.10,,USD,Pending,Phone
ORD-204169,C10424,1HGCM77Z100259,2023-04-12,Warranty,1,3236.44,,USD,completed,Online
ORD-202012, c10508,1HGCM57A100754,2024-02-26,Vehicle,4,2428.46,15%,GBP,Cancelled,Phone
ORD-202016,C11313,1HGCM44Q100328,2024-07-26,Service Plan,1,3205.37,0.1,USD,Canceled,online
ORD-204167,C10895,1HGCM78B100053,2023-12-10,Vehicle,3,678.51,10,USD,Canceled,Dealer
ORD-202937,C10116,1HGCM56P100717,02/13/2024,Warranty,3,1142.60,0,USD,Completed,Phone
ORD-200721,C10749,1HGCM74Q100796,12/21/2023,Accessories,1,1464.58,,usd,Canceled,Online
ORD-203247,C10034,1HGCM24L100791,2023-10-19,Service Plan,1,1147.81,,usd,shipped,Dealer
ORD-203145,C10682,,2023-03-04,Vehicle,1,708.41,5,EUR,Cancelled,Online
ORD-203264,C11390,1HGCM20B100235,2023-08-17,Service Plan,1,2128.61,0,usd,Pending,online
ORD-203708,C10776,1HGCM67R100173,2024-03-30,Accessories,4,2737.96,5,USD,COMPLETED,Dealer
ORD-202179,C10486,1HGCM13U100462,2023-02-07,Warranty,4,4256.84,0,EUR,Cancelled,online
ORD-200290,C11470,1HGCM99V100151,11 Jun 2024,Vehicle,4,"$2,165.59",,EUR,completed,online
ORD-200502,C11135,1HGCM11L100557,2024-07-25,Vehicle,4,"$1,455.93",5,usd,completed,Online
ORD-200591,C11465,1HGCM12O100040,2023-07-17,Parts,3,4764.40,0.1,USD,Cancelled,Dealer
ORD-200638,C10889,1HGCM64Q100432,2023-02-13,Service Plan,1,4507.69,15%,usd,shipped,Online
ORD-200673,C11108,1HGCM19Y100232,2023-03-12,Accessories,1,1991.46,5,USD,Cancelled,Phone
ORD-203963,C11225,,2024-05-05,Vehicle,3,2631.49,0.1,usd,COMPLETED,Phone
ORD-202702,C10742,1HGCM44S100720,"Jan 10, 2024",Vehicle,3,4639.92,0,USD,completed,Online
ORD-200215,C11144,,2024-03-17,Service Plan,1,2533.79,10,EUR,shipped,Dealer
ORD-200968, c11304,1HGCM26D100107,31 Jul 2024,Service Plan,4,937.09,0.1,usd,completed,online
ORD-203486,C10667,,2023-04-10,Parts,4,"$3,349.47",5,USD,COMPLETED,Phone
ORD-202750,C10925,1HGCM76E100706,"Nov 02, 2023",Parts,1,2248.78,15%,EUR,Completed,online
ORD-203277, c11285,1HGCM92Y100102,"Feb 04, 2024",Accessories,1,1909.65,,USD,Canceled,online
ORD-203783,C10318,1HGCM21P100509,2024-05-27,Service Plan,1,2242.39,5,USD,shipped,online
ORD-201020,C10883,1HGCM42L100011,2024-03-28,Vehicle,3,3498.03,0.1,GBP,Completed,Phone
ORD-203443,C10507,1HGCM33S100668,2024-06-27,Service Plan,2,"$1,670.00",0.1,GBP,Pending,online
ORD-200626,C10741,1HGCM43Q100354,2023-12-13,Vehicle,4,2663.92,15%,USD,Shipped,Online
ORD-200155,C11404,1HGCM88K100530,2023-01-04,Accessories,4,,,EUR,Shipped,online
ORD-203258,C10410,1HGCM58A100234,2024-04-24,Accessories,1,3122.07,0.1,USD,shipped,Online
ORD-203385,C10173,1HGCM57S100616,2024-01-30,Service Plan,1,3786.20,10,usd,Completed,Dealer
ORD-202916,C10483,1HGCM81H100683,2024-05-10,Service Plan,4,"$4,661.32",15%,GBP,COMPLETED,Online
ORD-201675,C10509,1HGCM22W100178,2024-08-17,Warranty,4,,5,EUR,shipped,Dealer
ORD-204079,C10557,1HGCM51N100013,2024-01-22,Parts,1,104.08,0.1,USD,completed,online
ORD-200328,C11398,1HGCM64M100766,2024-01-22,Service Plan,2,1840.28,5,USD,Shipped,Phone
ORD-203376,C10419,,2023-09-22,Warranty,3,1729.08,0.1,EUR,shipped,online
ORD-202813,C10051,1HGCM70I100892,11/16/2023,Warranty,1,,0,USD,Completed,Phone
ORD-202440,C10179,1HGCM66A100468,2024/03/20,Warranty,1,430.47,10,GBP,Shipped,Dealer
ORD-200238,C10517,1HGCM68A100858,2023-12-28,Parts,4,"$1,961.24",15%,USD,Cancelled,Phone
ORD-200954,C10427,1HGCM39D100731,2024-08-04,Service Plan,4,3769.91,5,USD,shipped,online
ORD-201925,C10005,1HGCM32P100769,2023-10-15,Parts,1,477.12,,EUR,Completed,Phone
ORD-201079,C10870,1HGCM65C100470,2023-12-15,Service Plan,1,,15%,USD,shipped,online
ORD-203942,C10634,1HGCM44G100396,2024-07-28,Warranty,1,2212.06,0,usd,Completed,Phone
ORD-200066,C10404,1HGCM92G100760,2023-07-05,Warranty,1,423.75,15%,USD,COMPLETED,Online
ORD-202359, c10719,1HGCM87Z100363,2024-06-02,Vehicle,1,2575.22,0.1,USD,shipped,online
ORD-200617,C10549,1HGCM41X100491,2024-07-12,Warranty,1,596.71,0.1,USD,Canceled,Phone
ORD-200243,C10530,,2023-02-20,Service Plan,1,3981.04,15%,EUR,Canceled,Online
ORD-201649,C10498,,2024-07-02,Parts,1,1812.41,10,EUR,Pending,Phone
ORD-201440,C10337,1HGCM24L100791,2023-05-16,Warranty,3,3144.60,5,GBP,COMPLETED,Dealer
ORD-204161,C11018,1HGCM53E100550,2023/08/24,Vehicle,1,"$4,077.44",15%,GBP,Shipped,online
ORD-203369,C10035,1HGCM97R100485,2023-01-09,Warranty,2,3662.86,5,USD,Pending,online
ORD-203524,C10537,1HGCM47T100253,2024-01-12,Service Plan,1,3681.65,15%,USD,Pending,Dealer
ORD-202955,C10177,1HGCM68Q100562,"Nov 22, 2023",Vehicle,1,"$1,394.67",0,EUR,Pending,Online
ORD-201215,C10992,1HGCM51A100390,2023-03-10,Service Plan,1,1593.73,0.1,EUR,shipped,Dealer
ORD-200526,C10517,,2023-08-07,Vehicle,1,$857.25,15%,usd,Canceled,Phone
ORD-200271,C10086,1HGCM43Z100571,2023-07-06,Warranty,3,1912.46,5,usd,completed,Online
ORD-204150,C10037,,2023-09-09,Parts,1,3705.35,0,usd,shipped,Dealer
ORD-203539,C10729,1HGCM47B100027,2023-06-28,Warranty,4,2052.71,10,USD,completed,online
ORD-201956,C11386,,2023-09-03,Warranty,4,2074.83,10,usd,Completed,Online
ORD-202254,C10663,,2023-06-19,Accessories,3,4522.49,5,usd,Shipped,Phone
ORD-201546,C10912,1HGCM93A100052,2024-06-26,Vehicle,4,616.45,0.1,USD,Pending,online
ORD-202328,C10556,1HGCM87N100663,2023-08-30,Parts,1,$406.55,0.1,USD,Canceled,Dealer
ORD-200988,C11421,1HGCM77X100673,2024-06-30,Parts,1,$860.19,0.1,GBP,Completed,online
ORD-201172,C10805,1HGCM49U100228,2023-09-22,Vehicle,3,1883.55,15%,EUR,shipped,online
ORD-200552,C11353,1HGCM87Z100181,2023-05-08,Parts,2,$439.71,5,usd,COMPLETED,Phone
ORD-201379,C11110,,2023-05-21,Parts,2,,5,EUR,Shipped,Online
ORD-203813,C11470,1HGCM84Q100848,2023-07-22,Vehicle,1,,0,USD,completed,Online
ORD-200566,C10845,1HGCM77I100710,2024-07-26,Parts,2,3106.29,0.1,USD,Shipped,Online
ORD-202323,C11336,1HGCM44W100334,2023-03-23,Parts,1,3271.24,15%,EUR,completed,Online
ORD-203583,C10105,,2023/04/30,Warranty,4,"$2,852.77",,GBP,Shipped,online
ORD-202608,C10458,1HGCM26G100214,2024-03-04,Service Plan,3,"$2,767.00",15%,usd,Cancelled,online
ORD-202384,C10191,1HGCM97H100735,2023/11/08,Accessories,2,4241.34,10,usd,Canceled,Online
ORD-201051,C10592,1HGCM60K100790,2023-08-12,Parts,2,4712.82,10,EUR,Cancelled,online
ORD-200939,C10070,1HGCM60B100755,2024-08-23,Warranty,1,4724.66,0.1,GBP,shipped,Online
ORD-203771,C10729,1HGCM52N100195,"Jan 05, 2024",Accessories,1,1162.60,,EUR,completed,Phone
ORD-200705,C10904,1HGCM63I100476,2024-02-16,Warranty,2,1743.76,0.1,GBP,Cancelled,Dealer
ORD-201217,C10008,1HGCM75E100576,"Jan 23, 2023",Vehicle,4,1602.59,0,usd,Shipped,Dealer
ORD-201702,C10927,,2024-07-26,Accessories,2,2510.52,,EUR,Shipped,Dealer
ORD-201813,C10657,,2023-04-27,Service Plan,1,3163.72,5,usd,shipped,online
ORD-202643,C10066,1HGCM80Z100337,2023-09-28,Parts,3,2507.56,15%,GBP,shipped,online
ORD-200955,C10924,,2023-01-03,Accessories,1,4632.57,0,usd,Completed,online
ORD-202821,C10187,1HGCM80C100548,2023-10-14,Vehicle,3,2305.46,0.1,USD,COMPLETED,Dealer
ORD-203742,C10273,1HGCM59Z100779,2023-11-10,Vehicle,1,232.94,15%,GBP,Canceled,Phone
ORD-203245,C10389,,2023-08-09,Warranty,2,535.31,0,GBP,shipped,Dealer
ORD-202439,C10274,1HGCM40R100303,2023-04-14,Parts,1,1638.64,0.1,USD,Canceled,Dealer
ORD-202483,C10576,1HGCM58C100210,17 Jan 2023,Parts,2,4090.42,10,usd,Shipped,Online
ORD-202164,C10153,1HGCM28S100486,2024-02-15,Accessories,4,3979.36,15%,usd,COMPLETED,Online
ORD-203175,C11078,1HGCM86K100582,2023-04-18,Parts,3,,0.1,USD,completed,Dealer
ORD-203614,C11111,,2023-08-06,Vehicle,1,781.15,0.1,usd,shipped,Phone
ORD-200757,C10800,,2024-06-04,Service Plan,4,1233.79,0.1,USD,shipped,Phone
ORD-201544,C10997,1HGCM98M100558,2024-06-29,Accessories,1,3228.79,,USD,Pending,Phone
ORD-201589,C11487,1HGCM46S100122,2023-03-20,Vehicle,1,4437.69,5,USD,Cancelled,Dealer
ORD-201154,C11141,1HGCM64Q100692,2023-11-02,Service Plan,1,$381.92,15%,USD,Cancelled,Phone
ORD-200661,C10267,,2024-06-13,Accessories,1,2240.54,0,USD,Pending,Phone
ORD-200764,C11104,1HGCM15Y100024,04-06-2023,Parts,1,1838.80,,USD,Shipped,online
ORD-201316,C10977,1HGCM27L100349,02/08/2024,Accessories,1,4215.01,0.1,usd,Completed,online
ORD-203680,C10722,1HGCM37D100887,2023-09-27,Parts,3,3076.14,5,USD,COMPLETED,Phone
ORD-202161,C11104,,2023-05-28,Parts,1,3577.27,5,USD,Shipped,Dealer
ORD-201492,C11371,1HGCM40E100732,2023/11/29,Parts,2,3959.41,5,USD,Completed,Dealer
ORD-201542,C10930,1HGCM11C100366,2023-03-30,Accessories,1,"$1,267.15",15%,usd,Pending,Phone
ORD-203384,C10657,1HGCM76E100368,08/02/2023,Warranty,4,1675.40,5,usd,Pending,Dealer
ORD-202964,C10839,1HGCM28W100152,23 Sep 2023,Accessories,1,2257.82,0.1,usd,shipped,Dealer
ORD-201095,C10845,,"May 12, 2024",Service Plan,1,3577.47,0,USD,Shipped,Online
ORD-203117,C11387,1HGCM19I100216,2024-07-10,Warranty,1,2927.12,5,usd,completed,Online
ORD-202896,C11423,1HGCM24X100413,2023-05-01,Accessories,2,869.58,0,USD,Canceled,online
ORD-201475,C10778,1HGCM52L100401,2023-07-09,Parts,1,3549.03,5,USD,Canceled,online
ORD-203911,C10676,1HGCM22Q100198,2023-04-21,Service Plan,1,2862.71,10,USD,shipped,Phone
ORD-202304,C10373,1HGCM24H100345,2023-04-23,Vehicle,2,2938.03,10,GBP,Completed,Online
ORD-200314,C10981,1HGCM48Q100224,2024-03-09,Parts,1,"$1,393.32",,GBP,Pending,Dealer
ORD-201282,C10034,1HGCM78D100445,2024-01-21,Accessories,1,965.76,0,USD,COMPLETED,Phone
ORD-201824,C10059,,2023-10-03,Parts,1,"$2,029.32",5,USD,Canceled,Phone
ORD-201865,C10300,1HGCM42M100454,2024-08-18,Accessories,3,2272.89,,GBP,shipped,Phone
ORD-202508,C10844,1HGCM45K100426,2024-04-23,Service Plan,1,4295.23,0,GBP,completed,Dealer
ORD-201573,C11264,1HGCM77I100710,2024-01-27,Vehicle,3,381.08,15%,USD,Shipped,Dealer
ORD-203878,C11105,,2023-10-13,Parts,1,524.05,10,EUR,Canceled,Phone
ORD-200389,C11261,1HGCM37L100037,2024-08-17,Parts,4,1371.93,10,GBP,COMPLETED,Online
ORD-200577,C10187,1HGCM86A100286,2023-08-11,Warranty,2,$988.79,,USD,COMPLETED,Dealer
ORD-201028,C10730,1HGCM62Y100570,2024-02-12,Parts,4,3326.73,0.1,GBP,Canceled,Dealer
ORD-200162,C10690,1HGCM87H100111,2023-08-17,Parts,1,"$2,550.52",10,EUR,Completed,Phone
ORD-201898,C10884,,14 Jun 2024,Service Plan,1,1630.76,5,usd,COMPLETED,Online
ORD-200001,C10229,1HGCM80C100548,06-02-2023,Vehicle,1,800.44,10,GBP,Canceled,Phone
ORD-203728,C10146,1HGCM80N100897,08/08/2023,Parts,1,2004.79,,usd,Shipped,Online
ORD-201214,C11138,1HGCM98R100719,2024-03-28,Warranty,4,3921.68,10,usd,Canceled,Dealer
ORD-203085,C10096,1HGCM39T100695,2024-03-30,Service Plan,2,"$4,700.94",0.1,usd,Cancelled,Phone
ORD-201503,C11238,1HGCM12D100549,2024-05-03,Service Plan,1,2004.44,10,USD,Cancelled,Dealer
ORD-202824,C10360,1HGCM62Q100614,01/09/2023,Parts,1,1868.10,5,USD,Completed,Dealer
ORD-201613,C10781,1HGCM74M100428,2023-03-10,Warranty,1,64.20,5,GBP,Pending,Online
ORD-203485,C10135,,2023/06/28,Accessories,1,3856.21,15%,USD,COMPLETED,Dealer
ORD-202274,C11375,1HGCM77M100662,2024-06-05,Service Plan,1,"$2,344.07",5,EUR,Completed,Dealer
ORD-200077, c10282,1HGCM61M100376,2024-06-05,Parts,3,909.38,0.1,GBP,Canceled,Online
ORD-201841,C11102,1HGCM96G100344,2024-06-11,Vehicle,1,1447.64,0,EUR,completed,Online
ORD-201908,C11255,1HGCM22J100451,2023-11-09,Parts,4,1874.36,0,USD,shipped,Dealer
ORD-200196,C11365,1HGCM35Y100076,17-06-2023,Accessories,2,4451.77,15%,GBP,completed,online
ORD-203698,C11186,1HGCM48T100383,2023-09-14,Accessories,1,2429.14,5,EUR,completed,Online
ORD-200536,C10286,1HGCM34B100495,2024-04-18,Accessories,4,"$1,635.34",0.1,USD,shipped,Dealer
ORD-202429,C11169,1HGCM34J100815,2024-08-23,Accessories,4,"$1,718.89",,GBP,Pending,Phone
ORD-200651,C11438,1HGCM39O100742,"Sep 07, 2023",Accessories,1,"$2,039.54",0,usd,Pending,Online
ORD-203286,C10883,1HGCM20F100759,2023-05-09,Service Plan,4,1612.20,,usd,Shipped,online
ORD-200468,C10408,1HGCM26M100116,2024/04/30,Warranty,1,292.90,5,GBP,COMPLETED,Phone
ORD-200352,C11369,,2024-05-01,Service Plan,1,1927.71,,USD,Shipped,Online
ORD-203575,C11405,1HGCM77Z100259,2023-09-23,Parts,4,2799.57,,USD,Cancelled,online
ORD-202810,C10037,1HGCM94H100163,2023-07-17,Warranty,1,3486.19,0,GBP,COMPLETED,Dealer
ORD-202119,C11017,,2024-01-08,Accessories,1,161.11,15%,USD,Completed,Dealer
ORD-201620,C10975,1HGCM16J100373,2023-02-20,Warranty,2,263.81,,EUR,COMPLETED,online
ORD-201532,C10929,1HGCM94D100185,2024-07-18,Service Plan,4,135.71,0,GBP,Completed,Dealer
ORD-202997,C93702,1HGCM28W100152,2023-04-04,Parts,2,4550.85,15%,USD,completed,Dealer
ORD-201986,C10928,1HGCM43H100839,2023-06-27,Vehicle,2,532.10,0,usd,Cancelled,Phone
ORD-200581,C11337,1HGCM60B100755,2024-08-12,Vehicle,2,"$2,854.55",0,GBP,shipped,Phone
ORD-202102,C10486,1HGCM51A100390,2023-12-04,Service Plan,4,1905.49,5,GBP,Cancelled,Online
ORD-203645,C10485,1HGCM13C100808,2024-02-22,Service Plan,1,4139.42,5,USD,shipped,Dealer
ORD-203778,C11315,,2023-05-03,Parts,3,721.09,10,usd,Completed,Dealer
ORD-201194,C11012,1HGCM35Y100258,2024-02-17,Parts,1,34.94,5,USD,COMPLETED,online
ORD-200535,C11301,1HGCM88N100117,2024-03-20,Warranty,1,$169.85,15%,EUR,shipped,online
ORD-201042,C10383,1HGCM35T100331,2023/06/18,Vehicle,3,1216.68,15%,GBP,Shipped,Online
ORD-200205, c11265,1HGCM39Z100831,2024-07-08,Vehicle,1,4348.63,5,usd,completed,Phone
ORD-201430,C11203,1HGCM71I100294,2024-04-07,Parts,3,4350.08,15%,USD,completed,Dealer
ORD-202586,C11164,1HGCM60K100790,2023-04-27,Service Plan,3,4068.07,0.1,USD,COMPLETED,Online
ORD-201290, c11083,1HGCM80C100886,2023-09-19,Parts,3,3827.81,0.1,USD,Completed,Dealer
ORD-200050,C10291,1HGCM92G100760,2023-08-06,Parts,4,817.80,,GBP,COMPLETED,Online
ORD-204139,C10152,1HGCM84Q100848,12 Apr 2023,Vehicle,3,,0.1,EUR,shipped,Phone
ORD-203127,C11044,1HGCM53V100203,2024-08-04,Accessories,3,2268.37,0,GBP,shipped,Phone
ORD-201151,C11394,,2023-01-26,Service Plan,3,39.77,5,USD,COMPLETED,Phone
ORD-201180,C10170,1HGCM63W100776,2023-01-23,Accessories,3,812.92,0,USD,shipped,online
ORD-202222,C10986,1HGCM41E100888,2023-07-18,Service Plan,4,1446.91,5,usd,Cancelled,online
ORD-200778,C10484,1HGCM31P100535,07-05-2023,Service Plan,1,2887.26,5,usd,Cancelled,online
ORD-200818,C10423,1HGCM96N100845,2024-06-27,Parts,1,2510.91,5,GBP,Completed,online
ORD-202420,C11436,1HGCM96W100204,2023-08-02,Warranty,3,896.59,0,USD,Pending,Phone
ORD-200452,C11031,1HGCM58S100512,2023-11-27,Warranty,3,1661.85,,EUR,Completed,Dealer
ORD-203877,C11336,1HGCM70M100064,2023-03-22,Accessories,3,4649.35,0,USD,Cancelled,Online
ORD-202733,C11405,,04/10/2023,Accessories,1,1395.84,,EUR,shipped,online
ORD-201271,C11441,1HGCM90L100115,01/09/2024,Vehicle,3,3813.66,0,USD,COMPLETED,Online
ORD-201232,C11386,1HGCM23C100106,30 Mar 2024,Warranty,4,664.31,15%,USD,shipped,Online
ORD-200286,C10578,1HGCM56P100795,2024-06-23,Parts,1,4717.26,,USD,Cancelled,online
ORD-200121,C11318,1HGCM49N100351,2023-12-08,Vehicle,3,1198.46,10,USD,Cancelled,online
ORD-200123,C10232,,2024-03-14,Accessories,3,"$4,756.49",5,usd,Cancelled,Dealer
ORD-203743,C11182,1HGCM12K100738,05/13/2024,Accessories,1,3042.02,0,USD,completed,Online
ORD-201023,C10990,1HGCM87O100534,03-06-2023,Parts,4,2661.68,,USD,Shipped,Dealer
ORD-201954,C10393,,2023-10-03,Accessories,1,"$2,725.05",,USD,Completed,online
ORD-201354,C10122,,2024-03-06,Warranty,1,$652.14,5,USD,COMPLETED,Dealer
ORD-202325,C10524,1HGCM32T100591,2023-06-08,Accessories,3,4007.20,10,GBP,Cancelled,Online
ORD-204130,C10627,1HGCM87A100572,2023-08-06,Service Plan,4,624.50,0.1,USD,COMPLETED,Online
ORD-203382,C10787,1HGCM30Z100415,2023/11/14,Service Plan,4,4152.64,0,usd,Pending,online
ORD-203493,C11138,1HGCM71C100392,07/26/2024,Accessories,1,84.99,0.1,EUR,Cancelled,Online
ORD-200184, c10699,1HGCM67K100452,2023-11-25,Accessories,4,3957.58,5,EUR,COMPLETED,Online
ORD-203331,C10188,1HGCM29F100239,2023-05-17,Parts,2,3028.16,,USD,completed,Online
ORD-200194,C10053,1HGCM42B100677,2023-11-10,Service Plan,1,2073.95,5,USD,shipped,Online
ORD-201607,C11316,1HGCM77K100400,2024-04-09,Warranty,3,3658.48,0.1,USD,Completed,Dealer
ORD-200223,C10669,1HGCM98Z100207,2024-07-25,Vehicle,1,2164.85,0.1,usd,Cancelled,online
ORD-201728,C10638,1HGCM21P100509,2023-09-21,Accessories,3,2576.86,10,GBP,Shipped,Phone
ORD-200576,C11390,1HGCM76S100798,2023-02-26,Vehicle,1,3044.48,,USD,Shipped,Online
ORD-201541,C10789,,2024-06-10,Accessories,4,"$3,705.89",10,usd,Shipped,Dealer
ORD-203638,C10114,1HGCM10X100647,03/29/2023,Warranty,4,1156.83,,USD,completed,Phone
ORD-203567,C11030,1HGCM49O100248,2023-09-24,Accessories,4,645.91,,GBP,Completed,Online
ORD-201391,C11443,1HGCM57P100223,2023-05-27,Warranty,1,2140.42,0.1,usd,shipped,Phone
ORD-202032,C11377,1HGCM83R100771,13-04-2023,Warranty,1,3384.68,15%,USD,Cancelled,Phone
ORD-200883,C10904,1HGCM86Z100519,2024/07/13,Warranty,4,4194.98,5,EUR,COMPLETED,Online
ORD-200080,C11493,1HGCM23A100182,"Feb 08, 2023",Vehicle,1,1559.69,,EUR,Shipped,online
ORD-201536,C10180,,2024-01-26,Warranty,3,3688.30,0,USD,Pending,Online
ORD-202835,C11171,1HGCM62O100586,07/03/2024,Accessories,3,4200.99,0,usd,COMPLETED,Phone
ORD-201233,C10549,1HGCM40L100141,2024-06-20,Warranty,4,1736.46,,EUR,Cancelled,Online
ORD-202933,C10836,1HGCM52V100255,2023-12-04,Service Plan,2,426.68,5,USD,shipped,Online
ORD-202526,C10255,,2024-07-07,Accessories,1,4188.63,,GBP,Shipped,Online
ORD-200546,C10839,1HGCM47C100574,2024-08-21,Service Plan,1,3726.04,10,USD,Shipped,Online
ORD-203338,C10258,,2024-01-09,Parts,1,2682.72,10,usd,Completed,Online
ORD-202194,C10343,1HGCM74M100844,2023-09-18,Accessories,4,683.54,0,usd,Shipped,online
ORD-200860,C10984,,14 Feb 2023,Accessories,4,1350.65,,USD,Canceled,online
ORD-203354,C10662,1HGCM67Q100536,27 Mar 2023,Accessories,2,2177.49,10,USD,Pending,Dealer
ORD-202480,C10757,1HGCM15D100757,2024-04-07,Parts,1,2924.93,5,USD,completed,Online
ORD-203316,C10171,1HGCM71Z100727,2023-08-10,Accessories,4,4221.19,0.1,USD,COMPLETED,Phone
ORD-203284,C10847,1HGCM59S100772,2024-05-01,Vehicle,1,2314.14,10,USD,completed,Online
ORD-201580,C10112,1HGCM92W100048,06-06-2024,Service Plan,2,1672.81,5,EUR,Pending,online
ORD-200679,C11271,,2023-03-02,Accessories,4,2051.96,10,USD,completed,online
ORD-200378,C10042,1HGCM90K100816,2023-02-20,Accessories,3,471.65,10,USD,shipped,Online
ORD-203514,C10804,1HGCM87A100624,2023-03-27,Vehicle,2,3227.84,,USD,Shipped,online
ORD-202079,C11208,1HGCM22J100191,2023-01-01,Vehicle,1,3508.80,15%,USD,COMPLETED,online
ORD-200707,C10135,1HGCM11C100366,2023-01-19,Parts,3,2085.59,10,GBP,Completed,Phone
ORD-204137,C10155,,2024-05-21,Vehicle,1,2418.91,15%,USD,shipped,online
ORD-203801,C10691,1HGCM54J100555,2023-05-25,Warranty,1,2708.22,5,USD,shipped,Phone
ORD-201451,C11182,1HGCM90E100680,23 Feb 2024,Accessories,1,4126.21,15%,EUR,Canceled,Dealer
ORD-203781,C10565,,"Jan 05, 2024",Parts,4,,5,USD,Completed,Dealer
ORD-202078, c10313,,2024-07-28,Accessories,1,471.02,,USD,Pending,online
ORD-203004,C11163,,2024-08-04,Vehicle,1,58.27,0.1,GBP,completed,Online
ORD-200787,C10005,1HGCM19M100818,2023-02-05,Accessories,1,3720.68,0.1,GBP,Cancelled,Dealer
ORD-201770, c11159,1HGCM61Y100544,2023/02/23,Parts,1,3775.20,5,GBP,shipped,Online
ORD-200963,C11140,,2023-06-18,Vehicle,4,3061.70,10,usd,Shipped,online
ORD-201412,C10849,,2023-12-10,Service Plan,3,4785.81,10,EUR,Cancelled,Phone
ORD-200505,C10449,1HGCM42I100580,07/14/2024,Warranty,2,3137.61,5,USD,Cancelled,Online
ORD-201994,C11153,,2023/10/11,Service Plan,4,889.97,15%,GBP,completed,Phone
ORD-201224,C11261,1HGCM64P100171,2023-03-22,Vehicle,1,57.54,15%,USD,Pending,online
ORD-200217,C10551,,2024-03-18,Parts,1,"$4,078.97",10,GBP,Canceled,Phone
ORD-202455,C11262,1HGCM58S100850,2023-04-19,Warranty,4,"$3,141.85",0,USD,Shipped,Online
ORD-202866,C10131,1HGCM89T100097,2023-03-09,Service Plan,1,164.38,0,GBP,Completed,Online
ORD-200810,C10281,1HGCM32T100591,21 Feb 2023,Warranty,1,85.39,0,usd,Cancelled,Dealer
ORD-201482,C10773,1HGCM98M100558,2023-07-12,Service Plan,1,4103.94,5,GBP,shipped,Dealer
ORD-201326,C10820,1HGCM31E100836,2023-08-18,Warranty,1,279.69,0,USD,Shipped,online
ORD-200450,C10428,1HGCM81M100636,2023-08-16,Parts,4,2429.99,10,USD,shipped,online
ORD-203489,C11420,,2023-08-04,Warranty,1,4436.16,5,usd,COMPLETED,online
ORD-203785,C10474,1HGCM32V100801,2023-10-15,Warranty,1,-334.94,5,USD,Pending,online
ORD-200854,C10955,1HGCM71U100852,2023-02-18,Accessories,3,658.35,0,GBP,Pending,online
ORD-201010,C10781,,2023-05-19,Parts,1,1139.14,,EUR,completed,online
ORD-203024,C10178,,2024-02-10,Accessories,2,2011.23,,GBP,COMPLETED,Dealer
ORD-203557,C10716,,2023-09-29,Accessories,1,3543.10,,USD,completed,Phone
ORD-200765,C10753,1HGCM64M100766,06 Mar 2023,Accessories,4,31.18,10,USD,Pending,Phone
ORD-202665,C10203,,"Feb 06, 2023",Parts,4,"$2,469.00",0,usd,Cancelled,online
ORD-200435,C10237,,2024-06-23,Parts,1,"$1,642.50",0,GBP,Completed,Online
ORD-203492,C10196,1HGCM42M100454,2024-04-11,Service Plan,1,1105.76,0,USD,completed,Phone
ORD-200288,C10296,,2023-03-25,Parts,2,708.20,15%,GBP,Shipped,online
ORD-202424,C10106,1HGCM79U100280,2023-05-14,Vehicle,4,2516.76,5,EUR,COMPLETED,online
ORD-203130, c10232,1HGCM25Z100597,08-06-2023,Parts,1,3374.73,5,USD,Shipped,Online
ORD-200593,C10511,,"Mar 14, 2023",Warranty,4,1854.43,0,usd,COMPLETED,online
ORD-201496,C10819,1HGCM23H100813,2023-08-28,Warranty,3,,5,usd,shipped,Dealer
ORD-203165,C10169,1HGCM83Z100623,2024-07-13,Accessories,3,2291.28,,USD,Pending,Online
ORD-202203, c10603,,03/18/2023,Vehicle,1,"$3,855.35",,USD,Cancelled,Phone
ORD-202734,C10890,1HGCM68S100356,2024-03-24,Accessories,1,2504.62,0.1,USD,Pending,Dealer
ORD-200525,C10736,1HGCM88N100481,16-06-2024,Parts,1,1047.10,15%,EUR,shipped,Dealer
ORD-201168,C10689,,08 Jul 2024,Accessories,1,2421.99,0,USD,Canceled,Dealer
ORD-201795,C10233,1HGCM46A100832,06 Apr 2024,Service Plan,2,"$1,328.31",0,USD,Completed,online
ORD-201982,C11158,1HGCM39K100322,2023-03-29,Warranty,4,"$2,697.93",15%,EUR,shipped,online
ORD-201246,C10364,1HGCM23G100006,2023-09-01,Service Plan,1,2979.19,0.1,USD,completed,online
ORD-201936,C10687,1HGCM82Z100389,"Apr 27, 2024",Parts,3,1722.87,15%,EUR,completed,Online
ORD-201434,C10156,1HGCM56V100073,"Jul 01, 2024",Service Plan,3,2663.82,10,EUR,Canceled,online
ORD-202621, c10431,1HGCM77V100229,2024-03-09,Service Plan,3,213.72,5,usd,COMPLETED,Phone
ORD-200872,C10411,1HGCM36H100085,2024-05-04,Parts,1,3974.60,0.1,EUR,Canceled,Online
ORD-200796,C10459,1HGCM39R100225,2024-04-27,Warranty,3,2972.28,5,USD,COMPLETED,Online
ORD-203193,C11207,1HGCM40H100215,2023-11-05,Accessories,1,2173.54,,EUR,Cancelled,Dealer
ORD-203513,C11303,1HGCM18E100446,2023-10-15,Vehicle,3,1673.42,0,USD,Completed,Phone
ORD-204074,C10004,1HGCM62O100586,2023-05-11,Vehicle,3,"$3,217.14",10,USD,Cancelled,Online
ORD-202853,C10374,1HGCM62Q100614,2024-01-27,Parts,1,4489.26,10,GBP,Shipped,Dealer
ORD-203670,C11425,1HGCM47T100253,2024/03/10,Parts,1,3056.23,0.1,usd,completed,Online
ORD-202830,C11494,1HGCM26G100214,2023-12-26,Parts,2,"$3,967.68",15%,USD,Pending,online
ORD-200225,C10266,1HGCM57P100223,02/26/2024,Parts,1,951.46,,usd,Shipped,Phone
ORD-200434,C10184,1HGCM99A100676,03/11/2024,Accessories,4,4510.59,,usd,shipped,Dealer
ORD-202165,C10577,,01/30/2024,Service Plan,3,2252.54,15%,USD,Pending,Phone
ORD-203006,C11249,1HGCM74Q100796,2023-09-29,Accessories,4,1246.45,5,USD,Canceled,online
ORD-203940,C10128,1HGCM98G100526,2024-04-25,Accessories,2,1756.43,,usd,Completed,Online
ORD-201494,C10606,1HGCM81J100477,2024-06-11,Parts,2,2336.64,0.1,USD,Pending,online
ORD-202344,C11197,1HGCM60E100498,2023-12-09,Service Plan,4,4716.56,10,usd,COMPLETED,Dealer
ORD-203044,C10029,1HGCM97I100736,2023-06-16,Warranty,1,1204.30,5,GBP,Pending,Dealer
ORD-202819,C10205,1HGCM41X100491,2024/06/01,Accessories,1,"$3,331.06",0,USD,Completed,Dealer
ORD-201604,C11242,1HGCM56P100717,2023-03-27,Vehicle,1,2234.99,10,USD,Canceled,Online
ORD-203265,C10663,1HGCM59Z100779,2024-06-30,Service Plan,1,1534.70,5,USD,shipped,Online
ORD-202883, c10979,1HGCM58M100038,2024-05-21,Accessories,4,2613.22,0,USD,Canceled,Dealer
ORD-201132,C10075,1HGCM35Q100380,2023-08-15,Accessories,2,452.00,5,USD,Canceled,Online
ORD-203792, c10947,1HGCM28I100658,2023-09-07,Service Plan,1,51.27,0.1,USD,COMPLETED,Dealer
ORD-203827,C11105,1HGCM98Y100648,2023/12/30,Parts,1,510.51,,usd,COMPLETED,Dealer
ORD-203854,C11355,1HGCM24T100149,2024-06-08,Accessories,3,1376.28,0.1,USD,Canceled,Phone
ORD-202730,C10916,1HGCM10K100036,2024-07-09,Parts,3,2019.60,5,USD,Cancelled,online
ORD-202389,C10873,1HGCM35J100243,"Sep 12, 2023",Warranty,4,2857.44,0,USD,COMPLETED,online
ORD-203710,C11156,,2023-10-25,Service Plan,2,1201.57,0.1,USD,COMPLETED,Online
ORD-202252,C11410,1HGCM97E100160,2023-10-21,Parts,1,3136.24,,GBP,Pending,Phone
ORD-202488,C10973,,2023-08-04,Service Plan,4,3970.92,,USD,Cancelled,online
ORD-201655,C10507,,2023-07-05,Parts,2,4562.75,0.1,usd,Shipped,Dealer
ORD-202104,C10635,1HGCM67P100015,2023-11-23,Accessories,4,1541.15,10,GBP,Shipped,Phone
ORD-203552,C10326,1HGCM75W100126,2024-04-05,Service Plan,1,"$3,418.66",15%,USD,Pending,Online
ORD-201078,C10614,1HGCM43R100693,2023-06-09,Vehicle,1,"$2,453.23",,USD,Completed,Dealer
ORD-202091,C10237,1HGCM88J100087,2023-08-13,Parts,4,1848.99,0,EUR,Shipped,online
ORD-200309,C11152,,2024-03-25,Parts,1,827.50,10,EUR,Canceled,Online
ORD-203677,C11185,1HGCM53N100871,2023-11-10,Accessories,2,3579.47,10,GBP,Completed,online
ORD-202249,C10641,1HGCM47V100723,2024-02-18,Parts,1,4465.69,0.1,GBP,Canceled,Online
ORD-204131,C11432,1HGCM78B100053,06/11/2024,Warranty,2,,0,USD,completed,Online
ORD-204134,C10565,,2023-01-27,Accessories,1,846.11,10,usd,Completed,Phone
ORD-202788,C10468,1HGCM35B100573,2023-11-22,Accessories,2,2499.32,15%,USD,completed,online
ORD-200354,C10920,1HGCM69J100659,2024-03-28,Vehicle,1,2104.04,,USD,Cancelled,Dealer
ORD-201684,C11002,1HGCM54J100555,2024-03-12,Warranty,3,4178.12,15%,USD,Completed,Phone
ORD-203702,C11227,1HGCM59Z100779,11-05-2024,Service Plan,1,4288.77,5,USD,shipped,Dealer
ORD-200404,C11050,1HGCM16E100108,2023-05-10,Warranty,4,3541.20,15%,usd,completed,Phone
ORD-203296,C11149,1HGCM51X100075,05/06/2024,Vehicle,4,2759.76,5,USD,Shipped,Phone
ORD-201642,C10430,1HGCM32T100591,2024-08-23,Accessories,1,2443.84,5,usd,Shipped,Dealer
ORD-202033,C11148,1HGCM43Q100302,2024-03-21,Accessories,1,2841.50,5,USD,Pending,Online
ORD-201097,C10302,1HGCM28I100658,2023/12/25,Service Plan,1,3938.74,5,USD,Pending,Phone
ORD-200906, c10775,1HGCM14G100084,2023-08-23,Service Plan,4,"$2,742.33",0,USD,COMPLETED,Phone
ORD-201686,C11431,1HGCM30M100740,2024-01-22,Accessories,4,,15%,USD,completed,online
ORD-202976,C10216,,2023-12-01,Vehicle,3,57.81,5,USD,Cancelled,Phone
ORD-201534,C11084,1HGCM47G100500,2023-05-15,Vehicle,1,4407.42,15%,USD,shipped,online
ORD-200911,C11078,1HGCM81M100636,2023-02-17,Accessories,3,776.69,0,USD,COMPLETED,Online
ORD-200962,C11440,1HGCM99U100592,2023/12/19,Accessories,3,1188.79,5,USD,Cancelled,online
ORD-201750,C10369,1HGCM43Y100050,2023-09-26,Parts,2,2405.95,5,USD,Pending,Online
ORD-202059,C10017,,2023-07-09,Warranty,3,,,USD,Shipped,Dealer
ORD-201528,C11098,1HGCM85S100278,2024-01-19,Accessories,2,443.18,0.1,USD,Cancelled,Online
ORD-203714,C10531,1HGCM96L100609,2023-04-18,Parts,4,1316.05,15%,usd,COMPLETED,Online
ORD-200232,C10094,1HGCM42B100677,2024-03-20,Warranty,4,3086.36,,USD,Canceled,Phone
ORD-202365,C10285,1HGCM81J100477,2024/04/13,Vehicle,4,1104.92,15%,USD,COMPLETED,online
ORD-200251,C11269,1HGCM65F100161,2024-03-07,Service Plan,3,"$4,735.83",,USD,Completed,online
ORD-201464,C11172,1HGCM86K100582,2023-05-03,Warranty,4,2143.27,,EUR,Canceled,Dealer
ORD-202093,C10756,1HGCM11L100557,2024-07-15,Warranty,1,847.39,0.1,EUR,Completed,Phone
ORD-203540,C11147,1HGCM41X100491,30 Oct 2023,Parts,1,3720.68,5,USD,COMPLETED,Online
ORD-202708,C11351,1HGCM72N100741,2023-02-26,Service Plan,1,4264.91,0,usd,completed,Online
ORD-200769,C11257,1HGCM54X100829,12/20/2023,Parts,4,4486.13,10,USD,Pending,Phone
ORD-200537,C10040,1HGCM64P100405,2024-06-11,Accessories,4,3461.62,,USD,Completed,online
ORD-200850,C11457,1HGCM45L100687,2024-06-11,Vehicle,1,331.99,10,GBP,COMPLETED,Online
ORD-204129,C10146,1HGCM48W100256,2023-05-23,Service Plan,1,2232.92,15%,GBP,Canceled,online
ORD-202558,C10899,1HGCM75W100126,2024-06-06,Vehicle,1,3411.36,5,USD,Shipped,online
ORD-202116,C11329,,2023-08-11,Vehicle,1,3797.42,0,USD,Shipped,online
ORD-201789,C10969,1HGCM24C100496,2024-04-11,Warranty,3,2973.74,0.1,usd,COMPLETED,Dealer
ORD-202649,C10422,1HGCM22S100252,2023-10-17,Accessories,1,3069.34,5,GBP,COMPLETED,Dealer
ORD-204070,C10744,1HGCM51B100651,"Aug 03, 2023",Service Plan,4,204.71,5,USD,Canceled,online
ORD-201207,C10215,1HGCM49X100231,2023-10-12,Parts,1,3887.27,5,USD,Shipped,online
ORD-202134,C10013,,2023-05-02,Service Plan,1,4253.96,0.1,USD,completed,Phone
ORD-202124,C11078,1HGCM49B100443,2024-03-31,Warranty,1,3718.11,10,USD,completed,online
ORD-200814,C10647,1HGCM76E100368,2023-07-24,Accessories,3,"$3,485.73",15%,USD,completed,Online
ORD-204041,C11362,1HGCM66O100482,2023-02-28,Warranty,3,"$3,495.98",5,usd,COMPLETED,Dealer
ORD-202539,C11004,1HGCM18E100446,2023-06-21,Service Plan,1,3408.88,0,USD,Cancelled,online
ORD-203054,C10927,1HGCM26H100059,2023-09-08,Accessories,1,3533.64,0,USD,shipped,online
ORD-201448,C11118,1HGCM35Y100258,2024-06-03,Parts,2,727.48,5,EUR,shipped,Phone
ORD-203293,C11453,1HGCM66X100803,2023-11-01,Parts,1,975.28,,EUR,Pending,Phone
ORD-203318,C11316,1HGCM34B100599,"Jun 12, 2023",Warranty,1,1659.47,15%,GBP,COMPLETED,Dealer
ORD-200267,C10084,1HGCM71H100189,22 May 2023,Vehicle,2,2057.30,0.1,GBP,Completed,Online
ORD-201235,C10506,1HGCM63Y100726,2024-08-07,Vehicle,1,4469.00,0.1,EUR,Shipped,Online
ORD-202918,C11397,1HGCM26U100098,22-06-2023,Warranty,2,193.95,0,USD,completed,Online
ORD-201272,C11096,1HGCM75D100471,2023-04-23,Service Plan,1,3999.61,5,usd,Pending,Phone
ORD-200229,C11006,1HGCM87N100715,09-09-2023,Service Plan,3,752.42,0,usd,COMPLETED,Phone
ORD-201071,C10614,,2023/04/18,Service Plan,4,"$1,681.14",5,EUR,Completed,Dealer
ORD-201591,C10914,1HGCM52C100184,2023/07/27,Parts,1,1617.17,0,EUR,Canceled,Online
ORD-202928,C11173,1HGCM81H100683,2023-07-29,Parts,1,4090.47,0.1,GBP,COMPLETED,Dealer
ORD-202026,C11226,1HGCM73P100743,2024-01-19,Accessories,1,3227.99,0.1,EUR,Canceled,Dealer
ORD-203883,C10692,1HGCM22P100691,2023-12-26,Vehicle,4,3221.92,15%,USD,Cancelled,online
ORD-202723,C11255,1HGCM50Y100128,2024/05/06,Accessories,1,"$4,579.10",0.1,EUR,COMPLETED,Dealer
ORD-200813,C11195,1HGCM52D100861,2024-03-18,Service Plan,3,2716.96,10,usd,COMPLETED,Dealer
ORD-203936, c10622,1HGCM54J100555,2024/06/18,Warranty,2,1620.35,,GBP,completed,Online
ORD-203881,C10066,1HGCM35X100621,2024-01-10,Parts,4,1352.30,15%,EUR,Canceled,Phone
ORD-203455,C10683,1HGCM62Q100614,2023-09-20,Accessories,2,707.22,0.1,usd,Completed,Online
ORD-202018, c11252,1HGCM78C100860,2023-07-21,Parts,2,4602.25,0.1,USD,Canceled,Dealer
ORD-202061,C10337,1HGCM68O100352,2024-08-07,Warranty,1,525.07,10,usd,shipped,Dealer
ORD-200826,C10327,1HGCM56C100704,2023-08-05,Service Plan,1,4754.89,10,usd,Completed,Dealer
ORD-200892,C10174,1HGCM20T100773,2024-08-19,Vehicle,1,2417.28,,EUR,Canceled,Dealer
ORD-202731,C11039,1HGCM61H100293,2024-02-17,Warranty,1,3996.19,0.1,usd,COMPLETED,Phone
ORD-200028,C11176,,22 Feb 2023,Warranty,1,1337.89,0.1,GBP,Canceled,Dealer
ORD-201576,C10888,1HGCM34M100896,2024-02-03,Service Plan,1,3943.22,5,usd,shipped,Phone
ORD-200305,C10339,1HGCM17M100090,2024-04-25,Vehicle,3,4561.01,5,USD,COMPLETED,Dealer
ORD-201551,C10814,1HGCM16K100192,2024/03/15,Warranty,2,3239.23,10,GBP,Canceled,online
ORD-203428,C11420,1HGCM58H100137,"Jul 20, 2023",Vehicle,4,"$1,879.55",,USD,completed,Phone
ORD-201820,C10790,,2024-04-20,Accessories,1,4750.61,0,GBP,shipped,online
ORD-201008,C10382,1HGCM71T100877,2023/02/23,Accessories,1,383.65,15%,USD,Pending,Online
ORD-202466,C10249,1HGCM16J100373,2023-08-18,Warranty,4,3200.29,,USD,Completed,Online
ORD-201634,C10605,1HGCM39I100190,2023/11/21,Parts,4,2557.10,,GBP,Shipped,Online
ORD-203534,C11114,,2023/09/15,Parts,1,2824.37,10,USD,Canceled,online
ORD-202465,C10440,1HGCM89I100788,2023-12-11,Service Plan,1,362.65,,USD,COMPLETED,online
ORD-201752,C10303,1HGCM77V100229,2024-02-18,Warranty,4,3099.98,15%,USD,completed,Online
ORD-201856,C10286,1HGCM14I100346,2023-06-19,Accessories,1,4719.19,5,USD,Canceled,Online
ORD-201993,C11208,1HGCM56J100165,2023-11-16,Vehicle,3,4118.03,10,USD,Shipped,Phone
ORD-203631,C11080,1HGCM66U100410,2023/10/01,Service Plan,2,756.50,15%,USD,completed,online
ORD-202004,C10019,1HGCM49U100228,2024-03-04,Service Plan,3,2892.78,,EUR,Completed,online
ORD-200444,C10059,,2024-01-08,Vehicle,1,349.34,0.1,USD,Cancelled,Phone
ORD-203641,C10024,,2023-02-21,Parts,1,4544.61,0,usd,Pending,online
ORD-202881,C10818,1HGCM94D100159,2023-09-16,Warranty,3,4030.36,,usd,Shipped,Online
ORD-202625,C10135,1HGCM55R100745,2023-01-23,Service Plan,4,950.00,0,usd,Cancelled,Phone
ORD-201758,C10073,1HGCM45Z100025,06-01-2023,Service Plan,1,260.69,0,USD,completed,Online
ORD-200400,C10973,,"Mar 26, 2023",Accessories,2,1037.93,0.1,usd,shipped,Online
ORD-203817,C11008,1HGCM71Q100822,2024-05-30,Service Plan,4,1736.61,10,GBP,shipped,Online
ORD-200174,C10714,1HGCM77Y100206,2023-04-10,Parts,1,1115.04,0,usd,Pending,Online
ORD-201036,C11307,1HGCM77K100400,2023-02-01,Parts,1,510.79,0,USD,Completed,Online
ORD-202288,C10342,1HGCM84Q100120,2023-01-18,Parts,2,"$3,918.39",0,USD,completed,online
ORD-203457,C10945,1HGCM52J100789,"Mar 06, 2024",Parts,3,805.27,0.1,USD,COMPLETED,Online
ORD-200795,C11191,1HGCM22W100854,2023-12-26,Vehicle,3,3417.50,10,USD,shipped,online
ORD-203093,C11466,,2023-07-28,Service Plan,1,2282.83,10,USD,Cancelled,Phone
ORD-200574,C10501,,10-12-2023,Accessories,1,2598.94,0.1,GBP,Shipped,online
ORD-203566,C10801,,2023-10-03,Service Plan,1,630.11,,USD,shipped,Phone
ORD-202027,C11091,1HGCM12D100549,2024-03-27,Vehicle,1,3129.80,15%,USD,Cancelled,Dealer
ORD-202020,C10777,1HGCM73Q100770,2023/03/20,Accessories,3,1909.61,,EUR,Shipped,Dealer
ORD-202938,C10936,,2024-03-21,Parts,3,3304.78,15%,USD,Cancelled,Dealer
ORD-203896,C10448,1HGCM99B100261,19-06-2024,Parts,1,3610.32,0,USD,completed,online
ORD-203746,C11121,,2023-02-25,Accessories,3,2092.08,5,USD,Completed,Online
ORD-202262,C10104,1HGCM13R100069,2024-05-22,Warranty,1,4774.05,0,USD,shipped,Dealer
ORD-203805,C10556,1HGCM61G100630,09-04-2024,Warranty,1,903.56,5,usd,COMPLETED,Phone
ORD-200838,C10858,1HGCM52V100255,2024-05-20,Vehicle,1,3573.19,0,USD,Pending,Phone
ORD-202159,C10586,,2024-03-15,Vehicle,1,3559.96,0.1,usd,Cancelled,Online
ORD-202744,C10948,1HGCM69M100350,15 Oct 2023,Accessories,2,"$2,161.05",5,USD,Cancelled,Phone
ORD-202622,C11430,1HGCM67Z100701,2024-06-22,Vehicle,3,"$3,281.32",,EUR,Cancelled,Phone
ORD-203202,C10961,,2023/02/16,Service Plan,4,4100.54,5,USD,Canceled,Online
ORD-201715,C11369,1HGCM29E100862,2024-04-09,Vehicle,1,3969.56,0.1,USD,Completed,Phone
ORD-203497,C10403,1HGCM54F100837,2023-08-29,Service Plan,4,868.77,15%,EUR,shipped,Dealer
ORD-203326,C10240,1HGCM70W100880,2023-11-01,Parts,2,3063.61,0,usd,Pending,Phone
ORD-200000,C10753,1HGCM96G100344,2024/05/13,Warranty,1,874.64,0,USD,Pending,Dealer
ORD-204038,C10838,1HGCM62H100657,2024-03-26,Vehicle,1,4413.65,0.1,usd,Pending,Phone
ORD-202840,C10444,1HGCM45G100474,10 Feb 2024,Accessories,2,1448.28,15%,USD,Cancelled,Dealer
ORD-201543,C10681,1HGCM50X100335,2023/09/20,Parts,2,2298.03,0,EUR,Canceled,Phone
ORD-202745,C10626,,2023-07-29,Parts,1,2599.22,5,EUR,Pending,Dealer
ORD-201348,C10569,1HGCM10H100397,15 Feb 2024,Service Plan,1,1044.59,0,USD,COMPLETED,online
ORD-200802,C10038,1HGCM31E100836,22-03-2023,Warranty,1,1648.23,5,USD,Canceled,Dealer
ORD-202855,C10395,,2023-08-22,Parts,1,4567.57,0.1,USD,Completed,Online
ORD-202410,C10799,1HGCM49X100231,06/27/2024,Parts,4,"$2,857.99",10,GBP,shipped,Online
ORD-200920,C10780,1HGCM46A100832,2024-06-07,Warranty,3,3471.11,0.1,USD,shipped,Phone
ORD-201975,C10025,1HGCM32K100114,2023-06-24,Parts,1,296.27,0.1,USD,COMPLETED,Online
ORD-203067,C10739,,"Jan 30, 2024",Vehicle,1,3605.33,0.1,USD,Shipped,Dealer
ORD-201139,C11236,1HGCM81Y100336,2024-02-27,Parts,3,837.84,0,USD,Pending,Phone
ORD-203971,C10275,1HGCM15I100450,2023/12/19,Parts,2,"$1,285.16",5,usd,COMPLETED,Online
ORD-201583,C10461,1HGCM27C100782,2023-06-10,Warranty,4,3350.50,15%,usd,Cancelled,online
ORD-200846,C10329,1HGCM83D100679,13-06-2024,Warranty,1,2981.58,10,USD,Canceled,online
ORD-201481,C11342,1HGCM52Z100077,2023-12-07,Warranty,1,"$1,978.51",0,GBP,Canceled,Phone
ORD-200624,C11293,1HGCM20F100759,2023-08-06,Vehicle,3,$465.01,10,EUR,COMPLETED,Online
ORD-200411,C10014,1HGCM98I100814,2023-12-30,Accessories,3,4183.41,,USD,Canceled,Online
ORD-200477,C10825,1HGCM53S100824,2023-10-10,Warranty,4,3746.32,5,USD,Pending,Online
ORD-202667,C11158,1HGCM98V100645,08-10-2023,Accessories,1,424.76,0,USD,Completed,Phone
ORD-201227,C10314,1HGCM78J100425,14-11-2023,Parts,1,311.70,10,USD,Cancelled,online
ORD-202351,C11132,,05/18/2023,Service Plan,1,4133.78,10,GBP,COMPLETED,Online
ORD-203754,C10798,1HGCM35O100898,2023-03-08,Vehicle,1,3260.60,,usd,Shipped,Phone
ORD-202922,C11248,1HGCM90L100115,2024-02-10,Warranty,1,1516.07,10,GBP,Shipped,Online
ORD-203776,C10816,1HGCM61G100370,2023-07-08,Parts,4,4330.78,0,EUR,Cancelled,Phone
ORD-200955,C10924,,2023-01-03,Accessories,1,4632.57,0,usd,Completed,online
ORD-200940,C10391,,2023-11-23,Service Plan,1,1411.58,0.1,GBP,Canceled,online
ORD-201656,C10195,1HGCM49O100248,2023-06-25,Warranty,1,238.42,,usd,Canceled,Phone
ORD-200746,C11357,1HGCM97E100160,2023-03-16,Warranty,1,1613.39,0,USD,Completed,Online
ORD-201952,C11452,1HGCM44O100326,2024-03-24,Parts,1,518.35,,USD,Shipped,Phone
ORD-203737,C10446,1HGCM35Q100380,2024-01-30,Vehicle,1,725.49,15%,EUR,COMPLETED,Dealer
ORD-200394,C10391,1HGCM65C100470,2024-03-28,Vehicle,1,4479.42,,EUR,COMPLETED,Phone
ORD-201082,C11378,1HGCM27L100349,2024-01-18,Parts,2,"$2,679.36",5,EUR,Canceled,Phone
ORD-203183,C10225,1HGCM70R100407,2023-09-07,Parts,4,4317.88,10,USD,completed,Phone
ORD-202877,C11152,1HGCM10Q100068,09/05/2023,Parts,1,3427.62,10,USD,Cancelled,Phone
ORD-203144,C10456,1HGCM74U100150,2023/11/04,Vehicle,4,2328.79,10,USD,Shipped,Dealer
ORD-202181,C10371,1HGCM45O100222,2023-06-19,Accessories,3,2982.36,10,USD,shipped,Phone
ORD-201161,C11042,1HGCM44E100030,2024-06-15,Service Plan,2,4361.93,0.1,usd,Canceled,Dealer
ORD-201554,C10687,1HGCM83H100709,2024-05-11,Parts,1,1113.29,15%,GBP,Completed,online
ORD-200597,C11195,1HGCM42L100011,10-02-2023,Parts,2,1465.74,0.1,GBP,Canceled,Online
ORD-200613,C10946,1HGCM45G100474,2023-04-04,Parts,4,669.64,,USD,Pending,online
ORD-200563,C10077,1HGCM80Z100675,12/01/2023,Warranty,2,1975.84,0,EUR,Cancelled,Phone
ORD-203526,C10164,,"Jun 16, 2023",Warranty,2,1232.23,15%,EUR,completed,online
ORD-203608,C11172,1HGCM89O100612,2024-07-16,Parts,3,3458.91,0.1,GBP,Canceled,Phone
ORD-201462,C10658,1HGCM47A100260,2024-01-03,Service Plan,2,2926.35,,EUR,COMPLETED,Dealer
ORD-203874,C10396,1HGCM28U100670,08 Jan 2024,Accessories,1,1828.11,0.1,GBP,Shipped,Online
ORD-200847,C10772,1HGCM58S100512,2024-07-14,Service Plan,1,3318.18,0,GBP,completed,Online
ORD-204015,C10139,1HGCM87O100794,2023/02/06,Service Plan,3,,15%,USD,shipped,Online
ORD-201086,C11239,1HGCM44G100396,2023-06-26,Parts,2,2095.02,10,EUR,COMPLETED,Phone
ORD-202291,C11384,1HGCM54X100829,2024-07-02,Warranty,2,3632.65,15%,USD,Shipped,online
ORD-203793,C10343,,2023-03-12,Parts,1,2036.93,5,GBP,Canceled,online
ORD-200723,C10216,1HGCM54X100829,2023-09-24,Vehicle,2,"$2,592.30",5,GBP,Canceled,Online
ORD-200523,C10283,1HGCM91O100144,2023-07-25,Vehicle,3,1951.59,0.1,GBP,shipped,Phone
ORD-200507,C11126,1HGCM28X100543,2023-03-02,Service Plan,3,"$1,583.07",0.1,EUR,Completed,Phone
ORD-200081,C11407,1HGCM48K100764,2024-01-10,Parts,1,,0,usd,completed,Phone
ORD-201903,C10044,,2023-02-25,Vehicle,1,287.84,10,EUR,Cancelled,Dealer
ORD-202395,C10331,1HGCM76Z100103,27 Feb 2024,Warranty,1,3886.77,,GBP,Pending,Dealer
ORD-203167,C11485,1HGCM42B100677,10/05/2023,Warranty,1,3670.25,15%,USD,Pending,Dealer
ORD-202428,C10625,1HGCM96K100868,2024-08-10,Service Plan,1,4766.12,0.1,EUR,COMPLETED,Phone
ORD-201358,C10213,1HGCM87A100624,2023-10-19,Accessories,1,2199.06,10,USD,Canceled,Dealer
ORD-200135,C10366,1HGCM96W100204,2024-05-21,Warranty,3,2741.34,15%,USD,Cancelled,Online
ORD-202090,C11340,1HGCM49B100443,2024-02-14,Warranty,2,4620.60,0,GBP,Completed,Phone
ORD-202736,C10915,1HGCM17M100090,04/16/2023,Warranty,2,1974.29,10,USD,COMPLETED,online
ORD-202826,C10864,1HGCM12J100035,2023-07-26,Accessories,1,90.38,15%,GBP,shipped,Dealer
ORD-200440,C10318,,2023-06-01,Service Plan,1,4282.39,15%,USD,completed,online
ORD-202259,C10870,1HGCM41X100491,2024-02-15,Vehicle,1,1950.27,,EUR,Canceled,online
ORD-204193,C11229,,2023-02-22,Vehicle,2,"$3,519.46",15%,USD,COMPLETED,online
ORD-203411,C10560,1HGCM51S100174,2023-08-09,Parts,3,1763.48,10,USD,shipped,online
ORD-201307,C10625,1HGCM40G100162,07 Jun 2023,Parts,3,3820.12,,USD,Shipped,Phone
ORD-203586,C11438,1HGCM39Z100441,2023-04-18,Parts,1,"$3,024.71",0.1,EUR,COMPLETED,Online
ORD-200917,C11079,1HGCM50X100335,"Feb 14, 2023",Accessories,2,1281.56,0,EUR,Canceled,Phone
ORD-202943,C10716,1HGCM23P100821,22-05-2024,Service Plan,1,590.94,10,USD,COMPLETED,Dealer
ORD-202942,C11350,1HGCM52D100861,2023-09-30,Parts,2,3192.61,10,usd,Pending,Online
ORD-201329,C11059,1HGCM32Y100518,01/17/2024,Parts,4,2509.41,,USD,shipped,Dealer
ORD-200823,C10182,1HGCM27W100308,09 Sep 2023,Vehicle,1,2468.08,10,USD,Canceled,Phone
ORD-201300,C10791,1HGCM16V100567,2024-05-08,Vehicle,2,"$1,041.63",0.1,GBP,COMPLETED,Online
ORD-200457,C10678,1HGCM82F100213,2024-01-25,Accessories,1,1978.43,5,EUR,Pending,online
ORD-200869,C10031,1HGCM16E100108,2023-06-05,Vehicle,2,930.41,5,EUR,Pending,Phone
ORD-200393,C10280,1HGCM25E100056,2024-08-22,Warranty,4,3371.04,10,USD,shipped,Dealer
ORD-204144, c11130,,2024-02-17,Warranty,2,3787.98,,GBP,Shipped,online
ORD-201202,C10290,1HGCM23A100026,2023-10-09,Service Plan,1,63.32,10,USD,shipped,online
ORD-200788,C10998,1HGCM58H100137,2023-01-07,Service Plan,1,1941.07,15%,USD,shipped,online
ORD-201858,C10594,,2023-11-13,Parts,2,3053.42,5,GBP,Shipped,online
ORD-203176,C11007,1HGCM64H100891,2023-04-25,Parts,1,"$4,383.28",5,usd,shipped,Dealer
ORD-203340,C10928,,2023-08-23,Accessories,3,3188.98,0,usd,Completed,Dealer
ORD-201743,C10485,1HGCM18C100158,"Apr 02, 2023",Warranty,1,1970.30,0,USD,shipped,Dealer
ORD-203886,C10412,1HGCM22W100854,2023-04-19,Warranty,2,$222.91,10,GBP,Cancelled,online
ORD-204050,C10885,1HGCM28Y100700,04 May 2023,Accessories,3,2249.84,0,USD,shipped,online
ORD-201815,C10364,1HGCM61Y100674,2023-11-04,Accessories,1,3953.88,5,EUR,completed,online
ORD-203427, c10379,1HGCM94Z100467,2024-08-09,Parts,2,3730.13,10,GBP,Canceled,Phone
ORD-204132,C10584,1HGCM42Z100311,2023-08-16,Service Plan,3,4140.76,10,GBP,Canceled,Phone
ORD-202143,C10819,1HGCM80Z100675,2023-12-14,Warranty,1,89.49,,USD,COMPLETED,Online
ORD-203256,C11088,1HGCM31P100535,2023-01-20,Vehicle,1,2661.29,,usd,Shipped,Dealer
ORD-203808,C10976,1HGCM50J100009,2024-07-15,Service Plan,1,435.56,15%,GBP,COMPLETED,Online
ORD-202545,C10783,,2024-08-08,Parts,1,2451.75,15%,USD,completed,Dealer
ORD-200040,C10366,1HGCM21T100409,2023-02-24,Parts,2,"$2,203.84",0.1,USD,shipped,Dealer
ORD-204109,C11268,1HGCM50P100561,2023-05-06,Service Plan,3,1222.15,5,usd,Shipped,Dealer
ORD-201929, c10762,1HGCM30K100062,2023-02-07,Warranty,3,4127.24,0.1,USD,Completed,Phone
ORD-201992,C10213,1HGCM90T100539,2023-07-28,Accessories,1,1185.50,10,EUR,Canceled,Phone
ORD-200017,C11378,,2023-12-28,Service Plan,1,1628.27,0,USD,shipped,Online
ORD-203693,C11333,1HGCM16J100373,2024-01-30,Warranty,1,,5,EUR,Cancelled,Phone
ORD-202030,C10762,1HGCM51S100590,2024-06-10,Parts,4,3719.50,0,GBP,shipped,online
ORD-200504,C10447,,2023-10-19,Warranty,2,289.58,0.1,GBP,completed,Dealer
ORD-201228,C10743,,2023-05-24,Parts,1,4086.67,0.1,GBP,shipped,Dealer
ORD-203824,C10077,,2024-06-08,Vehicle,4,4755.25,,USD,Pending,Online
ORD-201201,C10075,1HGCM80C100886,2023-12-30,Accessories,4,2165.31,,EUR,completed,Dealer
ORD-203422,C10541,1HGCM68P100873,2023-02-25,Warranty,2,906.49,10,usd,completed,Dealer
ORD-203414,C10171,1HGCM37S100434,2023-08-13,Service Plan,1,1021.21,0,USD,shipped,Online
ORD-202870,C10056,1HGCM87Z100181,2023-10-30,Accessories,4,3594.09,15%,EUR,Cancelled,online
ORD-201611,C10316,1HGCM35X100777,2023-09-21,Vehicle,4,2336.35,0.1,USD,COMPLETED,Online
ORD-200625,C10610,1HGCM97R100485,07/16/2024,Warranty,3,3464.72,5,usd,Pending,Online
ORD-203300,C10252,,2024-04-15,Warranty,1,"$3,598.78",10,USD,Cancelled,Dealer
ORD-202980,C10866,1HGCM79D100627,2023-05-15,Warranty,1,3648.95,0.1,USD,COMPLETED,Phone
ORD-201636,C10932,1HGCM98G100266,2024-06-20,Service Plan,1,3952.75,0.1,GBP,COMPLETED,Phone
ORD-201435,C10874,1HGCM45Z100025,2023-02-24,Service Plan,1,1066.11,15%,EUR,Cancelled,online
ORD-201949,C10628,1HGCM40V100281,27-10-2023,Service Plan,3,"$3,283.79",15%,USD,Pending,Dealer
ORD-200973,C11093,1HGCM98G100526,12 Jan 2023,Warranty,2,2365.67,15%,EUR,completed,online
ORD-202996,C10786,1HGCM34B100131,20-03-2024,Warranty,4,4114.21,0,USD,Canceled,Online
ORD-202237,C11237,1HGCM22F100629,2023-10-09,Warranty,2,550.68,15%,GBP,shipped,Phone
ORD-204119,C11434,1HGCM97R100485,02/16/2023,Vehicle,2,1175.10,0.1,USD,Cancelled,online
ORD-200337,C11458,1HGCM96W100204,2024-04-30,Parts,4,4542.67,10,EUR,Pending,online
ORD-202136,C11311,1HGCM36F100135,2023-04-30,Service Plan,4,2933.08,15%,USD,Canceled,Phone
ORD-202807,C10167,1HGCM83H100371,2024/03/31,Accessories,2,1129.15,0.1,usd,Shipped,Phone
ORD-200909,C10723,1HGCM98G100266,07/03/2024,Accessories,1,4462.95,0.1,USD,COMPLETED,Online
ORD-202495,C11406,1HGCM86D100289,05/11/2023,Parts,4,205.31,0.1,EUR,Cancelled,Phone
ORD-202253,C11403,1HGCM46U100696,06-03-2024,Service Plan,1,922.70,5,EUR,Canceled,Phone
ORD-202864,C11010,1HGCM80G100240,2023-03-16,Warranty,1,3552.10,,usd,Cancelled,Phone
ORD-202043,C10851,,14-05-2023,Vehicle,1,"$4,509.22",,usd,shipped,online
ORD-200150,C10957,1HGCM17M100610,2024-07-27,Parts,1,"$3,674.04",,EUR,Shipped,Dealer
ORD-202311,C10612,1HGCM66T100851,2023-04-12,Vehicle,1,1889.14,0,usd,Cancelled,Online
ORD-204009,C10159,1HGCM39D100731,27 May 2024,Parts,1,49.62,0,GBP,Cancelled,Dealer
ORD-200904,C10764,1HGCM64P100405,2024/02/02,Vehicle,1,"$1,969.23",,USD,COMPLETED,online
ORD-200283,C10557,1HGCM52E100342,01/27/2023,Accessories,3,2821.42,5,USD,Canceled,Dealer
ORD-201270,C11075,1HGCM44P100197,"Jul 06, 2023",Vehicle,2,2862.92,15%,USD,Canceled,Online
ORD-200458,C10548,1HGCM36K100712,"Mar 15, 2024",Parts,1,2761.12,0.1,USD,Completed,online
ORD-203250,C11078,1HGCM93W100516,2024-06-22,Accessories,1,3981.30,0.1,USD,shipped,Phone
ORD-202822,C10104,1HGCM82G100448,2023-04-27,Parts,1,1965.24,0.1,USD,Shipped,Online
ORD-203951,C11406,1HGCM70R100407,2023-12-25,Service Plan,3,1050.17,5,GBP,Shipped,Dealer
ORD-202308,C10822,,2023-05-20,Vehicle,1,888.32,0.1,USD,Shipped,online
ORD-201031,C11496,1HGCM71T100123,2024-08-06,Warranty,1,3301.60,,USD,COMPLETED,Phone
ORD-201143,C10650,1HGCM17Y100466,2023-05-06,Parts,2,"$4,546.78",5,usd,shipped,online
ORD-201436,C10572,1HGCM25E100056,2023-12-20,Parts,2,583.85,,USD,Completed,Phone
ORD-200377,C10322,1HGCM57S100564,2023-10-09,Accessories,4,2919.88,0,USD,Canceled,online
ORD-200425,C10639,1HGCM72P100483,2023-03-08,Accessories,3,"$4,289.73",0.1,USD,Cancelled,Phone
ORD-203164,C10253,1HGCM55R100745,2024-05-23,Service Plan,4,2316.08,10,EUR,completed,Dealer
ORD-203432,C10673,1HGCM71R100043,2023-12-02,Warranty,1,2316.14,0.1,usd,Pending,online
ORD-200307,C10240,1HGCM74F100525,2024-06-26,Accessories,1,1460.47,0,USD,Completed,Dealer
ORD-201881,C10553,1HGCM47H100475,01/01/2024,Warranty,1,3085.37,,USD,Pending,Online
ORD-202370,C10247,,2023-11-02,Warranty,1,4018.03,10,EUR,Pending,online
ORD-200212,C10833,1HGCM44P100899,2024-05-19,Accessories,1,"$4,418.31",,USD,Completed,Online
ORD-202862,C10538,1HGCM60E100498,2023-12-24,Service Plan,2,512.09,,EUR,Completed,online
ORD-203392,C10321,1HGCM20K100660,"Apr 07, 2023",Vehicle,1,4454.22,,usd,Shipped,Dealer
ORD-203722, c10329,1HGCM69R100589,25 Jun 2024,Parts,1,,5,GBP,Canceled,Online
ORD-203637,C10332,1HGCM43Q100302,2023-08-26,Vehicle,1,2185.59,,USD,Completed,Online
ORD-203441,C10821,1HGCM48Q100224,"Apr 12, 2023",Service Plan,1,3654.15,15%,USD,shipped,Phone
ORD-203927,C10896,1HGCM88V100437,2023-10-14,Parts,4,$381.06,,usd,completed,Phone
ORD-203299,C10363,1HGCM32Y100856,2023-06-24,Parts,1,1545.64,15%,USD,Pending,Online
ORD-200519,C10736,1HGCM16K100192,2024-06-03,Warranty,1,477.39,0,GBP,Pending,Phone
ORD-201450,C11288,1HGCM63I100476,2023-10-09,Warranty,3,2369.41,0.1,USD,COMPLETED,Online
ORD-201816,C10645,1HGCM21L100843,2024-03-13,Vehicle,2,$656.45,0.1,USD,Cancelled,online
ORD-204010,C10980,1HGCM97Y100284,2023-08-08,Vehicle,1,3906.39,,GBP,Pending,Online
ORD-203031,C11139,1HGCM83V100489,2023-12-02,Accessories,1,"$2,273.68",0.1,EUR,Canceled,Dealer
ORD-203597,C10256,1HGCM44G100396,2024-05-29,Vehicle,2,4643.14,0.1,usd,shipped,Phone
ORD-204094,C10873,1HGCM69R100589,2023-06-10,Vehicle,1,1863.13,0.1,EUR,Canceled,Online
ORD-202869,C10819,1HGCM57W100412,28 Feb 2024,Vehicle,2,2632.51,,usd,shipped,Phone
ORD-204068,C10700,1HGCM62S100226,2024-06-08,Warranty,1,2441.09,10,EUR,COMPLETED,online
ORD-204143,C11357,1HGCM98Z100207,2024-02-12,Accessories,3,$506.98,0.1,EUR,COMPLETED,Dealer
ORD-202072,C10863,1HGCM26M100116,2024-02-18,Vehicle,4,3148.00,0,USD,Canceled,Dealer
ORD-201404,C11474,1HGCM49X100231,2023-06-21,Vehicle,1,4426.87,0,USD,completed,Online
ORD-201720,C10398,,2023-08-19,Service Plan,1,2994.04,,USD,shipped,Phone
ORD-202447,C11066,1HGCM62B100417,2024-02-29,Parts,2,2351.02,10,GBP,Shipped,online
ORD-203684,C10656,1HGCM27Q100250,2023-10-22,Accessories,1,3583.21,5,USD,Pending,Online
ORD-203909,C10709,1HGCM49U100046,2024-01-23,Parts,1,2522.66,15%,GBP,Pending,Online
ORD-201870,C10352,,2024-04-09,Parts,3,4246.07,5,USD,Pending,Phone
ORD-203892,C11300,1HGCM93E100238,2023-06-26,Vehicle,1,3779.01,15%,USD,Canceled,online
ORD-203312,C11143,1HGCM16S100018,2023-05-08,Parts,2,398.89,10,usd,shipped,Phone
ORD-200175,C11044,1HGCM36O100118,2024-03-11,Vehicle,4,4163.15,,USD,Canceled,Phone
ORD-201423,C10262,1HGCM82X100439,2024-02-19,Parts,4,484.27,5,GBP,completed,Online
ORD-202712,C11473,1HGCM51S100590,2023-10-28,Parts,1,3319.80,15%,USD,Pending,online
ORD-201616,C10051,1HGCM30H100319,2023-06-19,Warranty,4,,0,USD,Canceled,Dealer
ORD-201251,C11078,,2023-12-01,Warranty,3,2080.02,0.1,GBP,COMPLETED,Online
ORD-201567,C10614,1HGCM43Z100571,2023-05-08,Parts,1,2901.53,10,usd,completed,Phone
ORD-202178,C10832,,09/26/2023,Warranty,1,273.88,,USD,completed,Dealer
ORD-203661,C10729,1HGCM84G100032,2024-04-13,Accessories,3,202.46,0,EUR,Canceled,Phone
ORD-200327,C10168,1HGCM25J100867,2023-05-09,Service Plan,1,288.49,,usd,completed,Online
ORD-203383,C11392,1HGCM93F100343,2023-07-08,Service Plan,2,"$3,313.83",,USD,Canceled,online
ORD-203995,C11138,1HGCM25Z100597,2024-04-05,Vehicle,1,623.83,10,usd,Shipped,Dealer
ORD-203973,C10652,1HGCM47A100260,13 Dec 2023,Parts,1,1863.09,5,USD,Canceled,online
ORD-201801,C10704,1HGCM22X100725,07/05/2024,Service Plan,4,654.54,15%,EUR,completed,Phone
ORD-202029,C10782,1HGCM37X100751,2024-08-23,Vehicle,4,639.68,0,USD,completed,online
ORD-200089,C11306,1HGCM75W100126,2023-03-18,Parts,1,3694.18,5,USD,Canceled,Online
ORD-201668,C10588,1HGCM35L100895,2023-05-30,Service Plan,2,945.11,5,GBP,completed,online
ORD-200379,C11162,1HGCM53N100559,2023-12-06,Service Plan,1,2329.09,,GBP,Pending,online
ORD-203978,C11247,,2023-06-16,Accessories,3,2550.10,0,GBP,Shipped,online
ORD-203050,C11118,,04/16/2024,Warranty,1,4655.43,15%,USD,Cancelled,Online
ORD-203479,C10322,1HGCM64M100766,21-04-2023,Vehicle,1,1772.49,,usd,COMPLETED,online
ORD-203013,C10579,1HGCM22W100178,2023-04-24,Vehicle,4,3874.53,,GBP,Completed,online
ORD-200953,C10524,1HGCM71Z100727,2024-01-16,Warranty,2,$424.37,5,usd,completed,Dealer
ORD-203046,C10116,1HGCM36H100085,2023-10-08,Vehicle,4,571.11,5,usd,completed,Online
ORD-202472,C10475,,2023-01-04,Warranty,1,2537.25,0,EUR,Canceled,Dealer
ORD-204090,C10360,1HGCM70R100407,01/31/2023,Service Plan,4,3058.96,5,USD,COMPLETED,Online
ORD-203535,C11031,1HGCM25M100194,2023-06-13,Vehicle,4,1986.20,15%,USD,Shipped,Phone
ORD-203225,C11220,1HGCM13R100095,2023/05/09,Vehicle,3,"$2,805.74",10,USD,Completed,Online
ORD-202228,C10871,1HGCM22Q100198,2024-03-06,Service Plan,1,2461.02,15%,USD,Cancelled,online
ORD-202213,C11176,1HGCM36K100712,2024-04-05,Parts,1,838.54,5,USD,COMPLETED,Dealer
ORD-203328,C10027,1HGCM70Z100285,2024-01-01,Vehicle,1,1065.70,5,USD,Cancelled,Online
ORD-203210,C11463,1HGCM12E100472,2024-04-14,Warranty,3,4230.14,0.1,USD,completed,Dealer
ORD-202125,C10075,1HGCM49B100443,2023-10-11,Parts,2,3542.25,,EUR,Completed,Phone
ORD-203198,C10094,1HGCM33V100853,03/08/2023,Service Plan,1,235.90,0.1,EUR,COMPLETED,Dealer
ORD-200927,C90540,1HGCM81Z100545,2023-12-18,Vehicle,1,4217.69,15%,USD,Shipped,Dealer
ORD-200294,C10936,1HGCM28W100386,2023-03-28,Parts,1,$294.63,5,GBP,completed,online
ORD-203234,C10144,1HGCM87N100663,2024-06-09,Parts,3,4516.65,5,GBP,shipped,Phone
ORD-201152,C10792,1HGCM21S100408,11-10-2023,Service Plan,2,"$4,015.93",,USD,shipped,online
ORD-203842,C10660,1HGCM87O100534,2023-04-26,Accessories,1,2315.08,,USD,shipped,Online
ORD-201413,C10005,1HGCM77N100169,2023-12-24,Service Plan,1,4285.83,0.1,GBP,shipped,Phone
ORD-201073,C10162,1HGCM16S100018,2023-06-25,Vehicle,4,2198.33,15%,USD,Pending,Dealer
ORD-201833,C10565,,"May 10, 2024",Warranty,1,"$1,174.83",0,GBP,shipped,Online
ORD-201053,C10321,1HGCM59Z100779,2023-06-23,Vehicle,2,"$2,722.86",15%,EUR,Canceled,Online
ORD-201292,C11309,,2024-01-20,Accessories,3,845.55,0,USD,Cancelled,online
ORD-203986,C11344,1HGCM98G100266,2023-09-17,Warranty,3,2037.48,15%,usd,Canceled,Phone
ORD-201254,C11353,,2024-02-02,Accessories,2,3655.03,5,EUR,COMPLETED,online
ORD-201084,C10162,1HGCM39O100638,2023-06-02,Service Plan,3,1214.26,5,USD,completed,Dealer
ORD-201832,C11045,1HGCM91C100340,2023-04-08,Warranty,1,2650.22,0.1,USD,completed,online
ORD-202690,C10873,1HGCM62V100541,2024-01-06,Vehicle,2,3454.30,,USD,COMPLETED,online
ORD-201230,C10982,1HGCM76D100601,2023-01-18,Parts,1,3893.49,0,USD,Cancelled,Dealer
ORD-202510,C10027,1HGCM34C100080,"Feb 27, 2023",Warranty,1,"$3,035.15",5,EUR,Cancelled,Dealer
ORD-204062,C10485,1HGCM13B100729,2023-02-20,Warranty,4,2909.21,10,EUR,Canceled,Phone
ORD-202105,C10365,,2023-12-07,Service Plan,1,4295.36,15%,usd,Shipped,online
ORD-201288,C10117,1HGCM37T100747,2023-05-26,Parts,1,"$2,995.33",0,usd,COMPLETED,Dealer
ORD-203187,C10668,1HGCM86W100490,2023-03-31,Vehicle,1,3402.79,,EUR,Completed,Online
ORD-203751,C11002,1HGCM19R100875,2024-05-13,Vehicle,1,3294.15,0,USD,completed,online
ORD-200192,C11400,1HGCM52E100342,2024-03-11,Service Plan,3,2306.81,0,usd,Canceled,Phone
ORD-202231,C11162,1HGCM92C100314,2024-02-13,Vehicle,4,788.53,0,usd,Completed,Online
ORD-201244,C91281,1HGCM82I100372,2024-02-24,Accessories,3,4568.27,5,USD,completed,Online
ORD-201081,C11229,1HGCM45K100426,2024-01-15,Accessories,4,1198.96,5,EUR,Completed,Phone
ORD-200071,C11223,,2024-05-01,Warranty,4,2877.75,10,EUR,COMPLETED,online
ORD-203163,C10476,1HGCM66H100761,2023-12-19,Service Plan,1,1446.16,5,usd,shipped,Online
ORD-202145,C10439,1HGCM53N100559,2024-06-30,Parts,3,2095.00,5,USD,shipped,Dealer
ORD-203028,C10667,1HGCM70R100407,2023-07-11,Accessories,4,$175.24,,USD,Cancelled,Phone
ORD-203134,C10887,1HGCM76E100368,2024-08-14,Parts,1,1769.07,5,usd,Cancelled,Dealer
ORD-200711,C10876,,2023-07-14,Warranty,1,3638.39,,GBP,Completed,Online
ORD-201725,C11383,1HGCM35Y100076,24 Jul 2024,Warranty,2,4158.47,5,usd,Cancelled,online
ORD-202518,C10209,1HGCM35Y100258,2023-02-04,Accessories,1,1495.12,10,GBP,Canceled,Online
ORD-200334,C10068,1HGCM28A100078,2023-09-04,Service Plan,1,514.71,10,GBP,Pending,Dealer
ORD-200497,C10846,1HGCM93N100585,2024-07-06,Service Plan,4,"$2,264.21",5,GBP,Completed,Online
ORD-203001,C10387,1HGCM35Y100076,2024-07-18,Parts,2,3892.79,10,USD,completed,online
ORD-203232,C10235,1HGCM96N100845,2023-08-27,Parts,3,3900.05,0.1,USD,Completed,Online
ORD-200861,C10519,1HGCM55Y100804,2024-06-15,Warranty,4,1733.35,10,usd,completed,online
ORD-204196,C11248,1HGCM51T100799,09/30/2023,Vehicle,1,3699.34,0.1,USD,Canceled,Dealer
ORD-201096,C11355,1HGCM98R100719,2023-11-10,Parts,1,4112.91,0.1,usd,COMPLETED,Phone
ORD-200398,C10328,,2023-11-23,Parts,2,"$4,480.74",,GBP,Pending,online
ORD-200359,C11302,1HGCM33C100626,2023-12-03,Accessories,2,4206.43,,usd,Cancelled,Online
ORD-200984,C10032,,2023-03-31,Vehicle,2,4668.49,15%,USD,Canceled,online
ORD-201802,C10755,1HGCM37D100887,2023-08-20,Accessories,1,,10,usd,Shipped,online
ORD-201333,C10472,1HGCM70R100407,2023-02-04,Warranty,1,2599.67,0,USD,Cancelled,Online
ORD-203105,C10533,1HGCM70P100093,2023/04/15,Vehicle,2,2964.48,,GBP,completed,Phone
ORD-202368,C10923,1HGCM33S100668,2023-07-30,Warranty,1,1356.40,0.1,USD,shipped,Phone
ORD-202833, c10751,1HGCM99A100676,2024-03-21,Parts,2,"$2,903.84",,USD,Shipped,online
ORD-202193,C11196,1HGCM23P100821,2023-09-15,Warranty,2,2946.12,5,EUR,Shipped,Online
ORD-201453,C11289,1HGCM98O100196,01/22/2023,Warranty,1,1184.84,0.1,GBP,COMPLETED,Dealer
ORD-200913,C11073,,23-07-2024,Service Plan,1,784.87,10,EUR,Shipped,Online
ORD-203657,C10505,,2023-07-13,Accessories,1,1147.34,0,USD,Completed,Phone
ORD-201208,C10650,1HGCM38D100575,2023-10-31,Vehicle,2,3199.51,,USD,Shipped,Online
ORD-202897,C11484,,2024-02-20,Vehicle,1,431.53,5,EUR,COMPLETED,online
ORD-203989,C10735,,2024-03-14,Warranty,2,1161.93,0,usd,completed,Dealer
ORD-200432,C10060,1HGCM30K100062,2024-07-17,Vehicle,1,4434.31,15%,USD,Canceled,Online
ORD-202664,C11431,1HGCM21S100408,2024-06-01,Warranty,1,"$3,276.75",,GBP,COMPLETED,online
ORD-202944,C10338,1HGCM35T100513,2023-05-01,Parts,1,3727.15,,USD,shipped,Online
ORD-200748,C11149,,2023-12-04,Accessories,2,4583.01,,USD,Cancelled,Online
ORD-204065,C10177,1HGCM42M100454,2023-03-22,Accessories,1,1730.63,0.1,USD,COMPLETED,Online
ORD-203855,C10939,,2023-05-12,Service Plan,1,1730.28,5,GBP,Completed,Phone
ORD-200634,C10495,1HGCM24C100600,2024-03-10,Parts,1,4223.85,,usd,Canceled,online
ORD-201321,C10992,1HGCM97R100485,2024-05-03,Accessories,3,1484.74,,GBP,Cancelled,Online
ORD-202740,C11495,1HGCM23P100821,15 Aug 2023,Service Plan,1,3075.32,15%,USD,Canceled,online
ORD-203403,C11336,1HGCM18D100783,2024-03-30,Warranty,1,"$2,784.22",,GBP,Pending,Dealer
ORD-200182,C11235,1HGCM22W100854,2024-01-10,Accessories,4,1316.05,0.1,USD,Cancelled,Dealer
ORD-202002,C10392,,2023-09-06,Vehicle,1,986.74,0,EUR,Pending,Online
ORD-201216,C10002,,2024/03/27,Parts,1,4442.39,0,USD,Cancelled,online
ORD-204097,C10645,1HGCM47B100027,2023/11/25,Vehicle,3,1852.25,15%,USD,Canceled,Dealer
ORD-202126,C10898,1HGCM50X100335,2023-05-13,Warranty,4,"$2,082.25",15%,GBP,Canceled,Phone
ORD-202432,C10613,,2024-06-10,Parts,1,"$2,213.61",,GBP,Pending,Online
ORD-202978,C10567,1HGCM86Y100622,2024-06-29,Service Plan,2,3894.19,,EUR,Cancelled,Dealer
ORD-202768,C11210,1HGCM92W100048,2023-12-01,Accessories,3,1461.85,15%,USD,Canceled,Online
ORD-201842,C11312,1HGCM14G100084,2024-02-15,Parts,1,,0,usd,Completed,online
ORD-201629,C11418,1HGCM84P100067,2023-08-25,Parts,1,723.87,15%,EUR,completed,online
ORD-201361,C10157,1HGCM62H100657,16 Dec 2023,Accessories,1,"$4,087.16",10,usd,Completed,Online
ORD-201990,C11488,,2024-08-02,Parts,4,2904.55,10,GBP,Shipped,Dealer
ORD-202058,C10598,1HGCM33C100444,2023-07-20,Vehicle,1,2579.70,15%,USD,completed,online
ORD-200783,C10443,,"Apr 29, 2024",Parts,1,1286.43,15%,USD,Pending,online
ORD-202204,C10827,,2024-07-20,Parts,3,,0.1,USD,Cancelled,Dealer
ORD-200395,C10836,1HGCM77V100229,2024-04-26,Parts,3,1333.87,15%,USD,Pending,online
ORD-200014,C10587,,2023-09-28,Vehicle,1,2772.42,,USD,COMPLETED,Phone
ORD-200038,C10835,1HGCM16F100863,2023-12-09,Accessories,1,64.72,0.1,EUR,Cancelled,Online
ORD-200350,C11460,1HGCM36F100135,2023/02/03,Service Plan,2,3201.51,10,USD,completed,Phone
ORD-201047,C10293,1HGCM87Z100363,2023-07-17,Warranty,1,2259.08,0.1,USD,completed,Online
ORD-203082,C11165,1HGCM81T100227,2024-06-26,Vehicle,1,1664.79,0.1,EUR,Shipped,Phone
ORD-201039,C11024,,05/28/2023,Parts,1,,,USD,Completed,Dealer
ORD-202670,C11287,1HGCM27C100782,2023-09-13,Vehicle,3,352.74,10,USD,COMPLETED,Dealer
ORD-201913,C10092,1HGCM64I100840,07-12-2023,Accessories,1,"$3,919.73",0,GBP,shipped,Phone
ORD-201644,C10955,1HGCM72D100211,2023-05-18,Vehicle,1,3578.57,,GBP,Cancelled,online
ORD-202416,C10471,1HGCM98R100719,2023-02-02,Accessories,1,1817.86,0.1,USD,Cancelled,Phone
ORD-202987,C10953,,2023-11-17,Parts,1,1347.81,10,USD,Completed,Dealer
ORD-202882,C10482,1HGCM79U100280,2024-08-09,Service Plan,1,4471.58,15%,USD,Shipped,Dealer
ORD-202404,C11330,1HGCM56P100717,2024/04/29,Service Plan,1,3836.68,0,USD,Completed,Dealer
ORD-202302,C10777,1HGCM30A100520,25 Jun 2024,Accessories,2,1840.14,0.1,USD,Canceled,online
ORD-200697,C10090,1HGCM89R100355,2023/06/07,Vehicle,3,1895.82,0,usd,Cancelled,Phone
ORD-203924,C11094,,2023-12-01,Vehicle,1,$516.71,,USD,completed,online
ORD-200704,C10668,1HGCM58M100038,2023-08-05,Parts,4,2213.56,0.1,GBP,shipped,Dealer
ORD-203955,C11111,1HGCM34I100528,11/05/2023,Accessories,1,$727.72,,usd,Pending,Phone
ORD-200745,C11376,1HGCM80Y100778,2023-07-13,Accessories,1,189.31,,USD,Cancelled,online
ORD-201745,C11229,,2023-04-23,Vehicle,4,482.64,0.1,GBP,completed,Dealer
ORD-203139,C10621,1HGCM52E100342,2023-05-02,Parts,2,172.32,5,usd,Cancelled,Online
ORD-203756,C11480,,"Mar 03, 2024",Accessories,3,2121.14,5,USD,Completed,Online
ORD-203418,C10755,1HGCM46U100696,20 Mar 2023,Parts,1,3517.91,0.1,usd,Pending,Online
ORD-203603,C11077,1HGCM43V100697,2023-10-31,Accessories,1,3639.21,15%,GBP,shipped,Online
ORD-202408,C10160,1HGCM78F100473,2023-08-20,Accessories,3,-1809.37,15%,USD,completed,Dealer
ORD-203884,C10912,1HGCM53H100267,2023-11-28,Vehicle,4,"$4,692.48",,GBP,Pending,Phone
ORD-202217,C11382,1HGCM66C100054,2024-02-12,Warranty,3,"$1,634.36",10,usd,Canceled,online
ORD-204182,C10230,1HGCM15F100109,2024-02-19,Vehicle,2,35.19,0,USD,completed,online
ORD-202021,C10295,,2023-12-28,Accessories,1,4548.17,15%,EUR,Pending,Dealer
ORD-200928, c11236,1HGCM41X100491,"May 01, 2023",Vehicle,3,605.71,5,USD,Shipped,online
ORD-202307,C11293,,2024/05/03,Service Plan,4,4401.95,0,GBP,Canceled,Online
ORD-202990,C11211,1HGCM43H100839,2024-01-09,Accessories,4,4380.57,0,EUR,completed,Phone
ORD-202322,C11485,,"Mar 28, 2023",Service Plan,1,424.67,5,GBP,Canceled,Phone
ORD-202934, c10064,1HGCM92Y100362,2024-03-05,Vehicle,4,1187.75,10,usd,Completed,Online
ORD-203121,C10805,,2023-07-01,Parts,2,1252.41,,USD,Shipped,Online
ORD-201742,C10713,1HGCM52D100861,2023-03-19,Service Plan,2,1841.98,0,GBP,completed,online
ORD-201966,C10879,1HGCM98R100719,28 May 2023,Parts,1,1237.22,10,usd,Canceled,online
ORD-201783,C10268,1HGCM85W100724,2023-06-14,Vehicle,2,2450.41,10,USD,Cancelled,online
ORD-200709,C10141,,2023-12-05,Warranty,1,1592.95,15%,usd,Completed,Online
ORD-200816,C11062,,"Aug 17, 2023",Accessories,4,827.59,5,USD,COMPLETED,Phone
ORD-200456,C11251,1HGCM52Z100077,2024/03/31,Service Plan,3,1378.39,5,EUR,Completed,Online
ORD-201567,C10614,1HGCM43Z100571,2023-05-08,Parts,1,2901.53,10,usd,completed,Phone
ORD-201301,C10483,1HGCM50X100335,01/18/2023,Warranty,1,4337.44,15%,usd,shipped,Dealer
ORD-203330,C93176,1HGCM51D100315,08 Jun 2023,Warranty,4,3138.16,15%,usd,Pending,Online
ORD-203835,C10630,1HGCM14I100346,"Sep 03, 2023",Service Plan,3,$671.98,0.1,GBP,Completed,Phone
ORD-203600,C10738,1HGCM43V100697,2023-12-10,Parts,1,2896.20,0,usd,COMPLETED,online
ORD-201327,C10585,1HGCM96G100344,2023-06-26,Service Plan,1,"$3,280.04",,EUR,completed,online
ORD-201396,C11098,,11-05-2023,Vehicle,4,3825.73,0,GBP,Canceled,Online
ORD-201791,C10253,1HGCM32V100801,2023-04-01,Accessories,3,4059.72,0,USD,Pending,Dealer
ORD-202329,C10646,1HGCM58S100850,2023-10-23,Vehicle,1,3286.68,0.1,USD,shipped,online
ORD-202144,C10695,1HGCM76E100368,2023-08-16,Service Plan,3,264.61,5,USD,completed,Dealer
ORD-202747,C10220,1HGCM59T100019,2024-06-17,Accessories,4,3578.64,10,USD,Cancelled,Phone
ORD-201682,C10958,1HGCM65C100262,2023-07-07,Accessories,1,2662.60,15%,EUR,Cancelled,Phone
ORD-201785,C10185,1HGCM22S100252,2023-12-13,Accessories,2,,5,USD,Pending,online
ORD-203237,C10654,1HGCM34H100553,02 May 2024,Service Plan,1,1797.54,15%,USD,Completed,Dealer
ORD-203269,C10887,,2023-12-30,Warranty,2,3287.02,15%,USD,Completed,online
ORD-203635,C11460,1HGCM53S100642,2023-08-26,Warranty,1,272.40,0,GBP,completed,Online
ORD-201827,C11019,,2023-09-12,Parts,1,"$1,719.43",10,GBP,Cancelled,Online
ORD-203839,C11094,1HGCM91O100144,01/28/2024,Accessories,3,970.82,,GBP,Shipped,online
ORD-201437,C10830,1HGCM41E100888,2023-09-25,Accessories,1,3068.31,0.1,EUR,Canceled,Dealer
ORD-203495,C10847,1HGCM87D100419,2023-05-01,Warranty,3,2861.73,5,USD,COMPLETED,online
ORD-203030, c10749,,2023-09-06,Parts,1,3352.12,5,USD,COMPLETED,Dealer
ORD-202372,C10286,1HGCM47N100429,2024-03-26,Vehicle,1,"$1,788.77",15%,EUR,Completed,Phone
ORD-203208,C11320,1HGCM78H100033,2024-04-03,Parts,3,3873.24,0,usd,Cancelled,Online
ORD-201186,C11159,1HGCM44O100326,09/12/2023,Accessories,4,"$2,291.45",15%,usd,COMPLETED,Online
ORD-201712,C10622,1HGCM75E100576,2023/09/02,Parts,1,959.50,5,GBP,Canceled,online
ORD-203368,C10489,1HGCM23N100273,2023-05-08,Vehicle,1,$939.45,,EUR,completed,Dealer
ORD-201749, c10799,1HGCM74F100525,"Jun 06, 2023",Service Plan,1,2832.54,15%,GBP,Pending,Dealer
ORD-204101,C10444,1HGCM30N100299,2023-06-20,Vehicle,2,2096.25,0.1,GBP,completed,online
ORD-200266,C11192,1HGCM28X100543,2024-03-28,Parts,2,"$2,234.58",0,USD,Pending,Dealer
ORD-201072,C11179,1HGCM42M100454,2023-11-07,Vehicle,1,984.68,5,USD,Canceled,online
ORD-201116,C11031,1HGCM54M100012,2024-04-23,Parts,2,2687.73,15%,USD,Completed,Phone
ORD-202341,C11453,,2023-08-13,Parts,1,2526.99,0,USD,Pending,Online
ORD-202042,C10372,1HGCM33T100435,2023-05-23,Service Plan,1,3541.12,15%,usd,COMPLETED,Online
ORD-203591,C10233,1HGCM17U100618,2023-06-06,Accessories,3,1729.81,15%,USD,COMPLETED,Online
ORD-202470,C10222,1HGCM48W100828,2023-06-18,Parts,1,3391.36,0,USD,Canceled,online
ORD-201804,C10082,1HGCM56V100073,2024/05/02,Accessories,4,3186.26,0.1,USD,Shipped,Online
ORD-202492,C10412,,2024-07-28,Service Plan,2,3306.24,10,GBP,completed,online
ORD-202732,C11404,1HGCM50Q100458,2023-04-03,Accessories,1,1508.33,15%,USD,Pending,online
ORD-200151,C10473,1HGCM76G100318,14-10-2023,Parts,2,2281.26,15%,EUR,Pending,Online
ORD-200977,C11449,,2023-01-14,Parts,3,4114.47,,USD,Completed,Dealer
ORD-201098,C10327,1HGCM29X100361,2023-06-21,Service Plan,4,2874.50,5,usd,Pending,Phone
ORD-203648,C10009,,07-02-2023,Accessories,1,1902.91,15%,USD,Pending,online
ORD-202554,C10930,1HGCM81Y100882,18 Jan 2023,Service Plan,1,43.26,15%,usd,Canceled,Dealer
ORD-203038,C11295,,2023-12-29,Warranty,2,"$1,536.53",15%,GBP,Shipped,online
ORD-200534,C10253,1HGCM50W100672,2023-05-21,Parts,1,4493.50,5,EUR,shipped,Online
ORD-203543,C11357,1HGCM27U100774,2023-02-20,Accessories,1,"$1,012.06",0,usd,Shipped,Online
ORD-203584,C11185,1HGCM43Y100050,2023/07/31,Accessories,2,1401.99,,USD,Shipped,online
ORD-200422,C10172,1HGCM34N100065,2024-08-23,Warranty,1,1065.45,,USD,Cancelled,Online
ORD-202246,C10234,,2024-05-11,Accessories,1,2477.47,0,USD,Completed,Phone
ORD-202626,C10449,1HGCM56V100073,12/02/2023,Parts,2,4601.48,,USD,Completed,Dealer
ORD-200596,C10250,1HGCM62H100657,"Jul 17, 2023",Parts,1,1868.88,0,GBP,completed,online
ORD-201790,C10211,1HGCM35A100338,2023-09-27,Service Plan,1,644.72,,USD,Completed,online
ORD-204153,C10801,1HGCM62V100541,24 Dec 2023,Accessories,3,631.32,,usd,COMPLETED,online
ORD-201179,C10024,,18 Jul 2024,Warranty,1,"$4,029.52",10,GBP,completed,online
ORD-201281,C10452,1HGCM51K100140,2023-09-17,Service Plan,1,3869.65,0,USD,Canceled,Phone
ORD-200501,C11220,1HGCM33S100460,12-10-2023,Service Plan,3,976.23,0.1,GBP,COMPLETED,Phone
ORD-202303,C10618,1HGCM27O100066,2023-05-25,Parts,1,1113.36,,EUR,shipped,Dealer
ORD-202137,C10497,1HGCM49I100086,"Mar 21, 2023",Vehicle,1,3357.33,15%,USD,Cancelled,Phone
ORD-200513,C11263,1HGCM49B100443,03-06-2024,Vehicle,3,"$2,451.44",0.1,USD,shipped,Dealer
ORD-202562,C10325,1HGCM30I100606,2023-11-23,Parts,2,589.48,15%,USD,Pending,Phone
ORD-201598,C10476,,2024-04-21,Accessories,4,3052.69,15%,USD,completed,Phone
ORD-203262,C10417,1HGCM22W100854,2024-04-25,Accessories,1,2327.69,,GBP,Cancelled,Online
ORD-202292,C10533,,2024-08-03,Vehicle,4,3451.86,0,USD,completed,Online
ORD-202337,C11404,,05/15/2024,Parts,1,132.54,5,USD,Canceled,Phone
ORD-201989,C10877,1HGCM21N100455,2023-08-27,Accessories,1,3865.33,,USD,Pending,online
ORD-202519,C10865,1HGCM85W100724,2024-02-01,Parts,2,4356.76,0,EUR,COMPLETED,Phone
ORD-203022,C10194,1HGCM30H100241,2024-07-04,Accessories,1,2337.92,10,usd,Shipped,Phone
ORD-202825,C10115,1HGCM25O100768,05/23/2023,Accessories,2,4436.73,10,GBP,COMPLETED,online
ORD-201906,C10715,1HGCM87N100715,2023-07-28,Warranty,1,3895.32,10,usd,COMPLETED,Online
ORD-200199,C10026,,2023-01-18,Accessories,2,,5,USD,Completed,Phone
ORD-200590,C11012,1HGCM82A100364,2023-11-07,Warranty,1,526.89,,GBP,COMPLETED,Dealer
ORD-201428,C11211,1HGCM51J100711,03/29/2023,Accessories,4,3431.22,0.1,USD,Canceled,online
ORD-201026,C10088,1HGCM80C100886,2024-03-07,Vehicle,4,477.45,0.1,EUR,Shipped,Dealer
ORD-200761,C10525,1HGCM93A100052,2024-05-22,Warranty,1,2098.65,,EUR,Cancelled,Phone
ORD-202760,C11048,1HGCM98D100497,2023-12-16,Vehicle,2,2082.59,5,usd,Shipped,Online
ORD-204082,C10751,1HGCM12D100549,2024-03-30,Service Plan,4,620.51,0,USD,Shipped,Online
ORD-201274,C11283,1HGCM34B100495,15 Jan 2023,Parts,1,4388.56,10,usd,Canceled,Online
ORD-201048,C11219,1HGCM96L100609,"Sep 30, 2023",Parts,1,1504.10,,usd,completed,Dealer
ORD-200181,C10515,1HGCM40I100684,2023-12-20,Service Plan,4,4528.34,5,GBP,Completed,Phone
ORD-204024,C10484,1HGCM49U100254,2023/12/12,Parts,1,2502.06,10,USD,shipped,Phone
ORD-202598,C10988,,05-09-2023,Accessories,1,1556.02,0,USD,COMPLETED,online
ORD-203249,C10138,,2023-06-26,Warranty,2,855.46,5,USD,Shipped,Dealer
ORD-200571,C11449,1HGCM52V100333,04/11/2023,Accessories,4,474.60,5,USD,COMPLETED,Dealer
ORD-200719,C10191,1HGCM23A100546,2024-07-09,Vehicle,1,"$3,809.08",10,USD,Completed,Online
ORD-201190,C10687,1HGCM91Z100493,06 Apr 2023,Warranty,1,2624.63,0,EUR,shipped,Online
ORD-203267,C10465,1HGCM93A100052,08-05-2024,Warranty,1,2379.77,15%,USD,COMPLETED,Phone
ORD-200967,C11176,,2023-11-24,Vehicle,1,829.27,0,USD,shipped,Phone
ORD-200974,C10166,,27 Nov 2023,Parts,1,2752.00,,GBP,completed,Phone
ORD-200008,C10589,1HGCM44L100869,09/20/2023,Parts,2,287.47,,usd,Cancelled,Online
ORD-201366,C10080,1HGCM44M100532,2023-07-16,Parts,3,205.81,0,EUR,Cancelled,online
ORD-201135, c10285,1HGCM78C100860,2023-12-18,Accessories,1,650.49,,USD,Completed,Online
ORD-202809,C11088,1HGCM61Y100544,2023-05-22,Accessories,4,1071.10,15%,EUR,Completed,online
ORD-204181,C10843,1HGCM66T100045,19 Apr 2023,Parts,4,3259.34,15%,usd,Cancelled,online
ORD-202672,C10067,1HGCM69I100762,2023-08-04,Service Plan,2,4462.06,0,GBP,Pending,online
ORD-201609,C10845,1HGCM23B100105,2023-09-29,Vehicle,4,3834.62,,USD,Canceled,Phone
ORD-200065,C10438,1HGCM76E100706,2023-04-11,Parts,1,4383.42,10,usd,Completed,Online
ORD-200999,C10270,1HGCM54F100837,"Apr 06, 2024",Service Plan,1,"$3,895.54",15%,GBP,completed,Dealer
ORD-202542,C10594,1HGCM86I100242,"Sep 15, 2023",Parts,1,2267.75,15%,USD,completed,online
ORD-202823,C11316,1HGCM72D100211,2024-05-19,Warranty,1,800.02,0.1,USD,shipped,Phone
ORD-204100,C11387,,2023-06-06,Warranty,1,3904.50,5,EUR,Cancelled,Dealer
ORD-202399,C10513,1HGCM19R100875,2023-11-16,Warranty,2,651.47,0.1,USD,Cancelled,Online
ORD-204141,C11379,1HGCM53H100267,2023-03-09,Accessories,2,1889.71,,GBP,Shipped,Dealer
ORD-203381,C11370,1HGCM20I100008,05/18/2024,Accessories,1,2402.66,,USD,Pending,Phone
ORD-200947,C11433,1HGCM64T100825,2023-11-07,Service Plan,2,3462.44,,USD,shipped,Online
ORD-201812,C10260,,2023-06-05,Warranty,3,230.53,,USD,COMPLETED,Online
ORD-201879,C10562,1HGCM71Q100822,2023/03/18,Service Plan,1,358.51,,EUR,Cancelled,Dealer
ORD-203118,C11382,1HGCM11S100096,2023-12-03,Service Plan,1,2195.40,0.1,GBP,Cancelled,Dealer
ORD-200900,C10198,1HGCM27P100587,2024-03-04,Parts,4,3842.83,15%,USD,completed,Phone
ORD-203301,C10156,1HGCM53O100170,2023-07-03,Parts,1,3423.21,15%,usd,COMPLETED,Phone
ORD-203450,C10949,1HGCM37L100375,2023-11-13,Parts,1,4307.62,0.1,USD,Pending,Dealer
ORD-203782,C11083,1HGCM45Z100025,2023-12-08,Parts,4,3762.91,0.1,GBP,Shipped,online
ORD-201674,C10095,1HGCM51S100174,2023-04-22,Accessories,1,4633.84,0,GBP,Cancelled,Online
ORD-201826,C11001,,2024-02-11,Vehicle,3,1650.49,,EUR,Completed,Online
ORD-201897,C10751,1HGCM43Q100302,2023-09-24,Warranty,1,"$1,298.13",10,GBP,Completed,Online
ORD-201978,C11282,1HGCM25X100283,"Mar 16, 2024",Parts,1,2398.65,10,USD,Shipped,Dealer
ORD-201733,C10095,1HGCM77M100142,19 Jan 2023,Service Plan,4,3325.71,,EUR,Completed,Phone
ORD-202603,C11453,,2023-12-13,Vehicle,1,2023.43,,USD,completed,Phone
ORD-200993,C10539,1HGCM94H100163,2024-01-07,Service Plan,1,359.01,,usd,Cancelled,online
ORD-201921,C11335,1HGCM54X100829,2024-02-13,Vehicle,1,586.49,0,USD,shipped,Online
ORD-200828,C10447,1HGCM43Y100050,2024-07-04,Warranty,2,3924.85,0.1,USD,completed,Online
ORD-202467,C10128,1HGCM35X100777,2023-06-15,Parts,1,4073.72,,GBP,Canceled,Phone
ORD-203263,C10938,,"May 17, 2023",Vehicle,1,4641.85,0,EUR,shipped,Online
ORD-202301,C11467,1HGCM45G100474,2023-03-05,Vehicle,4,2941.08,,EUR,Canceled,Dealer
ORD-203033,C10151,1HGCM12A100884,2023-12-29,Accessories,1,118.58,0,usd,completed,Phone
ORD-203358,C10894,,2023-07-28,Accessories,2,4548.31,0.1,EUR,Pending,Dealer
ORD-200910,C11422,1HGCM24T100149,02/28/2024,Warranty,2,57.94,15%,USD,COMPLETED,Phone
ORD-201928,C10485,1HGCM25X100283,2023-07-25,Parts,1,1443.93,0.1,USD,Pending,Dealer
ORD-203577,C11232,1HGCM41U100306,2024-08-14,Vehicle,1,1097.38,0.1,USD,Cancelled,Online
ORD-202861,C10736,1HGCM10Q100068,2023-10-31,Service Plan,1,3347.61,5,USD,completed,Phone
ORD-200228,C11092,,2024-03-05,Vehicle,1,4521.69,5,USD,Pending,Online
ORD-200102,C98394,1HGCM54N100533,2023-06-26,Accessories,4,3274.07,0,USD,Pending,online
ORD-201708,C10322,,2023-04-17,Service Plan,2,302.81,5,GBP,Pending,Phone
ORD-202755,C10853,,2023-12-23,Parts,1,"$4,723.01",0,USD,COMPLETED,online
ORD-203365,C10988,1HGCM64I100840,2024-06-10,Parts,1,1240.29,0.1,USD,Canceled,Dealer
ORD-200966,C10304,1HGCM30Z100415,2024-06-14,Accessories,1,508.85,10,EUR,completed,Online
ORD-202578,C11402,,2023-07-08,Warranty,3,"$1,574.24",10,EUR,COMPLETED,Phone
ORD-202587,C10239,1HGCM58C100210,"Jun 17, 2024",Service Plan,4,332.78,15%,USD,Completed,online
ORD-200635,C11131,1HGCM99B100261,2023-05-29,Service Plan,2,2651.22,,USD,Completed,Dealer
ORD-202644,C10145,,2024-07-22,Accessories,1,4146.08,,usd,completed,Dealer
ORD-202777,C11202,1HGCM60B100755,2024-05-31,Service Plan,2,4758.62,0.1,USD,shipped,Phone
ORD-202101,C10363,,2024-03-22,Vehicle,3,716.28,0.1,EUR,Canceled,Dealer
ORD-203555,C11324,1HGCM39I100164,2023-04-09,Warranty,4,951.85,0,USD,Canceled,Dealer
ORD-201892,C10450,1HGCM81M100636,08 Oct 2023,Vehicle,4,3740.70,10,EUR,completed,Phone
ORD-200724,C11233,1HGCM36V100021,2023/03/22,Accessories,4,"$2,114.81",15%,USD,COMPLETED,Phone
ORD-203862,C10821,1HGCM61T100565,2024-03-26,Vehicle,1,3695.23,10,USD,shipped,Phone
ORD-202171,C10573,1HGCM17M100168,2023-10-19,Parts,1,3408.54,5,USD,Cancelled,Online
ORD-200712,C10641,1HGCM47V100723,2023-09-05,Service Plan,1,4423.67,10,USD,shipped,Phone
ORD-203874,C10396,1HGCM28U100670,08 Jan 2024,Accessories,1,1828.11,0.1,GBP,Shipped,Online
ORD-200880,C11080,1HGCM25K100088,2024-03-16,Warranty,4,2666.39,10,USD,Completed,online
ORD-203917,C11320,1HGCM72P100483,2023-12-18,Accessories,1,1576.97,15%,usd,completed,Phone
ORD-200752,C11082,,2024/08/11,Accessories,1,$293.13,5,USD,shipped,Online
ORD-200320,C11217,,05-04-2023,Service Plan,1,1132.14,15%,USD,Canceled,online
ORD-200641,C10348,,2023-06-13,Service Plan,1,3564.79,15%,GBP,Shipped,online
ORD-202808,C10842,1HGCM44P100197,2024-03-18,Accessories,1,480.05,10,EUR,COMPLETED,Online
ORD-203060,C11334,1HGCM85W100724,2023-03-17,Accessories,3,1961.49,0,GBP,Canceled,Online
ORD-203656,C10507,1HGCM89O100378,2024-07-07,Vehicle,2,"$3,023.82",,usd,Cancelled,online
ORD-200630,C10110,1HGCM97D100367,2023-03-31,Vehicle,4,721.00,,USD,shipped,Online
ORD-203426,C10710,1HGCM81M100636,2023-12-16,Parts,1,4548.78,0,USD,Pending,online
ORD-203472,C10726,1HGCM49U100228,2023-11-05,Parts,3,1119.66,15%,USD,Canceled,Phone
ORD-200264,C10174,,28 May 2024,Warranty,4,1172.90,0.1,usd,Pending,Online
ORD-200416,C11184,1HGCM59F100187,2024-02-29,Warranty,1,1260.30,10,GBP,Completed,Phone
ORD-201063,C10715,1HGCM24L100791,"Mar 04, 2024",Service Plan,1,3595.83,,USD,Completed,Dealer
ORD-203402,C11232,1HGCM88J100087,2023-05-27,Vehicle,3,1415.28,15%,usd,Canceled,Phone
ORD-200382,C11209,1HGCM97H100735,2023-03-29,Warranty,1,295.59,0.1,usd,Pending,Phone
ORD-201828,C11269,1HGCM55R100745,2023/10/01,Vehicle,1,1487.28,0.1,USD,Completed,Dealer
ORD-201914,C10296,1HGCM46T100357,"Jun 16, 2024",Accessories,4,1572.33,10,USD,Cancelled,Dealer
ORD-202525,C10572,1HGCM73P100743,2023-05-21,Parts,1,2689.41,5,usd,Canceled,online
ORD-201275,C10715,1HGCM34I100528,2023-06-30,Parts,4,3463.41,0,USD,Cancelled,Dealer
ORD-202047,C10693,1HGCM29F100239,2023-03-14,Vehicle,3,,10,GBP,Canceled,Dealer
ORD-203923,C11198,1HGCM10U100800,2023-04-01,Parts,1,$467.70,5,USD,Canceled,Dealer
ORD-200282,C10118,1HGCM32G100838,2023-09-05,Service Plan,1,$304.02,,USD,Shipped,Dealer
ORD-203439,C11005,,05 Jul 2023,Parts,3,2139.42,0,usd,Completed,Online
ORD-202227,C11037,1HGCM35C100002,2023-10-31,Parts,1,3960.94,15%,EUR,shipped,online
ORD-200362,C11271,1HGCM78Y100310,05-08-2024,Vehicle,4,3581.84,,USD,completed,online
ORD-202146,C10643,1HGCM20K100660,2023-10-06,Parts,2,203.87,15%,USD,Completed,Dealer
ORD-203530,C10147,,2024-01-31,Accessories,1,4495.74,15%,GBP,Cancelled,Dealer
ORD-201960,C10472,1HGCM22L100245,2024-08-01,Warranty,1,1797.70,5,EUR,Completed,Online
ORD-201800,C10895,,2023-11-12,Service Plan,1,1612.48,10,USD,shipped,online
ORD-202812, c11401,1HGCM37L100661,16-03-2024,Vehicle,2,2768.59,0,EUR,Pending,Dealer
ORD-203765,C10752,1HGCM88V100437,02-06-2024,Accessories,2,4219.68,0,USD,Cancelled,online
ORD-200353,C11011,1HGCM38N100039,2023-06-08,Vehicle,2,52.26,15%,usd,Completed,Dealer
ORD-200053,C10102,1HGCM32B100339,2023-04-04,Parts,1,106.30,0,USD,Shipped,Phone
ORD-203611,C11152,1HGCM27C100782,2024-06-20,Warranty,1,4404.28,10,USD,Cancelled,Dealer
ORD-203462,C11132,1HGCM23H100813,2024-07-04,Accessories,3,838.24,5,GBP,Completed,Online
ORD-201476,C10217,1HGCM44P100041,2023-07-28,Vehicle,2,4679.04,15%,usd,completed,Online
ORD-203516,C10271,1HGCM54K100270,2023-05-22,Accessories,3,2621.08,10,USD,Canceled,Dealer
ORD-203171,C10516,1HGCM38E100394,2023-07-18,Warranty,4,3532.51,5,USD,Completed,Phone
ORD-200881,C10405,1HGCM77T100305,28-01-2023,Accessories,1,272.12,0,GBP,Completed,Phone
ORD-203738,C10163,1HGCM12E100524,2023-11-27,Service Plan,2,2835.07,5,EUR,COMPLETED,online
ORD-202405,C10674,1HGCM56I100866,2023-02-23,Accessories,1,919.39,10,GBP,Pending,Online
ORD-200538,C10170,1HGCM97R100485,2023-04-01,Service Plan,4,2800.72,10,GBP,Pending,online
ORD-200023,C11254,1HGCM24H100345,2024/06/12,Vehicle,4,"$1,772.21",0.1,EUR,Canceled,Online
ORD-201257,C11157,1HGCM53N100871,2023-04-04,Parts,1,4473.98,0.1,GBP,Canceled,Dealer
ORD-203701,C11422,1HGCM69X100309,2023-10-17,Parts,1,3401.98,0,USD,Canceled,Phone
ORD-200340,C10619,1HGCM63N100819,2023-05-15,Vehicle,1,713.40,10,usd,shipped,online
ORD-200499,C10133,,09 Jan 2024,Accessories,4,89.55,10,GBP,shipped,Phone
ORD-202373,C11194,1HGCM35B100573,2023-09-30,Service Plan,4,975.20,,USD,completed,Phone
ORD-201647,C11019,1HGCM11C100366,2024-05-09,Service Plan,4,2331.44,,USD,Cancelled,Dealer
ORD-202794,C11369,1HGCM44X100127,2024/07/11,Parts,2,1338.10,0,EUR,Cancelled,online
ORD-203204,C11231,,2023-07-29,Service Plan,1,176.22,0.1,USD,shipped,Dealer
ORD-203880,C10678,,2023-06-22,Service Plan,2,1830.65,5,EUR,Shipped,Online
ORD-202781,C11469,1HGCM52C100184,2024-06-29,Warranty,3,3777.32,0,GBP,Cancelled,Online
ORD-202814,C11077,1HGCM21L100713,2023-05-18,Service Plan,1,"$1,617.67",10,EUR,completed,Phone
ORD-200441,C10214,1HGCM15U100878,2023-06-10,Parts,2,3776.17,15%,USD,shipped,Online
ORD-202860,C10467,1HGCM48T100383,"Jun 24, 2024",Accessories,4,"$2,252.06",,USD,completed,online
ORD-203217,C11322,1HGCM61M100376,2024-01-11,Service Plan,1,2767.90,15%,USD,Cancelled,Phone
ORD-203372,C10199,1HGCM83H100709,2024-08-01,Service Plan,2,"$2,889.96",,EUR,Cancelled,Online
ORD-202930,C10525,1HGCM11U100566,2023-11-10,Warranty,1,"$2,347.52",,usd,completed,Dealer
ORD-203757,C10698,1HGCM32V100801,2023-03-16,Parts,2,"$4,355.69",10,USD,Completed,online
ORD-202591,C10519,,2024-03-05,Warranty,1,955.09,15%,GBP,Completed,online
ORD-204187, c10808,,2023-11-21,Vehicle,3,3989.15,0.1,USD,Shipped,Dealer
ORD-203774,C10901,1HGCM44K100894,2024-07-20,Parts,1,446.06,0.1,EUR,Shipped,Phone
ORD-204173,C10970,1HGCM33J100685,2024-05-08,Accessories,3,2486.69,0,EUR,Pending,Phone
ORD-202564,C11396,1HGCM70E100134,2023-08-12,Accessories,3,768.03,15%,USD,COMPLETED,Phone
ORD-201134,C11106,1HGCM22L100245,2023-03-29,Vehicle,2,2913.37,0.1,usd,Shipped,Online
ORD-204195,C10161,1HGCM42U100384,2024-03-17,Warranty,1,"$3,173.70",10,EUR,shipped,online
ORD-202089,C10783,1HGCM83D100679,08 May 2023,Service Plan,1,"$4,209.45",0,USD,Cancelled,online
ORD-201548,C10318,,"Nov 02, 2023",Vehicle,1,4688.29,,EUR,completed,Online
ORD-201771,C10514,1HGCM62S100226,2023-05-18,Accessories,3,768.47,,USD,Canceled,Dealer
ORD-202006,C10072,1HGCM24Y100752,2023-05-02,Parts,1,3554.02,10,USD,Shipped,online
ORD-201901, c11012,,2023-01-14,Warranty,4,4191.99,10,USD,completed,Online
ORD-200333,C10620,1HGCM84O100690,2024-05-16,Vehicle,3,3882.47,15%,GBP,Shipped,online
ORD-201626,C11370,1HGCM52Z100077,04/18/2024,Service Plan,4,"$1,293.72",10,usd,Pending,Phone
ORD-202517,C10054,,2023-06-25,Service Plan,3,1761.15,0,USD,Cancelled,Dealer
ORD-203244,C11262,1HGCM27P100587,2023-01-13,Parts,2,4456.02,15%,GBP,Completed,Dealer
ORD-203998,C11484,1HGCM91C100340,29-05-2024,Vehicle,4,3441.17,0,EUR,Pending,Phone
ORD-200573,C10138,1HGCM89J100633,2023-04-27,Parts,3,1908.05,5,USD,Cancelled,Online
ORD-201372,C10563,1HGCM14I100346,2023-08-14,Vehicle,3,3095.14,10,USD,Completed,Online
ORD-202735, c10856,1HGCM49B100443,12 Jul 2023,Warranty,1,2018.24,,GBP,Pending,Phone
ORD-202791,C10765,1HGCM86D100289,2023-09-09,Warranty,1,2748.73,0.1,USD,Completed,Phone
ORD-201941,C10381,1HGCM75W100126,2023-10-28,Accessories,1,537.81,5,USD,Canceled,online
ORD-202592,C10198,,2023-07-18,Parts,2,,0,EUR,shipped,Online
ORD-201474,C10474,1HGCM64Q100692,2023-04-23,Parts,1,600.39,5,GBP,Canceled,online
ORD-202166,C11286,1HGCM69R100589,2023-03-12,Warranty,4,2400.60,10,USD,Canceled,online
ORD-202095,C10527,,2024-06-05,Service Plan,1,3279.73,10,usd,Pending,Phone
ORD-201286,C10731,1HGCM53M100480,"Feb 08, 2024",Parts,2,3731.98,10,USD,COMPLETED,Online
ORD-202974,C11495,1HGCM23B100105,2023-12-03,Service Plan,2,2849.00,0.1,EUR,COMPLETED,Online
ORD-202927,C10117,1HGCM44N100611,"Feb 20, 2024",Vehicle,2,1047.13,0,GBP,Shipped,Online
ORD-202034,C11253,1HGCM37L100037,2024-06-17,Accessories,2,"$1,603.84",0,USD,Cancelled,online
ORD-202358,C10641,1HGCM28Q100874,2024-05-16,Service Plan,1,3293.44,5,usd,Canceled,Dealer
ORD-202169,C11388,1HGCM43A100806,2023-05-11,Service Plan,1,569.15,15%,USD,Completed,online
ORD-200247,C11023,1HGCM58S100512,2023-09-15,Parts,3,3440.83,5,USD,Shipped,Phone
ORD-200753,C10249,1HGCM54F100837,02/04/2023,Parts,1,2885.49,15%,USD,Canceled,Phone
ORD-202479,C11264,1HGCM34J100815,2023-08-03,Service Plan,1,4096.64,0,USD,Canceled,Phone
ORD-200695, c10184,1HGCM84Q100848,2024-04-30,Warranty,1,2923.82,10,GBP,Completed,Dealer
ORD-203456,C10045,1HGCM70R100407,2023-03-09,Vehicle,1,3993.66,,EUR,Shipped,Dealer
ORD-204108,C10051,1HGCM82Z100389,2023-10-30,Accessories,4,3440.44,15%,USD,Completed,Phone
ORD-200276,C10946,1HGCM23B100105,2024/03/19,Parts,1,4367.35,,GBP,Canceled,Dealer
ORD-202687,C11141,1HGCM63N100819,30 Nov 2023,Warranty,2,$284.88,15%,USD,COMPLETED,Online
ORD-204198,C11462,,2023-01-02,Vehicle,1,458.94,,USD,Cancelled,Dealer
ORD-200226,C10786,1HGCM68A100858,10 Dec 2023,Parts,1,2319.64,5,USD,Canceled,online
ORD-200527,C11321,1HGCM77I100710,"Dec 23, 2023",Vehicle,1,179.62,10,GBP,Completed,online
ORD-202633, c11255,1HGCM97Q100406,01/21/2024,Accessories,3,"$1,615.81",10,GBP,completed,online
ORD-200421,C11106,,2023-02-23,Parts,1,1237.62,15%,USD,Cancelled,Dealer
ORD-202234,C10135,1HGCM39I100164,2023-09-29,Service Plan,1,4778.15,0,GBP,Shipped,online
ORD-200069,C10457,1HGCM34I100398,2023-09-11,Parts,2,2844.84,5,EUR,completed,Dealer
ORD-201231,C11002,1HGCM12J100269,2024-03-14,Parts,1,3578.93,0,usd,Cancelled,Dealer
ORD-202335,C10635,1HGCM76E100368,2024-07-31,Vehicle,1,1620.59,0,usd,COMPLETED,online
ORD-202695, c11481,1HGCM74U100150,2024-06-05,Service Plan,3,1889.95,0.1,USD,Pending,Dealer
ORD-204053,C10884,1HGCM72N100091,2023-06-05,Parts,1,4709.39,15%,EUR,completed,online
ORD-202398,C11342,1HGCM23Q100484,30-12-2023,Warranty,1,3135.28,0.1,USD,Pending,Online
ORD-203950,C10845,1HGCM33T100435,23-08-2024,Warranty,3,1714.57,0.1,USD,Cancelled,Phone
ORD-201169,C10832,,2024-08-17,Parts,1,"$2,372.71",0.1,GBP,Cancelled,Phone
ORD-204072,C11111,1HGCM98Z100207,2023-06-02,Vehicle,2,$930.65,5,usd,Canceled,online
ORD-202844,C10781,1HGCM27O100066,2023/09/24,Service Plan,3,4699.74,0.1,USD,Cancelled,online
ORD-202098,C10472,1HGCM35W100802,2023-11-26,Parts,2,2863.30,,usd,Pending,Dealer
ORD-201102,C10565,1HGCM22L100245,02/19/2024,Parts,1,"$2,329.41",0,USD,Pending,online
ORD-202276,C10141,,2024-03-25,Warranty,4,2592.50,5,USD,Completed,online
ORD-202915,C10732,1HGCM93C100678,2024-07-18,Warranty,2,3284.98,0,usd,Canceled,Online
ORD-203184,C10394,1HGCM68X100881,2023-02-27,Vehicle,3,3633.58,,USD,completed,Dealer
ORD-203112,C10859,,2023-01-03,Accessories,3,1056.91,15%,GBP,Completed,online
ORD-201753,C11333,1HGCM32C100756,2023-12-14,Accessories,4,1925.91,15%,USD,Cancelled,online
ORD-200703,C10864,1HGCM62S100226,"Jan 12, 2023",Parts,1,3027.56,,GBP,COMPLETED,Dealer
ORD-200857,C10421,1HGCM26G100682,2024-04-28,Warranty,1,370.71,15%,EUR,Cancelled,Phone
ORD-203323,C11396,1HGCM47H100475,2024-08-17,Vehicle,2,2601.76,0,usd,completed,online
ORD-200740,C10274,,2023-05-01,Parts,1,"$4,143.19",5,usd,Pending,online
ORD-203628,C11301,1HGCM52N100195,2024/07/10,Accessories,1,1926.00,10,USD,Shipped,Dealer
ORD-202846,C11295,1HGCM69I100762,2024-04-27,Accessories,1,180.84,,usd,Canceled,Phone
ORD-202679,C10256,,2023-02-10,Warranty,2,2373.93,15%,GBP,Canceled,Phone
ORD-202763,C11448,1HGCM66H100761,2023-03-26,Warranty,1,2238.03,15%,USD,Canceled,Phone
ORD-200832,C11452,1HGCM65Z100883,2023-07-09,Warranty,3,1305.03,0.1,GBP,Shipped,Online
ORD-203351,C10068,1HGCM40D100029,2024-01-16,Service Plan,4,4500.67,0,usd,Cancelled,Online
ORD-200639,C11272,1HGCM11L100557,2023-06-27,Accessories,4,"$2,321.64",5,USD,Pending,Dealer
ORD-201600,C10909,1HGCM13C100808,"Mar 16, 2023",Service Plan,3,2869.53,5,EUR,shipped,online
ORD-200096,C10518,1HGCM76M100792,2023/09/07,Warranty,1,,,GBP,Cancelled,Phone
ORD-201513,C11343,,2023-05-24,Warranty,1,2288.18,10,USD,COMPLETED,online
ORD-202547,C10836,1HGCM69M100350,2024-06-25,Parts,1,1178.00,5,USD,Cancelled,online
ORD-202453,C10740,,2023-05-25,Vehicle,1,1193.85,5,GBP,completed,Phone
ORD-201006,C10359,1HGCM93W100022,2023/06/23,Service Plan,1,2851.35,0,GBP,COMPLETED,online
ORD-201786,C10577,1HGCM40H100215,2023-10-21,Accessories,1,1546.37,10,EUR,Cancelled,Online
ORD-203725,C11334,1HGCM68S100356,2023-02-26,Accessories,3,4020.01,10,usd,shipped,Phone
ORD-203984,C11078,1HGCM35T100513,2023-07-31,Service Plan,3,2183.45,5,USD,COMPLETED,Online
ORD-202452,C11021,,2024-05-06,Accessories,1,1980.93,0.1,USD,shipped,Phone
ORD-204084,C10086,1HGCM58H100137,2023-05-02,Service Plan,2,$253.94,0,GBP,Completed,online
ORD-202593,C10015,1HGCM34J100815,2023-08-07,Parts,3,899.62,15%,USD,Cancelled,Online
ORD-200236,C11192,,2023-08-28,Warranty,2,1727.46,10,GBP,COMPLETED,online
ORD-203994,C10729,1HGCM49I100086,2023-11-09,Vehicle,3,258.30,15%,EUR,Cancelled,Dealer
ORD-203755,C11369,,"Feb 16, 2024",Warranty,1,759.54,10,usd,Shipped,Online
ORD-201887,C10752,1HGCM63N100819,2023-05-06,Accessories,4,,,usd,COMPLETED,Online
ORD-203596,C10661,1HGCM67R100173,2024-07-05,Parts,3,4688.78,,USD,Completed,online
ORD-203939,C10985,1HGCM92W100048,2023-10-16,Accessories,1,1953.66,10,USD,Canceled,Dealer
ORD-202388,C10807,1HGCM44N100611,2024-07-04,Vehicle,2,149.19,0.1,GBP,Cancelled,Dealer
ORD-200367,C10454,1HGCM73C100028,2023-08-04,Vehicle,4,458.63,5,USD,Pending,Phone
ORD-202832,C10112,1HGCM22Q100198,2023-10-27,Accessories,1,3722.71,,USD,Pending,Dealer
ORD-200009,C11414,1HGCM15K100608,2024-01-29,Service Plan,1,4193.76,0,EUR,shipped,Dealer
ORD-200655,C10289,1HGCM22S100252,2023-07-23,Parts,2,3822.74,5,usd,Shipped,Online
ORD-202661,C10587,1HGCM73P100743,2024-07-26,Vehicle,4,3636.02,10,USD,Completed,Dealer
ORD-202197,C11040,1HGCM68Q100562,06 Feb 2024,Accessories,1,4290.75,,USD,Cancelled,Phone
ORD-200682,C10980,1HGCM21N100455,2024-03-19,Accessories,2,975.31,15%,GBP,completed,Dealer
ORD-203536,C11129,,2024-03-18,Service Plan,1,4680.75,15%,USD,COMPLETED,Online
ORD-202668,C10752,,2023/11/18,Parts,1,"$2,630.61",5,GBP,completed,online
ORD-201457,C11255,1HGCM55K100348,2024-02-15,Accessories,2,2388.44,15%,GBP,completed,Online
ORD-200331,C10558,1HGCM35J100243,2023-01-09,Vehicle,2,"$1,510.16",,EUR,shipped,Dealer
ORD-200490,C10477,1HGCM52V100333,"Feb 06, 2024",Warranty,2,,0.1,USD,COMPLETED,online
ORD-200403,C10531,1HGCM49Q100094,"Jun 03, 2023",Service Plan,1,2671.07,,USD,COMPLETED,Online
ORD-202386,C10116,1HGCM64H100891,2023-01-23,Accessories,2,1378.91,0,EUR,Pending,online
ORD-204174, c10752,1HGCM35W100802,06/20/2023,Vehicle,4,3936.45,15%,usd,Shipped,Phone
ORD-203080,C11176,1HGCM62S100538,08/21/2024,Parts,1,1839.91,5,GBP,Shipped,Phone
ORD-203444,C10543,1HGCM72D100341,2024-07-04,Accessories,1,3234.08,0,EUR,Canceled,Phone
ORD-201239,C10727,1HGCM40D100029,2024-04-30,Accessories,1,1231.63,10,USD,COMPLETED,Dealer
ORD-201713,C10559,1HGCM66C100054,2023-12-26,Warranty,1,4417.07,,USD,Cancelled,Dealer
ORD-203605,C10106,,2023-09-05,Accessories,1,3760.81,10,USD,Pending,online
ORD-200188,C10400,1HGCM28W100152,2023-05-30,Accessories,2,"$3,320.41",15%,USD,Shipped,Phone
ORD-200971,C10256,1HGCM21P100509,2023-11-10,Parts,2,2668.79,10,GBP,shipped,online
ORD-200461,C10267,1HGCM44Q100328,2024-06-15,Parts,1,2468.78,0.1,usd,shipped,Dealer
ORD-201918,C10958,1HGCM60L100479,2024-03-12,Vehicle,2,1357.49,0,GBP,COMPLETED,Dealer
ORD-203222,C11045,1HGCM51J100711,2024-03-28,Accessories,3,1525.35,10,EUR,Shipped,online
ORD-200749,C10586,1HGCM67Y100492,2024/01/22,Warranty,3,1743.79,0,USD,COMPLETED,Online
ORD-202742,C11137,1HGCM59P100847,2024-05-10,Service Plan,2,$954.96,0,EUR,Shipped,online
ORD-202070,C10800,1HGCM10A100208,2023-06-19,Warranty,1,1504.74,10,usd,shipped,online
ORD-203550,C11474,1HGCM13W100074,2023-03-01,Accessories,1,4000.52,0.1,usd,Completed,Online
ORD-200561,C10973,,27 Feb 2023,Warranty,1,75.06,5,USD,completed,Online
ORD-201304,C11028,1HGCM26U100098,07 Mar 2024,Accessories,1,3511.70,0.1,usd,COMPLETED,Online
ORD-200114,C10128,,13-05-2024,Service Plan,1,287.48,0,usd,Shipped,Online
ORD-200640,C10601,1HGCM32K100114,2023-02-07,Vehicle,4,4346.00,0.1,GBP,COMPLETED,online
ORD-200985,C11114,1HGCM72P100483,2023-03-05,Accessories,1,517.45,5,GBP,Completed,Dealer
ORD-202471,C10892,1HGCM53V100203,2024-04-27,Parts,1,"$2,678.26",10,USD,Completed,Dealer
ORD-203803,C11219,1HGCM28Y100700,2024-05-24,Vehicle,2,3682.98,5,GBP,Cancelled,online
ORD-202238,C11197,1HGCM56Q100510,08/18/2024,Service Plan,1,1069.86,5,USD,COMPLETED,Dealer
ORD-202107,C10297,1HGCM62L100765,2024-07-30,Parts,3,4702.91,10,GBP,COMPLETED,Phone
ORD-201024,C11179,1HGCM53V100203,2023-10-26,Warranty,1,3193.24,10,USD,Cancelled,Online
ORD-202551, c10027,1HGCM94D100159,2024-01-07,Parts,4,"$2,183.35",0,EUR,COMPLETED,Online
ORD-202746,C11324,1HGCM71V100619,2024-07-31,Accessories,1,2859.02,0,GBP,Cancelled,Online
ORD-201439,C11200,1HGCM71U100852,2024-07-29,Accessories,4,2117.44,0.1,EUR,COMPLETED,Phone
ORD-200891,C10250,1HGCM55K100348,2023-07-26,Warranty,1,1449.22,,USD,COMPLETED,Online
ORD-202653,C10039,1HGCM62G100708,07/17/2023,Warranty,3,4527.61,15%,usd,COMPLETED,Dealer
ORD-202941,C10345,1HGCM87I100060,2023-02-10,Warranty,1,2330.96,10,USD,Cancelled,Phone
ORD-203712,C10760,,2023-09-25,Warranty,1,2242.22,5,GBP,COMPLETED,Phone
ORD-203672,C10354,,06/10/2023,Warranty,4,2250.91,,USD,shipped,Phone
ORD-203008,C10718,1HGCM27L100349,30 Mar 2023,Service Plan,2,4062.11,15%,USD,Shipped,online
ORD-203561,C10552,1HGCM92C100314,2023-05-03,Warranty,1,2663.68,0,usd,Shipped,online
ORD-200241,C11427,1HGCM97H100735,2024-07-23,Warranty,1,1698.38,10,EUR,completed,Phone
ORD-201034,C10126,1HGCM50J100009,2024-04-11,Parts,3,392.95,0.1,EUR,completed,Phone
ORD-203830,C11430,,2023-01-27,Warranty,1,2114.53,0,EUR,Pending,Dealer
ORD-202062,C11276,1HGCM22F100629,2024-02-12,Service Plan,1,2571.69,,USD,shipped,Phone
ORD-200492,C10911,1HGCM61F100291,06/18/2024,Service Plan,4,3940.67,0.1,EUR,Shipped,online
ORD-200105,C10654,1HGCM80Z100675,2023-06-24,Warranty,1,3931.46,10,USD,Canceled,Online
ORD-200227,C11184,1HGCM35L100271,2023-10-09,Vehicle,3,"$2,328.91",0.1,usd,Pending,Dealer
ORD-200375,C10141,1HGCM29F100239,2024-05-19,Warranty,1,419.47,0,GBP,Shipped,Online
ORD-203400,C11241,,"Mar 05, 2024",Accessories,4,2273.54,,GBP,Completed,online
ORD-203687,C10076,1HGCM91D100393,2023/01/03,Accessories,1,$277.03,15%,usd,Completed,Phone
ORD-204151,C10753,1HGCM43G100786,2023-04-01,Warranty,1,3694.47,15%,EUR,Pending,online
ORD-204071,C10649,1HGCM68F100447,2023-05-17,Service Plan,3,"$2,111.62",0.1,EUR,Completed,online
ORD-201013, c10086,,2023-12-13,Parts,4,1411.51,0.1,EUR,Shipped,Phone
ORD-200270, c10662,,2023/03/06,Vehicle,1,4022.14,0.1,usd,Canceled,Online
ORD-202188,C10277,1HGCM17F100655,2024-02-04,Warranty,1,"$4,073.33",15%,EUR,Completed,online
ORD-203589,C11168,1HGCM52Q100666,2023-10-21,Vehicle,2,"$4,139.09",5,USD,Pending,Online
ORD-201544,C10997,1HGCM98M100558,2024-06-29,Accessories,1,3228.79,,USD,Pending,Phone
ORD-203606,C11239,,2023-03-04,Service Plan,3,4211.50,10,USD,completed,Dealer
ORD-203005,C10114,1HGCM38D100003,2023-08-18,Parts,4,3690.73,5,EUR,Shipped,Phone
ORD-200258,C10838,1HGCM98Y100648,07 Oct 2023,Accessories,1,"$2,914.17",,USD,Completed,Online
ORD-203378,C10992,,2023-07-03,Vehicle,4,4783.90,15%,usd,completed,Online
ORD-204125,C11034,,2023-12-07,Accessories,1,,5,USD,Completed,Phone
ORD-201341,C10340,1HGCM25M100194,2023-06-07,Accessories,1,2622.25,,USD,Canceled,Phone
ORD-202839,C10951,,"Dec 18, 2023",Vehicle,1,3447.16,10,usd,shipped,online
ORD-201093,C10445,1HGCM80Z100675,2023-02-17,Vehicle,1,2711.21,0,USD,completed,Phone
ORD-200937,C10025,1HGCM94D100159,2023-01-04,Warranty,1,2647.61,10,EUR,Shipped,Dealer
ORD-201241,C10396,1HGCM51X100075,2024-07-06,Vehicle,3,3673.22,0,GBP,shipped,Phone
ORD-203920,C99623,,2023-05-12,Warranty,1,3760.73,5,USD,Cancelled,Dealer
ORD-200321,C10721,1HGCM64I100840,01/23/2024,Service Plan,3,2148.98,5,USD,Pending,Dealer
ORD-201821,C11282,1HGCM21L100713,2023-05-05,Service Plan,4,4025.75,0,EUR,shipped,Dealer
ORD-201680,C10608,1HGCM95G100656,2024/01/09,Service Plan,1,2035.64,10,USD,Canceled,Phone
ORD-203072,C10213,1HGCM93N100585,2023-12-18,Parts,1,2601.25,15%,GBP,shipped,Phone
ORD-203152,C10054,1HGCM24W100620,2023-06-04,Warranty,3,1344.28,0.1,USD,Cancelled,Phone
ORD-200259,C10215,1HGCM22J100451,2023-04-12,Vehicle,2,2343.06,0,EUR,Cancelled,online
ORD-200178,C10945,,2024-03-20,Accessories,3,1462.82,5,USD,Cancelled,Phone
ORD-201085,C11114,1HGCM88N100117,2024-05-26,Service Plan,1,1092.70,5,USD,shipped,online
ORD-200628,C10845,1HGCM35Y100076,2023-10-17,Parts,1,3592.07,,usd,Shipped,online
ORD-200295,C10020,1HGCM67Z100701,2023-07-26,Service Plan,1,$796.26,5,usd,COMPLETED,online
ORD-203036,C10241,1HGCM49O100248,2023-08-20,Accessories,1,869.50,,USD,Shipped,Online
ORD-202113,C10168,1HGCM47A100260,2023-07-29,Accessories,2,1677.08,0.1,GBP,Canceled,Dealer
ORD-200664,C10593,1HGCM55B100001,2023-03-04,Parts,3,"$3,112.12",10,EUR,shipped,Dealer
ORD-202033,C11148,1HGCM43Q100302,2024-03-21,Accessories,1,2841.50,5,USD,Pending,Online
ORD-203532,C11013,1HGCM92Y100362,2024-07-13,Vehicle,2,4732.19,15%,USD,Shipped,Phone
ORD-203442,C10576,1HGCM63G100422,2024-03-23,Vehicle,1,"$2,514.08",0.1,EUR,Shipped,Phone
ORD-201284,C10716,1HGCM68H100423,2023-03-09,Accessories,1,2147.21,,usd,Pending,Dealer
ORD-200284,C11223,1HGCM23A100026,2024-06-17,Vehicle,1,3693.68,5,USD,completed,online
ORD-202765,C11022,,2023-11-10,Accessories,3,983.30,5,GBP,completed,online
ORD-201592,C11302,1HGCM98D100497,2023-12-04,Accessories,1,1311.98,10,USD,Completed,online
ORD-202080,C11394,1HGCM49I100086,2023-03-07,Service Plan,1,1930.03,10,usd,Cancelled,Online
ORD-203434,C11005,1HGCM30K100374,2024-01-22,Accessories,1,833.81,0.1,USD,Pending,Dealer
ORD-202843,C11472,,"Mar 29, 2024",Service Plan,1,1285.01,,usd,Cancelled,Phone
ORD-200248,C10716,1HGCM21P100509,2023/03/12,Accessories,3,941.12,0.1,USD,Cancelled,Phone
ORD-202223,C10571,1HGCM49U100228,2024-08-15,Service Plan,1,4171.29,,USD,Completed,Online
ORD-200744,C10845,1HGCM88V100437,2024-02-27,Parts,2,"$2,362.95",0,GBP,Shipped,Online
ORD-201571,C10638,1HGCM15Y100024,2024-06-25,Vehicle,3,608.00,0.1,GBP,completed,Dealer
ORD-200021,C10046,1HGCM21L100531,2024-07-23,Service Plan,2,4248.60,,USD,Shipped,online
ORD-203869, c11110,1HGCM98G100266,2024/03/15,Accessories,1,2908.54,5,USD,Shipped,Online
ORD-203273,C10515,1HGCM71T100123,2023-11-02,Accessories,3,"$4,546.10",5,USD,COMPLETED,online
ORD-201425,C10609,,2024-04-20,Service Plan,1,1284.09,0.1,GBP,Pending,Dealer
ORD-201487,C11485,1HGCM37T100747,2023-09-06,Service Plan,1,3595.86,0,USD,Completed,Dealer
ORD-202958,C10361,1HGCM22U100540,2023-12-03,Warranty,3,4673.71,5,usd,Completed,Dealer
ORD-200417,C10663,1HGCM71G100864,2024-02-15,Vehicle,4,"$1,771.91",15%,GBP,Canceled,online
ORD-202152,C10888,1HGCM81D100523,2023-09-14,Vehicle,1,1517.31,10,USD,shipped,Dealer
ORD-200727,C10145,1HGCM30I100606,2024-07-24,Parts,1,"$1,201.26",,EUR,shipped,Online
ORD-202457,C10594,1HGCM53O100170,2024-08-20,Service Plan,2,4317.41,0,usd,Pending,Dealer
ORD-203969,C10115,1HGCM34H100553,2024-07-16,Parts,1,2940.28,15%,usd,COMPLETED,online
ORD-203322,C10857,1HGCM76D100601,2024-05-08,Parts,1,4478.27,0.1,USD,Canceled,online
ORD-202504,C10804,1HGCM64L100063,18 Jun 2023,Parts,4,4710.89,5,USD,Completed,Online
ORD-203140,C10627,1HGCM12A100884,"Feb 16, 2024",Accessories,2,,,GBP,Completed,online
ORD-203563,C10024,1HGCM93F100343,2024-02-16,Parts,2,2876.32,0.1,EUR,Completed,online
ORD-202482,C10025,,2023-01-30,Vehicle,1,2972.25,0,USD,shipped,Dealer
ORD-203021,C10266,1HGCM51T100643,2024-01-12,Warranty,1,$289.85,15%,GBP,Cancelled,online
ORD-203448,C11231,1HGCM81M100636,2024-03-22,Accessories,1,379.65,5,EUR,Pending,online
ORD-200717,C10649,1HGCM96L100609,01-09-2023,Warranty,1,4048.24,0,usd,Completed,Dealer
ORD-201052,C10362,1HGCM12D100549,2023-05-13,Vehicle,3,598.43,10,USD,shipped,online
ORD-200595,C10650,1HGCM64B100469,08/04/2024,Accessories,1,3509.65,,GBP,Cancelled,Online
ORD-202313,C10385,1HGCM69X100699,2023-08-13,Warranty,1,4130.87,0.1,usd,shipped,Online
ORD-203257,C10495,,01/27/2023,Parts,3,3590.70,,USD,COMPLETED,Online
ORD-202609,C10800,1HGCM76F100551,"Aug 07, 2023",Service Plan,2,$980.93,5,USD,COMPLETED,online
ORD-201581,C10078,1HGCM20I100008,2024-05-11,Warranty,1,2575.48,0.1,EUR,completed,online
ORD-202688,C10326,1HGCM49U100046,2023-03-04,Accessories,4,49.84,,USD,completed,Dealer
ORD-203421,C10778,,2024-06-06,Accessories,1,3767.35,0,USD,Shipped,online
ORD-200888,C11039,,2023-01-14,Warranty,1,382.93,0,usd,completed,Phone
ORD-203329,C10154,1HGCM86E100186,07/26/2023,Warranty,1,4158.96,10,USD,Pending,Phone
ORD-201777,C10869,1HGCM99B100261,"May 18, 2023",Vehicle,2,1127.43,0,USD,Completed,online
ORD-202524,C11017,1HGCM94Q100146,2023-09-02,Vehicle,2,3179.79,10,USD,shipped,Phone
ORD-200431,C11414,1HGCM58E100316,"Dec 05, 2023",Vehicle,4,1866.88,0.1,USD,Completed,Phone
ORD-202674,C10513,1HGCM80C100886,2023-02-18,Accessories,1,"$1,327.37",0.1,GBP,Shipped,Online
ORD-202081,C11054,1HGCM17F100083,12-05-2024,Vehicle,3,324.37,0.1,GBP,COMPLETED,Dealer
ORD-203544,C10173,1HGCM43Q100354,2024-03-28,Vehicle,2,629.96,0.1,USD,Canceled,Online
ORD-201311,C10256,1HGCM60L100479,2023-10-14,Service Plan,2,1542.33,15%,USD,Pending,Dealer
ORD-201947,C10493,,2024-04-28,Accessories,2,3900.13,5,USD,Cancelled,online
ORD-200498,C10911,,20-05-2024,Parts,2,3487.15,10,usd,Completed,online
ORD-200864,C10751,1HGCM64B100469,2023-09-29,Service Plan,1,3647.73,,USD,completed,Dealer
ORD-203041,C10479,1HGCM62B100417,2023-06-15,Accessories,4,3008.90,10,usd,Canceled,Phone
ORD-201263,C10050,1HGCM91Z100493,2024-05-17,Service Plan,1,484.28,5,USD,Shipped,Online
ORD-201504, c11478,,2023/08/12,Warranty,1,4472.59,0.1,USD,completed,Phone
ORD-200750,C10371,1HGCM81H100683,2023-01-15,Accessories,1,3766.30,0,usd,completed,Phone
ORD-200895,C10959,1HGCM86D100289,23 Sep 2023,Parts,1,1695.04,10,GBP,Cancelled,Dealer
ORD-201175,C10323,1HGCM70Z100285,2023-02-03,Accessories,1,"$4,159.00",5,USD,Pending,Dealer
ORD-201022,C10494,,2023-10-14,Warranty,4,2133.64,0,GBP,Canceled,Phone
ORD-203480,C10170,,2023-04-02,Accessories,1,1165.46,10,USD,shipped,Phone
ORD-201364, c11491,,2023-11-24,Accessories,4,"$1,883.56",0,USD,shipped,Phone
ORD-203366,C10602,1HGCM85L100089,2024-08-21,Parts,3,3996.02,,USD,shipped,Dealer
ORD-200600,C10318,1HGCM87N100715,2024-06-21,Warranty,1,3592.24,5,usd,Canceled,Dealer
ORD-203069,C10420,1HGCM78F100473,2023-01-24,Warranty,1,40.51,15%,GBP,shipped,online
ORD-203281,C11209,1HGCM20F100499,2023-01-11,Accessories,1,3846.52,5,USD,Canceled,online
ORD-202425,C11105,1HGCM50X100335,2023-09-05,Accessories,3,3413.54,,USD,Completed,Phone
ORD-200924,C11078,1HGCM98M100558,2023-08-27,Accessories,3,4035.82,0,GBP,Cancelled,online
ORD-203993, c10647,1HGCM23A100546,2023-06-21,Accessories,3,2990.97,10,GBP,completed,Dealer
ORD-202920,C11462,1HGCM61X100101,2023/08/30,Accessories,3,"$3,949.21",10,EUR,Shipped,Dealer
ORD-201259,C10848,1HGCM76F100551,2023-05-30,Parts,2,1486.59,15%,USD,Cancelled,Phone
ORD-203399,C10970,1HGCM64P100405,2023-05-23,Accessories,2,4124.86,0.1,GBP,completed,Dealer
ORD-201627,C11338,1HGCM42B100677,2023-12-06,Vehicle,1,1083.83,15%,USD,shipped,Phone
ORD-201500,C10586,1HGCM57S100616,2023-01-10,Service Plan,3,4054.94,,usd,Canceled,Phone
ORD-202856,C10482,1HGCM70R100407,2024-03-05,Service Plan,4,857.63,10,EUR,shipped,Phone
ORD-201808,C10910,1HGCM38D100575,2023-12-25,Service Plan,4,3821.31,0,GBP,Pending,Online
ORD-204020,C11271,1HGCM63G100422,2024-03-31,Accessories,2,2577.59,0,USD,Completed,Online
ORD-202692,C10684,1HGCM58S100850,2023-04-23,Service Plan,3,930.26,,USD,Pending,Dealer
ORD-202036,C10081,1HGCM80Y100778,2023-11-15,Parts,1,2512.24,5,USD,Shipped,Phone
ORD-203229,C11373,,2024-06-13,Parts,1,4166.94,10,usd,shipped,Dealer
ORD-201415,C10099,1HGCM73C100028,2024-08-20,Accessories,4,155.32,15%,EUR,Completed,Dealer
ORD-200866,C10357,1HGCM81R100433,2023-04-20,Accessories,1,4224.30,15%,USD,Cancelled,Dealer
ORD-202077,C10644,,2023-12-31,Accessories,1,3308.08,5,USD,Pending,Dealer
ORD-203820,C10784,1HGCM40V100281,2024-05-24,Parts,3,912.68,,USD,COMPLETED,Dealer
ORD-201057,C10087,,2024-07-14,Parts,1,2768.98,,USD,completed,Phone
ORD-200919,C11036,1HGCM15K100608,2024/01/05,Parts,1,2921.58,5,USD,Canceled,Dealer
ORD-201455,C10064,1HGCM35K100478,2023-07-11,Parts,1,3577.57,0,EUR,Cancelled,Phone
ORD-204154,C10431,,04/30/2023,Service Plan,1,,0,EUR,Cancelled,online
ORD-202614,C10459,1HGCM85V100463,2023-07-27,Parts,2,"$4,739.48",5,USD,Pending,Online
ORD-200084,C10239,1HGCM24U100020,2024-06-07,Vehicle,3,2197.59,0.1,USD,COMPLETED,Dealer
ORD-203435,C10345,1HGCM64P100405,2024-03-24,Accessories,3,4553.39,10,usd,Pending,online
ORD-204165,C10535,1HGCM65F100161,2023-03-19,Vehicle,1,1943.20,15%,GBP,shipped,Online
ORD-200016,C10475,,2024-03-28,Service Plan,3,3652.47,0.1,USD,Canceled,Online
ORD-202060,C10511,,2023-03-28,Parts,3,4078.39,,usd,COMPLETED,Dealer
ORD-200935,C11251,,2024-06-18,Accessories,1,2488.14,,GBP,Canceled,Phone
ORD-203355,C10412,1HGCM80Z100337,2023-09-20,Accessories,1,3123.38,5,usd,Canceled,Dealer
ORD-200486, c10418,,2024-06-01,Vehicle,1,2281.34,0,USD,COMPLETED,Online
ORD-201732,C10799,1HGCM38U100124,2023-03-14,Vehicle,1,2871.59,0.1,USD,Shipped,Online
ORD-203415,C11208,1HGCM94M100688,2023-05-13,Accessories,1,187.24,10,USD,Pending,Phone
ORD-200344,C11388,,19-03-2024,Accessories,4,1780.31,10,GBP,COMPLETED,Phone
ORD-201465,C10807,,2024-06-14,Warranty,1,2682.14,0.1,GBP,completed,Phone
ORD-201294,C11483,1HGCM17Y100466,19 Aug 2023,Warranty,4,405.15,5,GBP,Shipped,Online
ORD-203087,C10727,1HGCM44Q100328,"Jun 30, 2024",Accessories,4,"$2,816.17",15%,USD,shipped,online
ORD-203545,C10856,1HGCM67Y100492,14 Nov 2023,Vehicle,1,394.27,0.1,USD,COMPLETED,Online
ORD-200439,C10758,1HGCM70I100892,2024-02-18,Accessories,1,2746.61,5,EUR,Pending,Online
ORD-203673,C11261,1HGCM54M100012,2024-06-17,Parts,3,3884.97,,USD,shipped,online
ORD-201349,C10012,1HGCM17M100168,2024/06/23,Vehicle,1,890.64,,USD,Shipped,online
ORD-201125,C10351,1HGCM75Y100388,"Aug 10, 2023",Warranty,1,2485.02,0.1,EUR,Shipped,Online
ORD-203228,C10250,1HGCM69F100395,2023-04-04,Accessories,1,2625.37,5,usd,Canceled,Online
ORD-202973,C11233,1HGCM39Z100831,2023-11-28,Parts,1,3064.32,5,USD,Pending,Dealer
ORD-203150,C10960,1HGCM47V100723,2023-06-03,Accessories,1,3783.68,,GBP,Completed,Dealer
ORD-200086,C10977,1HGCM83H100709,2023-08-30,Service Plan,1,,0,EUR,shipped,Online
ORD-201506,C10793,1HGCM50P100561,2023-02-11,Warranty,2,2602.68,10,GBP,shipped,online
ORD-201184,C10939,1HGCM69M100350,2023-03-19,Parts,1,3531.95,5,USD,Pending,Online
ORD-201196,C10707,,2024-03-15,Parts,1,2348.64,10,GBP,COMPLETED,Dealer
ORD-202315,C10399,,2023-11-09,Service Plan,1,"$1,097.10",10,USD,Shipped,Phone
ORD-201764,C10199,1HGCM70D100055,23-02-2023,Parts,1,4552.11,15%,GBP,shipped,online
ORD-203467,C10401,1HGCM76N100403,2023-06-01,Accessories,1,"$3,736.03",0,EUR,completed,Phone
ORD-201416,C11232,1HGCM19M100818,2023-04-08,Parts,4,89.91,10,USD,Completed,Dealer
ORD-204163,C11045,1HGCM80G100240,09 Sep 2023,Accessories,4,3871.05,,usd,Completed,Online
ORD-201157,C10062,1HGCM65U100436,"Jul 21, 2024",Vehicle,3,3630.64,5,usd,shipped,Dealer
ORD-202212,C10237,1HGCM67K100452,2024-01-14,Parts,4,3890.45,,EUR,Completed,online
ORD-203246,C11169,1HGCM18M100298,2023-06-21,Parts,3,3072.30,10,usd,shipped,Phone
ORD-201972,C10860,1HGCM84K100504,"Dec 20, 2023",Service Plan,1,547.62,0,USD,Canceled,Dealer
ORD-203248,C10988,1HGCM19K100218,2023-08-18,Vehicle,1,231.27,0.1,USD,Cancelled,Online
ORD-200152,C10152,1HGCM23B100105,2024-07-06,Vehicle,1,148.48,5,USD,shipped,Dealer
ORD-202724,C10081,1HGCM76E100706,2023/03/07,Warranty,1,3139.26,5,EUR,completed,Online
ORD-202707,C10091,1HGCM11G100578,2023-11-17,Service Plan,3,"$3,572.16",0,EUR,Cancelled,online
ORD-200451,C10843,1HGCM99B100261,2023-07-04,Service Plan,1,777.83,,GBP,Shipped,Dealer
ORD-200355,C11245,,2023-10-02,Parts,3,2953.16,5,usd,COMPLETED,Dealer
ORD-202272,C10712,,2023-03-20,Warranty,2,1448.39,15%,GBP,completed,Online
ORD-202224,C10927,1HGCM80C100548,23 Feb 2024,Warranty,4,1161.44,0.1,usd,Canceled,Phone
ORD-203106,C11167,,07/08/2023,Service Plan,1,4566.86,5,USD,Completed,Dealer
ORD-200659,C11478,1HGCM34J100815,2023-03-03,Parts,4,1078.81,10,USD,shipped,Dealer
ORD-201694,C10379,1HGCM24C100496,2023-06-02,Warranty,3,1744.85,,usd,Canceled,Phone
ORD-203667,C10411,,2024/03/20,Service Plan,1,245.11,,EUR,Cancelled,Online
ORD-202233,C10586,1HGCM13G100110,2023-10-23,Accessories,2,"$1,669.26",0,USD,Pending,Phone
ORD-200145,C10596,1HGCM16F100785,2023-07-24,Parts,4,1011.51,15%,GBP,Pending,Online
ORD-200349,C10253,1HGCM37L100375,2024-05-12,Warranty,1,611.10,,usd,Cancelled,online
ORD-203073,C11188,1HGCM30N100299,2023-07-09,Service Plan,1,1247.99,,USD,Pending,online
ORD-200315,C10206,1HGCM92Y100362,2024-04-01,Service Plan,4,1602.27,15%,USD,Completed,Online
ORD-201160,C10118,1HGCM64M100766,2023/02/04,Warranty,3,478.75,,GBP,COMPLETED,Phone
ORD-202880,C11419,1HGCM44B100885,2023/03/02,Warranty,2,"$4,248.16",5,EUR,Shipped,Dealer
ORD-201466,C11105,1HGCM83V100489,2023-12-22,Accessories,1,3625.32,5,GBP,COMPLETED,Online
ORD-200575,C10919,1HGCM40H100215,2023-01-18,Warranty,1,4171.98,0,USD,COMPLETED,Dealer
ORD-202900,C11230,1HGCM44O100326,2023-11-07,Parts,2,636.48,5,USD,Cancelled,Phone
ORD-203759,C10308,,2024/03/02,Warranty,1,77.11,0.1,USD,Canceled,Phone
ORD-200642, c10622,1HGCM83O100508,2023-09-11,Warranty,1,2745.34,15%,usd,Canceled,Phone
ORD-202041,C11247,,2023-09-20,Warranty,1,1587.69,15%,USD,Shipped,Phone
ORD-200368,C10447,1HGCM96K100868,2023-06-20,Vehicle,1,4437.85,0.1,GBP,shipped,Online
ORD-203890,C10589,,13-03-2024,Vehicle,4,4636.17,0,USD,completed,Phone
ORD-202951,C10413,1HGCM52Q100666,2023-11-07,Parts,1,307.43,10,USD,Cancelled,Dealer
ORD-203268,C10109,1HGCM35Q100380,2023-01-16,Accessories,2,448.80,10,USD,completed,Online
ORD-200990,C10567,,05/10/2024,Warranty,3,1090.93,0,EUR,Completed,Online
ORD-201213,C11003,1HGCM34B100599,2023-01-24,Service Plan,1,3363.96,15%,USD,Pending,online
ORD-200517,C10161,,2024-08-10,Parts,2,2858.04,5,usd,Pending,online
ORD-200562,C10073,,2024-07-05,Service Plan,4,2024.83,15%,EUR,Completed,Online
ORD-202682, c11278,1HGCM25O100768,2024-02-17,Service Plan,4,$114.28,,USD,Pending,Online
ORD-204179,C10105,,2024-06-26,Parts,1,105.18,,EUR,completed,Online
ORD-202935,C10288,,2023-08-10,Accessories,1,3853.84,5,USD,Pending,Dealer
ORD-203135,C11248,,05 Jun 2023,Accessories,1,1428.08,0,EUR,Completed,Dealer
ORD-201383,C11299,1HGCM40L100141,2023-07-24,Accessories,3,4276.60,15%,usd,Completed,Online
ORD-204191,C10418,1HGCM25M100194,2023-01-18,Vehicle,1,1997.23,0,GBP,COMPLETED,Dealer
ORD-200491,C10307,1HGCM62I100138,2023-07-20,Vehicle,1,273.42,5,EUR,completed,Online
ORD-203357,C11075,1HGCM51N100013,2023-11-25,Accessories,1,3082.30,0.1,EUR,COMPLETED,Online
ORD-202392,C10292,1HGCM87Z100363,2024-05-05,Service Plan,3,1807.73,15%,USD,Canceled,Phone
ORD-200925,C10542,1HGCM46L100453,2023-09-12,Vehicle,1,2616.71,0,USD,Cancelled,Online
ORD-202983,C10958,,27 Aug 2023,Warranty,2,3120.53,15%,EUR,shipped,online
ORD-203419,C11289,1HGCM72P100275,2023-07-03,Warranty,4,3603.18,10,USD,Completed,Online
ORD-202202,C10663,1HGCM25X100283,2023-01-09,Parts,1,3916.35,15%,USD,Pending,Phone
ORD-202612,C10545,,2023-03-12,Accessories,2,3796.87,10,USD,completed,online
ORD-200287,C10734,,12/19/2023,Vehicle,2,4384.17,0.1,USD,Shipped,Dealer
ORD-200557,C10043,1HGCM91Z100493,2023-04-04,Vehicle,3,826.95,15%,USD,Canceled,Dealer
ORD-201237,C10637,1HGCM98O100196,05/17/2023,Accessories,1,3481.98,0.1,EUR,COMPLETED,Dealer
ORD-201599,C10665,1HGCM55V100749,2024-05-22,Service Plan,3,1495.50,5,USD,Canceled,online
ORD-202489,C10477,,07 Jul 2024,Accessories,1,1119.42,10,USD,Canceled,online
ORD-200521,C10719,1HGCM59P100847,2024-04-22,Parts,4,"$1,481.38",15%,EUR,Shipped,Phone
ORD-200995,C10076,1HGCM35T100513,2024-02-07,Warranty,4,185.38,,EUR,Shipped,Dealer
ORD-203406,C11051,1HGCM25E100056,2023-03-05,Warranty,1,"$2,731.04",15%,USD,COMPLETED,Phone
ORD-203959,C10576,1HGCM25K100088,2024-06-27,Vehicle,4,33.14,5,usd,COMPLETED,Dealer
ORD-202948,C10498,1HGCM30M100740,2023-04-24,Service Plan,1,3087.38,15%,USD,Pending,Phone
ORD-201252,C10739,1HGCM64P100405,2024-01-05,Service Plan,2,76.02,0.1,usd,COMPLETED,Dealer
ORD-200235,C11350,,2023-06-27,Service Plan,1,4626.56,5,USD,Cancelled,Dealer
ORD-202779,C10773,1HGCM74B100833,2023-06-01,Parts,1,4752.12,0,USD,Completed,Dealer
ORD-200882,C10176,1HGCM53H100267,"Dec 05, 2023",Accessories,4,"$3,573.96",5,EUR,completed,Online
ORD-202207,C11384,1HGCM99Z100753,10/09/2023,Service Plan,1,4504.28,5,GBP,Completed,Dealer
ORD-200718,C11032,,2024-05-12,Vehicle,1,2977.35,15%,usd,Pending,online
ORD-201683,C11331,1HGCM52R100277,2023-12-18,Vehicle,1,2653.20,0.1,usd,completed,Online
ORD-202324,C11289,1HGCM90W100438,2023-12-17,Parts,3,3971.31,15%,USD,completed,Dealer
ORD-201910, c11146,1HGCM12J100269,2023/05/11,Vehicle,1,,10,EUR,Shipped,online
ORD-202914,C10970,1HGCM97Q100406,2024-02-01,Parts,4,4417.65,5,USD,COMPLETED,Dealer
ORD-201118,C11255,1HGCM43Q100354,2024-04-28,Warranty,1,2449.52,0,USD,Pending,Online
ORD-202574,C10528,1HGCM68A100858,2024-06-09,Service Plan,4,3818.71,5,USD,Canceled,Online
ORD-202415,C10961,1HGCM78D100445,2023-09-19,Parts,4,4270.49,0,USD,Completed,Dealer
ORD-200436,C11282,1HGCM48Q100224,2023/12/17,Warranty,1,3924.68,15%,USD,Completed,online
ORD-202782,C10302,,2023-05-18,Service Plan,3,3923.76,,EUR,Cancelled,Dealer
ORD-203317,C11316,1HGCM10K100036,2023-11-19,Service Plan,1,4196.87,0,USD,COMPLETED,Phone
ORD-203484,C10571,1HGCM66C100054,2023-05-10,Parts,4,3106.77,5,USD,shipped,Dealer
ORD-202656,C10245,1HGCM80C100548,2023/08/04,Vehicle,2,3262.72,10,USD,Completed,online
ORD-202290,C11032,1HGCM36E100290,2023-06-12,Parts,1,3637.90,0,GBP,Pending,Dealer
ORD-203487,C11143,1HGCM75W100126,2023-06-06,Vehicle,3,3295.70,0.1,EUR,completed,online
ORD-201279,C10333,1HGCM56J100165,2023-06-27,Accessories,3,3533.78,0.1,USD,shipped,Phone
ORD-203832,C10160,,2024-05-24,Accessories,1,359.41,0.1,USD,shipped,Phone
ORD-202037,C11113,,2024-05-28,Accessories,3,3265.29,15%,USD,Shipped,Phone
ORD-202333,C10138,1HGCM37L100037,2023-07-04,Parts,3,2351.59,15%,usd,Canceled,Online
ORD-202759,C10999,1HGCM64X100465,2023-04-20,Service Plan,1,1487.87,10,USD,Canceled,Dealer
ORD-202211,C10766,,"May 21, 2024",Accessories,3,2651.00,0,usd,shipped,Phone
ORD-201318,C10832,,2024/02/21,Accessories,1,4531.03,10,USD,Canceled,Online
ORD-200897,C10945,1HGCM13V100411,2023-03-26,Service Plan,1,"$1,960.45",5,EUR,Canceled,Online
ORD-200890,C10188,,2023-07-06,Warranty,3,2126.35,15%,EUR,completed,Online
ORD-200495,C10971,1HGCM37T100747,2024-07-17,Parts,4,3920.75,15%,USD,Canceled,Phone
ORD-201007,C10339,,2023-05-16,Service Plan,1,2208.10,15%,USD,Canceled,Dealer
ORD-202040,C10679,1HGCM62G100708,2024-03-14,Vehicle,2,1594.21,15%,USD,Shipped,Online
ORD-203646,C10019,,"Aug 06, 2023",Parts,1,4469.05,5,USD,Cancelled,Phone
ORD-202334,C10966,1HGCM37A100494,2023-05-10,Accessories,1,"$3,198.77",15%,USD,completed,Phone
ORD-200674,C10684,1HGCM50W100672,2023-07-08,Parts,1,4591.57,15%,USD,shipped,Phone
ORD-201322,C10750,1HGCM18X100855,2024-05-12,Warranty,3,$601.62,5,GBP,Pending,Phone
ORD-200871,C11448,1HGCM10J100399,03 Aug 2024,Accessories,1,3968.37,,EUR,shipped,online
ORD-202250,C10666,1HGCM41X100491,2024-05-15,Accessories,1,3359.63,5,GBP,Cancelled,Dealer
ORD-202106,C10834,1HGCM15I100450,2023-01-02,Vehicle,3,"$1,100.10",5,USD,shipped,Dealer
ORD-202713,C10334,1HGCM43Q100302,2023-02-09,Parts,2,3396.29,0,GBP,Shipped,Phone
ORD-203729,C10747,1HGCM82F100213,2023-06-29,Service Plan,4,850.16,5,USD,Shipped,Online
ORD-202357,C10663,,2023-03-07,Accessories,3,4753.19,0,USD,Shipped,online
ORD-202774,C10796,1HGCM51B100651,2024-03-23,Parts,1,3797.67,0.1,EUR,COMPLETED,online
ORD-202999,C10973,1HGCM39Z100805,2024-05-17,Accessories,1,1988.99,5,USD,Canceled,Phone
ORD-202507,C10463,1HGCM23F100031,2024/06/28,Parts,1,4018.03,15%,USD,Cancelled,Online
ORD-202122,C11383,1HGCM88N100481,2024-07-17,Vehicle,1,3763.65,0,USD,shipped,Dealer
ORD-200104,C10950,1HGCM56V100073,2024-05-19,Warranty,4,983.91,15%,usd,Pending,Online
ORD-201306,C10029,1HGCM62I100138,2023/08/19,Accessories,4,"$4,358.78",0.1,usd,Pending,Phone
ORD-201265,C10159,1HGCM37L100661,2023-06-05,Accessories,3,3284.07,0.1,USD,COMPLETED,Dealer
ORD-203196,C11020,1HGCM83Z100623,06/16/2023,Parts,3,2398.21,0.1,EUR,Completed,Dealer
ORD-200672,C10752,1HGCM41E100888,2023-01-16,Warranty,1,1166.07,10,EUR,Cancelled,Online
ORD-203238,C11225,1HGCM77K100400,2023-06-06,Accessories,2,1672.83,,USD,Cancelled,Dealer
ORD-202605,C11454,1HGCM16F100863,2023-02-09,Accessories,4,4144.39,15%,USD,COMPLETED,online
ORD-202513,C10662,1HGCM32K100114,2023-01-12,Vehicle,4,1497.34,15%,USD,completed,Dealer
ORD-202893,C10600,,2023-10-11,Service Plan,1,2298.05,15%,USD,Pending,online
ORD-203335,C10884,1HGCM33K100166,13-08-2023,Vehicle,1,4686.39,5,usd,COMPLETED,Online
ORD-202218,C10496,1HGCM34B100599,2023-11-16,Vehicle,3,2609.02,10,usd,completed,Dealer
ORD-203598,C10441,1HGCM52Q100666,01/03/2023,Parts,1,"$1,384.62",0,EUR,completed,Phone
ORD-201768,C10292,1HGCM37T100747,2024-06-03,Warranty,1,4396.59,10,usd,Cancelled,Dealer
ORD-200070,C11029,1HGCM65C100262,26-04-2024,Vehicle,1,4429.32,0.1,usd,Shipped,Phone
ORD-200242,C10880,1HGCM23N100273,2023-05-03,Accessories,1,2548.51,10,usd,COMPLETED,Online
ORD-201866,C11450,1HGCM40H100215,2024-01-22,Warranty,1,1196.68,,USD,Pending,Phone
ORD-200360,C11371,1HGCM77M100142,2023-01-30,Vehicle,2,2047.61,0.1,GBP,COMPLETED,Dealer
ORD-202438,C11409,1HGCM71U100852,2023-11-24,Warranty,1,2620.32,0,USD,Completed,Phone
ORD-202394,C10762,1HGCM10W100594,2023-06-01,Warranty,4,2754.03,5,EUR,Canceled,Dealer
ORD-201776,C10927,1HGCM33J100685,03/20/2024,Accessories,4,1039.78,15%,EUR,Completed,Dealer
ORD-201594,C10605,1HGCM72N100091,2023-07-11,Service Plan,1,3699.17,10,usd,Cancelled,Online
ORD-200191,C11018,1HGCM97K100296,2024-06-23,Parts,1,1009.62,0,USD,Completed,online
ORD-204063,C10573,,09/21/2023,Vehicle,1,178.37,15%,USD,shipped,Dealer
ORD-202248,C10510,,2024-01-17,Service Plan,1,,0,USD,Canceled,Dealer
ORD-202921,C10814,1HGCM21L100531,05/20/2024,Service Plan,2,"$1,994.52",,USD,COMPLETED,online
ORD-201347,C10833,1HGCM90F100005,2023-01-21,Vehicle,2,2652.69,5,USD,Canceled,Phone
ORD-203104,C10071,1HGCM50Y100128,2024-01-21,Parts,1,258.22,0.1,usd,Cancelled,online
ORD-200380,C11208,1HGCM68O100352,2024-05-11,Parts,1,$838.25,10,USD,Completed,Online
ORD-201568,C10653,,2023-11-30,Service Plan,1,3370.27,10,EUR,shipped,Online
ORD-200002,C11114,1HGCM96K100868,2023-12-20,Accessories,1,479.38,15%,USD,Cancelled,Phone
ORD-203122,C10502,,2023-11-27,Parts,1,1147.88,10,EUR,completed,Online
ORD-202684,C11353,1HGCM45G100474,2023-09-15,Parts,2,28.23,0.1,GBP,Shipped,Phone
ORD-201737,C11053,,2023-06-28,Warranty,1,4705.08,10,USD,COMPLETED,Phone
ORD-200931,C11044,1HGCM88N100481,2023-05-06,Service Plan,2,4435.48,10,USD,Shipped,online
ORD-203674,C11027,,2023-09-07,Warranty,1,"$3,680.39",15%,USD,Shipped,Phone
ORD-202430,C11349,1HGCM51K100244,14-07-2024,Service Plan,3,2213.65,10,GBP,Shipped,online
ORD-200447,C11286,1HGCM21L100713,2024-08-08,Vehicle,4,3555.65,5,GBP,Shipped,online
ORD-203688,C10283,1HGCM18W100542,21 Oct 2023,Service Plan,3,3217.43,0.1,USD,Pending,Phone
ORD-200605,C10884,1HGCM85S100278,2023-08-03,Service Plan,4,2971.19,15%,usd,completed,Phone
ORD-201276,C11324,1HGCM74M100428,2024-04-02,Warranty,1,$463.67,15%,USD,shipped,online
ORD-201919,C10707,1HGCM95Q100640,2023-07-07,Warranty,1,3131.68,0.1,usd,Cancelled,online
ORD-204085,C10864,1HGCM41E100888,08 Nov 2023,Service Plan,1,3883.37,0.1,USD,COMPLETED,Dealer
ORD-200075,C11112,1HGCM56J100165,2023-04-04,Accessories,1,4687.12,10,usd,Canceled,online
ORD-200472,C10934,,2023-03-20,Warranty,1,315.38,10,USD,COMPLETED,Dealer
ORD-203752,C10289,1HGCM67Y100492,2023/10/18,Warranty,1,1441.10,,EUR,completed,Dealer
ORD-201406,C10361,1HGCM81D100523,2023-11-08,Parts,1,741.41,15%,usd,shipped,Online
ORD-200124,C10135,1HGCM40F100733,2023-03-18,Vehicle,3,869.24,5,USD,completed,Phone
ORD-201556,C11093,1HGCM56U100332,2024-07-31,Vehicle,2,1095.93,0.1,USD,Shipped,online
ORD-202696,C11147,1HGCM16P100145,2023-04-02,Parts,4,544.68,5,EUR,Cancelled,Online
ORD-203953,C11057,1HGCM32Y100856,2023-12-26,Warranty,4,4427.49,10,EUR,Canceled,online
ORD-200733,C10655,,2024/02/27,Vehicle,1,851.68,,EUR,Shipped,Dealer
ORD-201470,C10541,1HGCM99B100261,"Aug 19, 2024",Service Plan,1,"$3,016.62",,GBP,Shipped,online
ORD-202273,C10185,1HGCM39I100164,2024-01-21,Vehicle,3,612.82,,USD,Completed,Phone
ORD-200779,C11172,1HGCM35Y100076,2024-01-26,Warranty,1,"$3,429.81",10,EUR,Cancelled,Online
ORD-202015,C11086,1HGCM32K100114,27 May 2023,Service Plan,1,2736.91,0,USD,shipped,Dealer
ORD-200391,C11456,,2024-03-12,Vehicle,1,4258.10,0.1,USD,Cancelled,online
ORD-203966,C11300,1HGCM39D100731,2023-06-18,Vehicle,2,639.52,0.1,EUR,Cancelled,Online
ORD-203891,C10444,1HGCM87A100624,21-03-2024,Accessories,3,598.74,0.1,GBP,Canceled,Phone
ORD-200348,C10183,,2023-04-05,Service Plan,1,646.57,10,USD,Completed,online
ORD-201115,C10623,1HGCM43G100786,2023-11-21,Warranty,2,715.37,15%,EUR,Shipped,Online
ORD-200369,C11357,1HGCM53D100809,08 Aug 2024,Vehicle,2,3693.33,5,EUR,Canceled,Phone
ORD-201058,C11417,1HGCM84G100032,2023-03-07,Vehicle,2,2955.46,10,USD,Completed,online
ORD-202270,C11270,1HGCM87N100663,2023-05-04,Service Plan,1,3726.54,0,EUR,COMPLETED,online
ORD-201264,C10391,1HGCM30B100183,2024-05-15,Service Plan,1,4426.62,0,USD,COMPLETED,Online
ORD-202635,C10145,1HGCM27L100349,2023-03-21,Service Plan,1,3017.33,5,EUR,completed,online
ORD-204043,C10255,1HGCM26D100107,2023-10-05,Service Plan,1,"$1,194.63",15%,USD,completed,Phone
ORD-200356,C10913,,2023/12/11,Vehicle,3,4411.98,15%,usd,Completed,Dealer
ORD-201883,C11037,1HGCM11G100734,2024-01-10,Warranty,3,2743.75,0.1,GBP,Completed,Phone
ORD-200644,C11412,,2023-05-03,Warranty,2,4696.27,0,EUR,completed,online
ORD-202847,C11136,1HGCM46L100453,2023-04-26,Accessories,3,1105.12,10,USD,shipped,Online
ORD-202998,C10581,1HGCM54L100297,2023-10-20,Accessories,1,4310.96,0.1,EUR,completed,Dealer
ORD-200204,C10137,1HGCM16P100145,2023-09-07,Parts,1,2420.60,10,GBP,Cancelled,Phone
ORD-200234,C10839,1HGCM69M100350,21 Aug 2023,Warranty,1,3606.45,5,GBP,Pending,online
ORD-203578,C11198,1HGCM45Z100025,2023-08-28,Warranty,1,3131.89,5,GBP,shipped,Dealer
ORD-201040,C10280,,2023-04-27,Warranty,4,"$1,621.96",0,USD,Canceled,online
ORD-201382,C10095,1HGCM85W100724,2024-06-26,Accessories,2,2723.23,,USD,Canceled,online
ORD-203483,C11310,1HGCM34A100728,2023-11-21,Parts,4,3295.65,10,EUR,Cancelled,Online
ORD-202969,C10657,,2023-11-29,Accessories,2,366.87,,EUR,Completed,Dealer
ORD-201805,C10033,1HGCM50W100672,2023/04/23,Vehicle,1,1498.18,10,usd,COMPLETED,Phone
ORD-200621,C10287,1HGCM56J100737,2024-03-24,Accessories,1,211.17,,USD,completed,Phone
ORD-204061,C11074,,"Oct 29, 2023",Accessories,3,3624.50,5,GBP,COMPLETED,online
ORD-203190,C10582,1HGCM71R100043,2024-07-16,Service Plan,2,3873.44,,USD,shipped,Phone
ORD-203928,C11357,1HGCM98Z100207,2023-06-15,Accessories,2,1863.09,0.1,USD,Completed,online
ORD-200737,C10910,1HGCM79D100627,"Apr 21, 2023",Warranty,1,,0,EUR,Completed,Dealer
ORD-201520,C11432,,2023-11-10,Parts,1,,0.1,USD,Pending,Online
ORD-203623,C10720,,2023-07-03,Warranty,4,1621.08,0,USD,Canceled,Dealer
ORD-202216,C10605,1HGCM28S100486,2024-03-25,Parts,1,2751.96,0.1,EUR,shipped,Online
ORD-201384,C10426,1HGCM40L100141,2023/01/20,Vehicle,1,837.51,10,usd,COMPLETED,Phone
ORD-201830,C10849,,2023-07-04,Parts,3,4182.69,10,EUR,Shipped,Online
ORD-203094,C10657,1HGCM34B100599,2023-12-10,Parts,1,732.28,,EUR,COMPLETED,Dealer
ORD-203860,C10916,1HGCM93B100807,2023-05-14,Service Plan,2,"$1,640.44",,GBP,COMPLETED,online
ORD-203529,C11179,1HGCM15K100608,2023-06-30,Vehicle,3,3493.68,,USD,shipped,Online
ORD-200738,C10758,1HGCM43M100324,2023-07-14,Accessories,1,573.50,5,GBP,Cancelled,Phone
ORD-200055,C11258,1HGCM88V100177,08/10/2024,Warranty,4,1728.65,10,USD,Pending,online
ORD-201862,C11255,,2023-08-14,Accessories,1,1934.94,0.1,GBP,Canceled,online
ORD-202970,C10147,1HGCM29N100507,2024-04-28,Vehicle,1,2729.93,,USD,COMPLETED,Online
ORD-203659, c10149,,2023-11-08,Accessories,1,663.75,10,usd,COMPLETED,online
ORD-201689,C11391,1HGCM45O100222,2024-04-17,Service Plan,3,3410.82,,USD,Pending,Dealer
ORD-200518,C10848,1HGCM64Q100432,2023-06-15,Accessories,1,"$3,513.11",0.1,USD,Canceled,Online
ORD-201578,C10142,,2024-08-12,Warranty,1,1637.21,10,EUR,shipped,online
ORD-201030,C10505,,2024-04-03,Service Plan,1,3720.40,15%,GBP,Shipped,Online
ORD-202140,C10988,1HGCM96G100344,2024-01-29,Parts,1,3853.31,0,USD,Pending,Phone
ORD-203636,C11137,1HGCM35J100243,2023-06-13,Warranty,1,3722.70,5,USD,Completed,Dealer
ORD-201838,C10466,,2023-08-28,Parts,1,$609.21,,USD,Cancelled,Online
ORD-200489,C10614,1HGCM15F100109,2024-07-08,Accessories,1,1656.25,10,USD,COMPLETED,Dealer
ORD-203873,C10301,1HGCM37L100375,2024-06-19,Parts,1,2532.44,0.1,usd,Cancelled,Online
ORD-203386,C10028,1HGCM51K100244,2024-05-22,Vehicle,1,4649.36,10,usd,COMPLETED,online
ORD-202952,C10216,1HGCM32Y100518,2024-04-13,Warranty,2,-313.98,0.1,USD,Shipped,Dealer
ORD-200427,C10537,1HGCM81R100433,2023-08-02,Parts,3,395.96,0.1,USD,shipped,Phone
ORD-201370,C11319,1HGCM69I100762,22-11-2023,Vehicle,1,60.81,,EUR,Canceled,Phone
ORD-200364,C10563,1HGCM93C100678,2023-04-22,Service Plan,2,3781.68,0,USD,Shipped,Online
ORD-202411,C10621,1HGCM35W100802,2024-08-04,Accessories,3,3501.31,,EUR,Cancelled,online
ORD-203613,C10743,,2023/11/22,Vehicle,1,2398.89,10,EUR,shipped,online
ORD-200299,C10151,,2024-01-07,Accessories,2,2006.67,10,USD,shipped,Dealer
ORD-200200,C11387,1HGCM59F100187,2024-07-02,Warranty,3,976.43,,EUR,completed,Online
ORD-202103,C10646,1HGCM33V100853,2024-07-05,Vehicle,4,2088.31,0,EUR,completed,online
ORD-203214,C10007,1HGCM65O100274,2023/03/25,Vehicle,4,1620.23,0,EUR,completed,Online
ORD-200144,C10564,1HGCM42R100199,2023-02-05,Vehicle,3,2246.12,10,USD,Canceled,Online
ORD-201429,C11300,1HGCM46E100810,06/25/2023,Parts,1,1062.61,15%,usd,Pending,Dealer
ORD-203948,C10691,1HGCM35L100895,07/13/2023,Vehicle,2,611.07,0.1,USD,Canceled,online
ORD-202048,C11221,1HGCM22Y100154,2024-04-09,Parts,3,4423.90,,usd,Shipped,Online
ORD-203304,C10544,1HGCM63I100476,2023-04-30,Service Plan,1,2214.03,,USD,Cancelled,online
ORD-200741,C10383,,2023-04-19,Service Plan,1,"$1,466.94",0,usd,Pending,Phone
ORD-200549,C10095,1HGCM20F100499,2023-10-28,Accessories,2,"$3,797.30",5,USD,Pending,Phone
ORD-203599,C99577,1HGCM77N100169,2023-12-27,Warranty,2,360.78,15%,usd,completed,Phone
ORD-200836,C10240,,12/31/2023,Parts,1,"$4,060.06",15%,usd,Completed,online
ORD-200122,C10072,1HGCM27O100066,2023-01-29,Warranty,1,"$4,032.80",0.1,USD,COMPLETED,online
ORD-203431,C10159,1HGCM80Z100337,12-05-2023,Service Plan,1,85.94,10,usd,Canceled,online
ORD-200256,C10421,1HGCM52L100401,"Sep 24, 2023",Parts,2,192.72,15%,EUR,COMPLETED,Phone
ORD-200297,C10270,1HGCM36J100321,06/30/2024,Warranty,1,4430.86,5,usd,completed,Online
ORD-200509,C10602,1HGCM52R100277,"Jun 20, 2024",Warranty,1,2311.56,,USD,shipped,online
ORD-201574,C10319,1HGCM34B100131,"Aug 12, 2024",Vehicle,1,"$1,417.29",15%,USD,Cancelled,Dealer
ORD-204185,C10118,1HGCM97O100716,2023-04-22,Service Plan,3,3943.47,,EUR,Canceled,Phone
ORD-203507,C10778,,18 Apr 2024,Parts,1,2629.49,10,GBP,Canceled,Phone
ORD-201012,C11046,1HGCM31X100387,2023-07-26,Parts,1,2500.13,15%,GBP,Shipped,Dealer
ORD-202371,C11479,1HGCM57U100358,2023-07-14,Service Plan,3,4460.82,10,USD,Cancelled,Online
ORD-200770,C11224,1HGCM42F100681,2023-09-17,Service Plan,2,3279.65,0,usd,completed,Phone
ORD-203941,C11273,1HGCM32T100591,2023-06-24,Service Plan,1,699.97,,usd,COMPLETED,Phone
ORD-202264,C10453,1HGCM31E100836,2023-01-12,Accessories,1,4656.07,15%,USD,COMPLETED,online
ORD-200213,C10369,1HGCM94H100163,2023-06-17,Service Plan,2,1042.32,0.1,USD,Shipped,Online
ORD-203695,C11414,,23-12-2023,Vehicle,4,3903.46,15%,EUR,Cancelled,Phone
ORD-200603,C11405,,2023-06-04,Warranty,1,521.28,5,usd,COMPLETED,Phone
ORD-202064,C10554,1HGCM28W100386,2023-05-01,Accessories,3,618.17,0.1,GBP,completed,Online
ORD-202075,C11288,1HGCM49B100443,2023-04-28,Vehicle,2,1288.40,0,USD,Completed,Phone
ORD-200588,C11019,1HGCM71H100189,2023-03-22,Accessories,1,1788.05,0.1,USD,Canceled,online
ORD-203669,C10839,1HGCM39T100669,2024-05-10,Accessories,2,2400.36,0.1,USD,Cancelled,Dealer
ORD-201126,C10620,1HGCM82Z100389,04-02-2023,Warranty,1,3474.07,0.1,USD,completed,Phone
ORD-204178,C11213,1HGCM52V100255,2023-12-29,Vehicle,2,3441.92,0,EUR,completed,Phone
ORD-201639,C10048,1HGCM60B100755,2023-08-28,Vehicle,1,4088.86,0.1,EUR,Canceled,Online
ORD-200281,C10166,1HGCM35W100802,2024-02-06,Accessories,3,136.39,0.1,usd,shipped,Dealer
ORD-201825,C11302,1HGCM35X100777,2023-07-09,Accessories,1,1137.90,15%,USD,shipped,Dealer
ORD-201511,C10226,,"Apr 05, 2023",Vehicle,1,$520.77,5,USD,shipped,Dealer
ORD-202053,C11431,1HGCM20Q100588,2024-05-15,Service Plan,1,2433.78,0,USD,COMPLETED,Dealer
ORD-201350,C11176,1HGCM68J100139,01/19/2024,Accessories,3,1653.06,0,EUR,Pending,Dealer
ORD-201298,C10823,,21-01-2024,Vehicle,1,"$3,649.14",0.1,USD,shipped,online
ORD-203767,C10159,1HGCM18M100298,18 Oct 2023,Service Plan,3,4141.69,0,USD,completed,Online
ORD-201164,C10290,1HGCM13R100095,2023-05-20,Parts,3,1927.56,,usd,Cancelled,Dealer
ORD-201240,C10360,1HGCM32Y100856,2023-12-23,Accessories,1,2051.28,5,EUR,COMPLETED,Dealer
ORD-202967,C11268,1HGCM46T100357,2023-04-10,Warranty,1,3153.26,5,usd,Completed,online
ORD-202787,C10296,1HGCM61G100630,2023-12-01,Warranty,1,2384.65,0,USD,COMPLETED,Phone
ORD-201899,C10729,1HGCM43H100839,2024-06-05,Service Plan,3,632.62,,USD,Cancelled,online
ORD-202280,C10536,1HGCM78Y100310,23 May 2024,Accessories,2,1563.69,0,usd,shipped,online
ORD-203885,C11241,,2023-11-12,Warranty,2,1059.83,5,usd,COMPLETED,Dealer
ORD-203417,C10241,1HGCM37T100747,"Jun 21, 2023",Vehicle,2,1183.03,0,USD,Completed,online
ORD-202924,C10747,1HGCM77M100142,2024-05-09,Accessories,2,2711.67,,USD,completed,Dealer
ORD-201005,C10990,1HGCM93W100022,2023-05-14,Warranty,4,1316.95,10,usd,Shipped,Online
ORD-204177,C10010,1HGCM52V100255,2023-06-28,Service Plan,1,2055.75,,GBP,Canceled,Phone
ORD-201562,C11035,1HGCM44X100127,08/11/2023,Parts,3,2837.39,10,USD,Canceled,Phone
ORD-201485,C11269,1HGCM95A100650,2024-07-27,Vehicle,1,4056.80,,USD,Pending,Online
ORD-203960,C11001,1HGCM22L100245,2023-07-01,Warranty,1,1711.43,0.1,usd,completed,Phone
ORD-201112,C10963,,2024-05-01,Service Plan,4,3874.10,0.1,USD,Completed,Phone
ORD-201070,C11489,1HGCM11C100366,2023-09-06,Warranty,3,4265.61,5,USD,shipped,online
ORD-203531,C10496,1HGCM85W100724,01/29/2023,Accessories,1,458.76,0,usd,shipped,Phone
ORD-201565,C10054,1HGCM88J100087,2024-05-28,Vehicle,3,316.86,5,USD,completed,online
ORD-201974,C11280,1HGCM34B100131,2024-04-12,Service Plan,3,"$1,310.13",10,USD,Shipped,Dealer
ORD-203102,C10592,1HGCM53E100550,15-03-2023,Service Plan,2,"$3,600.82",10,EUR,COMPLETED,Phone
ORD-201117,C11130,1HGCM34M100896,2024-05-07,Service Plan,1,228.62,15%,USD,completed,Dealer
ORD-202658,C11418,1HGCM42U100384,2024-06-20,Warranty,3,2099.42,0.1,EUR,Canceled,online
ORD-202984,C10119,1HGCM29M100714,2024-04-06,Warranty,1,"$2,247.43",,USD,shipped,online
ORD-201772,C11355,1HGCM19L100323,2023-01-09,Service Plan,2,2110.77,0.1,USD,Canceled,online
ORD-203650,C10960,,16-05-2023,Warranty,1,2451.52,0.1,EUR,shipped,Online
ORD-200233,C11124,1HGCM59Z100779,2024-06-05,Service Plan,3,3817.22,15%,GBP,Canceled,online
ORD-200045,C10021,1HGCM44L100869,2023-05-16,Parts,2,3968.60,,USD,COMPLETED,Phone
ORD-203465,C10896,,2024-06-22,Service Plan,3,3753.16,5,USD,COMPLETED,online
ORD-203404,C10786,1HGCM17F100083,2023-06-26,Accessories,4,2759.48,5,usd,Pending,Dealer
ORD-203621,C10692,1HGCM38U100124,2023-01-24,Parts,4,3703.59,15%,USD,COMPLETED,online
ORD-203282,C10066,1HGCM44P100197,2023-07-25,Vehicle,1,751.39,10,usd,Cancelled,Dealer
ORD-202689, c10443,1HGCM23H100813,2023-12-19,Service Plan,1,2588.19,0.1,EUR,shipped,Online
ORD-203396,C10392,1HGCM42A100442,2024-03-11,Warranty,1,3204.97,0,USD,completed,Phone
ORD-202363,C10287,,2023-04-22,Service Plan,4,4571.02,5,usd,Cancelled,Phone
ORD-203182,C10172,1HGCM12O100040,"Oct 17, 2023",Parts,1,1548.43,0,USD,Cancelled,Online
ORD-200129,C10416,1HGCM39Z100441,29 Aug 2023,Parts,4,3617.61,0,USD,Shipped,Online
ORD-202096,C10977,1HGCM91O100144,2024-06-26,Warranty,1,1436.25,,USD,shipped,Online
ORD-201009,C11090,1HGCM43Y100050,2023-09-27,Service Plan,1,2500.68,,EUR,Canceled,Phone
ORD-201633,C10128,1HGCM26U100098,2024-04-06,Warranty,4,4225.86,10,USD,shipped,Online
ORD-202785,C11208,1HGCM58H100137,2024-08-11,Parts,1,"$4,780.71",15%,USD,completed,Phone
ORD-200118,C11017,1HGCM94Q100146,2023-12-25,Warranty,1,$347.44,0,EUR,Shipped,online
ORD-203930,C11083,1HGCM61Y100674,2024-02-09,Warranty,1,"$2,477.56",5,EUR,Canceled,Dealer
ORD-204148,C10172,,2023-12-15,Vehicle,2,3880.56,10,USD,Completed,Online
ORD-204107,C10644,1HGCM61H100449,2023-06-28,Vehicle,1,394.27,10,usd,Completed,Phone
ORD-203897,C11217,1HGCM60B100755,2023-07-31,Vehicle,1,,15%,USD,Canceled,Online
ORD-203191,C11289,1HGCM96X100205,2023-04-08,Service Plan,1,2874.72,0,EUR,Canceled,Dealer
ORD-202521,C10287,1HGCM48H100501,2023-04-14,Accessories,4,"$2,950.37",0,usd,Canceled,Online
ORD-201103,C10114,1HGCM40Q100718,2023-11-21,Service Plan,1,2028.10,15%,EUR,Cancelled,Phone
ORD-202475,C10138,1HGCM35J100243,2024-03-08,Accessories,3,458.39,10,USD,Cancelled,online
ORD-204026,C11033,,2023-08-28,Accessories,1,1136.74,0,USD,Completed,Online
ORD-201529,C10398,1HGCM55B100001,2023-07-01,Parts,1,1482.79,0.1,USD,Shipped,online
ORD-203935,C10501,1HGCM84E100082,2023/08/07,Service Plan,1,,5,EUR,Canceled,Dealer
ORD-200903,C11291,1HGCM22Y100154,2023-08-30,Parts,1,1362.72,0,USD,Completed,Phone
ORD-201519,C10628,,2024-06-09,Vehicle,3,4713.08,,USD,Shipped,online
ORD-200887,C11358,1HGCM66A100468,2024-01-20,Vehicle,3,749.17,5,GBP,Pending,Phone
ORD-200428,C10710,,2023-07-08,Accessories,1,4115.19,5,USD,Completed,Online
ORD-200138,C10505,1HGCM55K100348,2023/04/20,Parts,2,1329.31,5,GBP,COMPLETED,online
ORD-201585,C10613,1HGCM44O100664,2024-01-19,Vehicle,4,"$4,201.41",15%,EUR,Cancelled,Dealer
ORD-203120,C10633,1HGCM67R100173,2023-09-03,Vehicle,2,3817.16,,GBP,Completed,Dealer
ORD-204146,C11232,1HGCM51J100711,2023-05-29,Parts,2,1855.02,10,USD,shipped,Dealer
ORD-200067,C11280,1HGCM79X100179,2024-03-02,Accessories,1,1781.97,0,usd,Cancelled,Online
ORD-203459,C10948,,2024-06-09,Service Plan,1,3562.13,10,GBP,Shipped,Dealer
ORD-202418,C11081,1HGCM90T100539,20 Aug 2023,Service Plan,3,1437.09,5,USD,Shipped,Dealer
ORD-201067,C11166,1HGCM73G100812,2024-08-05,Vehicle,4,2997.72,0.1,USD,Shipped,online
ORD-202632,C10570,1HGCM52C100184,05/29/2023,Parts,4,1810.29,,GBP,shipped,Dealer
ORD-202265,C10900,1HGCM45Z100025,2023-03-03,Parts,1,1285.39,15%,GBP,shipped,Dealer
ORD-200784,C10854,1HGCM44N100611,2024-02-06,Warranty,1,4167.06,0.1,EUR,Pending,Dealer
ORD-201130,C11472,1HGCM18W100542,2023-07-01,Service Plan,1,3898.61,0,USD,Cancelled,Dealer
ORD-202511,C10979,1HGCM38N100247,2023-09-02,Service Plan,4,2560.61,15%,usd,Canceled,Dealer
ORD-203503,C10902,1HGCM10W100594,2023-07-28,Accessories,1,2117.24,,USD,Cancelled,Online
ORD-200357,C11322,1HGCM34C100080,"Sep 30, 2023",Parts,1,88.05,5,USD,Shipped,Dealer
ORD-200582,C10434,1HGCM53N100559,27-02-2024,Accessories,1,2340.92,,USD,Shipped,online
ORD-200478,C10106,,2023/01/30,Accessories,1,"$3,969.10",0,USD,Completed,Dealer
ORD-201295,C10772,,2023-08-08,Warranty,3,925.91,,USD,COMPLETED,Dealer
ORD-203010,C10817,,2023-07-24,Warranty,2,3874.57,15%,EUR,shipped,Online
ORD-202858,C11362,,2023-04-27,Vehicle,1,2283.68,0.1,USD,completed,Dealer
ORD-200216,C10989,1HGCM61G100630,2023-09-28,Vehicle,4,1871.57,5,EUR,shipped,online
ORD-200986,C10862,1HGCM62H100657,2024-02-21,Parts,3,4320.46,15%,usd,Shipped,Dealer
ORD-203786,C11121,1HGCM56M100220,2023-11-07,Service Plan,1,218.78,,EUR,shipped,Online
ORD-202865,C10647,,2023-09-26,Service Plan,4,2987.90,10,USD,completed,online
ORD-201722,C10634,1HGCM43Q100302,2023-01-20,Accessories,4,"$1,655.88",15%,USD,shipped,online
ORD-200423,C11428,1HGCM44W100334,2024-03-10,Vehicle,3,,5,EUR,Canceled,Phone
ORD-200330,C10548,1HGCM14O100846,2023-03-24,Service Plan,1,985.78,,EUR,Pending,Online
ORD-201149,C10044,1HGCM12J100269,2024-04-03,Accessories,2,$824.19,0.1,USD,Canceled,Phone
ORD-201145,C11356,1HGCM80C100886,2024-01-14,Vehicle,2,2465.28,10,GBP,Canceled,Phone
ORD-202242,C10711,1HGCM61T100565,2023-08-01,Warranty,1,"$4,292.61",,USD,Completed,Phone
ORD-201864,C10453,1HGCM97Q100406,2023-02-18,Vehicle,4,4276.74,15%,USD,Canceled,Phone
ORD-200815,C10941,1HGCM43I100502,2024-01-13,Warranty,4,1489.79,0,GBP,Completed,Dealer
ORD-203791,C11101,1HGCM69X100309,2023-05-17,Parts,1,4641.10,5,USD,COMPLETED,Online
ORD-201815,C10364,1HGCM61Y100674,2023-11-04,Accessories,1,3953.88,5,EUR,completed,online
ORD-200961,C10205,1HGCM11O100092,2023-12-19,Warranty,2,803.52,0,USD,Shipped,online
ORD-201021,C10717,,2023-06-29,Vehicle,1,1003.15,5,GBP,completed,Phone
ORD-201889,C10504,1HGCM91R100823,2024-04-13,Parts,1,2325.68,10,EUR,Pending,Dealer
ORD-203551,C10926,,2024-06-23,Vehicle,1,3000.53,5,usd,Cancelled,Phone
ORD-203727,C10400,1HGCM13B100729,2024-04-09,Accessories,1,"$1,153.41",,GBP,Pending,online
ORD-202031,C10936,1HGCM87Z100181,2024-07-18,Warranty,1,"$2,653.09",,usd,Pending,Online
ORD-202073,C10374,1HGCM69F100811,2023-03-23,Service Plan,1,1597.59,0.1,USD,Shipped,Phone
ORD-201784,C10629,1HGCM96X100205,2024-04-25,Service Plan,2,"$2,361.98",15%,usd,Cancelled,Dealer
ORD-201933,C11324,,2024-04-27,Parts,4,4030.87,0,EUR,COMPLETED,Online
ORD-203965,C11312,1HGCM44L100869,2024-03-28,Accessories,1,300.69,10,usd,COMPLETED,Online
ORD-202174,C99916,1HGCM17M100090,2023-07-10,Parts,2,1431.49,0.1,GBP,completed,Online
ORD-204032,C10334,1HGCM59M100272,2023-09-02,Vehicle,3,1492.66,15%,USD,Shipped,Online
ORD-203622,C11495,1HGCM30K100062,2023-04-23,Service Plan,3,1595.44,0,GBP,shipped,Phone
ORD-202590,C11072,1HGCM79D100627,06/03/2024,Service Plan,1,4699.76,5,USD,completed,Dealer
ORD-200100,C10472,,2023-09-17,Parts,1,1243.90,0,EUR,Canceled,Online
ORD-200666,C11079,1HGCM96R100251,2023-04-30,Parts,1,"$1,293.60",15%,usd,Pending,Online
ORD-200412,C11398,1HGCM28S100486,2024-02-13,Service Plan,4,4025.52,5,USD,Shipped,Online
ORD-200983,C11305,,18-05-2024,Vehicle,4,1169.14,0.1,usd,Cancelled,online
ORD-201735,C10112,1HGCM55Y100804,"Apr 18, 2023",Parts,4,"$2,827.55",15%,usd,Cancelled,Dealer
ORD-203541,C10383,1HGCM86S100694,03/05/2024,Warranty,2,2708.09,10,GBP,Pending,Online
ORD-203119,C11328,1HGCM32K100114,2024-07-28,Parts,1,$876.08,,GBP,Shipped,Phone
ORD-203741,C10005,1HGCM86K100582,2024-06-15,Parts,1,384.79,15%,USD,COMPLETED,Dealer
ORD-201678,C11335,1HGCM42B100677,2023-12-22,Warranty,1,4682.99,,USD,Completed,online
ORD-204092,C10765,1HGCM54X100829,2024-01-30,Parts,2,"$4,091.64",0.1,USD,completed,online
ORD-203619,C10391,1HGCM72P100483,2023-06-11,Accessories,4,3860.88,5,USD,COMPLETED,Online
ORD-200926,C11294,1HGCM22U100540,2023-06-03,Vehicle,2,4374.23,10,GBP,Shipped,online
ORD-202910,C10134,1HGCM53M100480,11-06-2024,Accessories,1,"$1,092.84",5,usd,COMPLETED,Phone
ORD-203590,C10508,1HGCM65U100436,2024-04-02,Accessories,3,4738.15,0,USD,COMPLETED,Online
ORD-201027,C10447,1HGCM61T100565,2024-05-25,Warranty,1,4512.36,10,EUR,Completed,Phone
ORD-202342,C10080,1HGCM23B100105,2024-07-21,Warranty,1,4267.35,0.1,USD,COMPLETED,Phone
ORD-201868,C11074,,2023-07-07,Vehicle,1,4567.94,10,GBP,completed,online
ORD-202312,C11451,,2024-04-23,Accessories,1,3941.09,,USD,shipped,Phone
ORD-201488,C11178,1HGCM12J100269,"Mar 05, 2023",Accessories,1,2557.04,10,usd,Cancelled,Online
ORD-200583,C10911,1HGCM50Y100128,2024-05-12,Vehicle,4,3403.37,5,USD,Shipped,Dealer
ORD-203169,C10256,1HGCM53S100642,2023-12-25,Service Plan,4,1975.28,15%,usd,Cancelled,Online
ORD-203612,C10896,1HGCM91O100144,2024/01/08,Vehicle,4,4064.12,0,EUR,completed,Dealer
ORD-203408,C11489,1HGCM19P100639,2023/03/19,Service Plan,1,1813.24,10,usd,Cancelled,online
ORD-203091,C10516,,2024-01-10,Vehicle,1,1167.88,15%,EUR,Shipped,Online
ORD-202314,C11376,1HGCM91Y100596,2023-05-29,Service Plan,1,3870.15,,USD,Completed,online
ORD-203086,C10247,1HGCM23H100813,10/13/2023,Warranty,2,3626.65,15%,USD,Pending,online
ORD-202836,C11099,1HGCM29X100361,2024-05-06,Service Plan,3,1339.66,0.1,USD,COMPLETED,Dealer
ORD-201104,C10029,1HGCM66T100045,09 Mar 2023,Vehicle,1,3442.00,,USD,Canceled,Online
ORD-202534,C10605,1HGCM70E100134,2024-07-29,Warranty,1,"$2,137.31",5,USD,shipped,Phone
ORD-200268,C10541,1HGCM46E100810,2023/06/20,Parts,1,$441.89,,USD,Canceled,Dealer
ORD-201628,C10175,1HGCM51J100711,2023-07-12,Accessories,4,"$4,540.79",0.1,usd,Shipped,Phone
ORD-200683,C11500,,2023-12-11,Parts,1,4589.35,5,GBP,COMPLETED,Online
ORD-204030,C10723,1HGCM96R100563,2023-01-30,Vehicle,1,,0.1,USD,Pending,Dealer
ORD-200257,C11171,,2023/01/07,Service Plan,2,1605.19,10,USD,Canceled,Online
ORD-203160,C11316,1HGCM59F100187,2023-05-12,Vehicle,1,3299.81,0,EUR,Cancelled,Online
ORD-201934,C10937,1HGCM28A100078,2023-09-11,Service Plan,2,3162.96,5,USD,Canceled,Dealer
ORD-202281,C10795,1HGCM58S100850,2023-09-03,Parts,2,1043.73,15%,USD,Completed,Dealer
ORD-200060,C11423,,2023-04-24,Service Plan,1,,15%,USD,completed,Phone
ORD-200048,C10092,1HGCM86L100505,2023-05-23,Warranty,3,3520.79,0.1,usd,Canceled,online
ORD-202803,C10116,1HGCM98G100526,"Apr 11, 2023",Parts,2,1373.07,0,USD,COMPLETED,online
ORD-203736,C10817,1HGCM53S100642,2024/07/20,Vehicle,2,"$3,021.71",15%,GBP,Completed,Phone
ORD-200735,C10314,1HGCM23B100105,2024-05-11,Service Plan,2,4307.00,10,USD,Completed,Phone
ORD-202945,C11351,1HGCM63I100476,2023-10-30,Service Plan,1,1485.99,0.1,GBP,COMPLETED,Phone
ORD-202739,C10378,1HGCM54F100837,2023-04-04,Accessories,3,1466.50,,usd,Pending,Online
ORD-202451,C11217,1HGCM74Q100796,2023-01-05,Vehicle,1,2938.99,10,USD,Completed,Phone
ORD-201951,C10298,,2023-07-16,Vehicle,3,490.11,0.1,GBP,COMPLETED,Online
ORD-202450,C10828,1HGCM93A100052,2023-03-31,Vehicle,3,3563.03,0.1,usd,shipped,Dealer
ORD-202133,C11382,1HGCM92V100775,15-10-2023,Parts,3,$417.19,15%,USD,Canceled,Online
ORD-200730, c11106,1HGCM19L100323,19-11-2023,Warranty,1,2850.19,15%,USD,shipped,Dealer
ORD-202320,C11020,1HGCM69M100350,2023-09-16,Warranty,3,3358.47,,USD,Shipped,online
ORD-200915,C11009,1HGCM70X100569,01/15/2024,Warranty,1,1804.26,0.1,usd,completed,Dealer
ORD-201942,C10055,1HGCM75B100781,2023-01-20,Parts,3,"$4,267.03",,USD,Completed,Online
ORD-200137,C11181,1HGCM13V100411,2024-04-19,Warranty,1,1872.29,10,EUR,Shipped,online
ORD-203101,C11491,1HGCM44K100010,2023-06-07,Warranty,2,"$1,162.16",,USD,completed,online
ORD-203362,C10717,1HGCM82F100213,2024-07-13,Service Plan,1,4400.46,15%,USD,Cancelled,Dealer
ORD-201890,C10543,1HGCM33K100166,2024-06-08,Warranty,4,2048.63,0,GBP,shipped,Online
ORD-202406,C11122,1HGCM61X100101,2024-02-25,Vehicle,1,2319.24,0,USD,COMPLETED,Phone
ORD-200061,C10020,1HGCM43Z100571,2023-04-26,Accessories,1,3346.25,0,USD,shipped,Phone
ORD-200929,C10633,1HGCM17I100034,2023-10-15,Warranty,4,"$1,692.31",10,EUR,COMPLETED,Dealer
ORD-203593,C11475,1HGCM19G100188,2024-02-24,Parts,1,2485.48,10,USD,Pending,Phone
ORD-203857,C10386,,2023-12-08,Service Plan,4,1833.62,0,GBP,Cancelled,Phone
ORD-203433,C11014,1HGCM29X100361,2023-08-08,Warranty,1,2212.54,15%,GBP,Completed,Online
ORD-201100,C11049,,2024-08-09,Warranty,4,2446.54,10,USD,Completed,Dealer
ORD-203352,C10787,1HGCM27U100774,10 Jun 2023,Accessories,1,1111.54,5,USD,Shipped,Dealer
ORD-202473,C10378,1HGCM39K100322,2024-01-23,Accessories,1,"$3,740.82",0.1,EUR,Pending,Phone
ORD-201110,C10581,,2024-08-22,Service Plan,1,3388.63,0,usd,completed,online
ORD-200322,C11339,,2023-06-20,Warranty,1,3713.38,,GBP,Pending,Phone
ORD-203604,C10069,,2024-01-09,Vehicle,1,3200.77,,USD,Cancelled,Dealer
ORD-200130,C10254,1HGCM72D100211,2023-08-21,Accessories,2,540.18,0.1,USD,completed,Dealer
ORD-203195, c10936,,2023-07-21,Service Plan,1,4700.87,0,usd,Canceled,online
ORD-202771,C10789,1HGCM57O100404,2024-04-09,Parts,1,217.56,5,USD,Completed,online
ORD-201525,C11257,1HGCM52V100255,2023-09-21,Warranty,1,1704.55,,USD,Pending,Dealer
ORD-201200,C10424,1HGCM32K100114,2024-08-03,Accessories,2,3958.66,0,USD,Canceled,online
ORD-200358,C10551,1HGCM69F100395,2023-06-26,Service Plan,1,"$2,575.29",10,EUR,Cancelled,online
ORD-201985,C11392,1HGCM28X100543,"Apr 18, 2023",Service Plan,3,149.92,15%,usd,Pending,Phone
ORD-200528,C10039,1HGCM52Q100666,"Apr 29, 2023",Accessories,4,863.45,15%,USD,Canceled,Phone
ORD-204027,C10782,,2023-02-25,Vehicle,1,4449.86,,USD,COMPLETED,Online
ORD-201977,C10179,1HGCM49O100248,2023-08-05,Parts,1,592.53,5,usd,Completed,Online
ORD-203707,C11373,1HGCM88T100175,2024-07-29,Service Plan,1,84.97,5,EUR,Cancelled,Dealer
ORD-202922,C11248,1HGCM90L100115,2024-02-10,Warranty,1,1516.07,10,GBP,Shipped,Online
ORD-202699,C10241,1HGCM51S100174,2024-01-15,Accessories,1,1216.44,,EUR,Pending,online
ORD-201566,C10927,,2023-12-22,Parts,3,2983.27,,EUR,Canceled,online
ORD-202775,C10939,1HGCM48Q100224,15-08-2023,Warranty,3,665.52,,EUR,Cancelled,online
ORD-200843,C11059,1HGCM11O100820,"Aug 30, 2023",Accessories,2,4106.65,10,usd,Pending,Phone
ORD-203510,C10819,1HGCM97E100160,29-02-2024,Service Plan,1,667.69,10,GBP,COMPLETED,Phone
ORD-203570,C11141,,2024-06-13,Warranty,1,3238.22,0,usd,Canceled,online
ORD-200543,C10991,,2024-01-14,Accessories,2,993.73,,USD,shipped,Dealer
ORD-200387,C10020,1HGCM57S100564,2023-10-10,Accessories,3,2180.76,0.1,USD,shipped,Dealer
ORD-203709,C11105,1HGCM57W100412,2024-01-26,Vehicle,1,3585.67,15%,USD,Canceled,Phone
ORD-203023,C11298,1HGCM27L100349,2024-08-04,Parts,4,"$4,252.12",,USD,Shipped,Online
ORD-204033,C11493,1HGCM98Z100207,"Aug 12, 2023",Vehicle,3,89.20,15%,usd,COMPLETED,Phone
ORD-200675,C11219,1HGCM99U100592,2024-07-16,Service Plan,2,1440.97,5,usd,Completed,online
ORD-201267, c11071,1HGCM66O100482,2023-11-13,Parts,3,3261.76,15%,EUR,Cancelled,online
ORD-202567,C11453,1HGCM43Z100571,2024-06-29,Service Plan,1,3208.47,,usd,Cancelled,online
ORD-201973,C11039,1HGCM88N100143,2024-01-06,Accessories,1,3367.59,0.1,USD,Cancelled,Phone
ORD-200484,C11062,,2024-04-27,Parts,4,2928.43,0,EUR,Canceled,Dealer
ORD-200837,C11277,,2024-05-26,Vehicle,1,2304.34,,EUR,Shipped,online
ORD-201779,C10159,,2023-08-05,Warranty,1,3919.00,15%,EUR,completed,Online
ORD-202602,C10890,,2023-04-21,Warranty,2,764.90,0,GBP,Canceled,online
ORD-200835,C10322,,2023-07-06,Vehicle,3,"$4,045.03",5,EUR,Shipped,Dealer
ORD-202444,C10663,1HGCM61H100449,2024-05-15,Accessories,2,333.41,15%,USD,shipped,online
ORD-200224,C10787,1HGCM42B100677,2023-10-14,Warranty,4,4062.77,,GBP,completed,Online
ORD-203753,C10210,,11-03-2024,Warranty,1,4531.05,15%,EUR,Pending,Dealer
ORD-203681,C11258,1HGCM44K100894,2024-07-13,Vehicle,4,4643.80,0,USD,Pending,Online
ORD-202376,C10747,1HGCM81Z100545,02/12/2023,Vehicle,1,3431.99,5,USD,Cancelled,Phone
ORD-202705,C11116,1HGCM51J100711,02/21/2024,Service Plan,3,"$4,185.25",5,EUR,Cancelled,Dealer
ORD-200849,C11281,1HGCM87N100715,17-04-2023,Vehicle,1,1621.31,0,USD,COMPLETED,Dealer
ORD-204052,C11134,,2023-01-17,Parts,4,515.91,15%,EUR,shipped,online
ORD-203137,C10933,1HGCM81T100227,"Feb 02, 2023",Service Plan,4,3177.19,,USD,COMPLETED,Online
ORD-200388,C10347,1HGCM65Z100883,2023/12/05,Vehicle,1,4073.06,,EUR,completed,Dealer
ORD-200793,C10192,1HGCM22S100252,2023-11-12,Parts,4,2678.72,5,USD,COMPLETED,Phone
ORD-200099,C11106,1HGCM22U100540,2024-07-13,Vehicle,1,"$3,424.06",,GBP,Cancelled,Phone
ORD-201205,C10633,1HGCM78C100860,2024-03-03,Vehicle,2,441.55,10,GBP,COMPLETED,Online
ORD-202818,C10300,1HGCM51B100651,2024-04-05,Vehicle,1,1569.44,0.1,GBP,Pending,online
ORD-203048,C10835,1HGCM19I100216,2023-05-19,Vehicle,3,3981.33,15%,EUR,shipped,Phone
ORD-203334,C11490,1HGCM53A100130,2023-07-04,Service Plan,1,3938.12,,EUR,completed,Phone
ORD-203077,C10430,1HGCM33J100685,2023-02-19,Vehicle,1,3075.19,10,usd,COMPLETED,Dealer
ORD-202569,C10571,,2023-04-26,Service Plan,1,1802.83,5,USD,Cancelled,Phone
ORD-201452,C11403,1HGCM17M100090,2024-03-08,Service Plan,4,2470.27,5,EUR,Canceled,Phone
ORD-202110,C10198,1HGCM93S100382,04-01-2024,Warranty,3,1035.87,5,USD,Cancelled,Online
ORD-202533,C10816,1HGCM61G100630,21 Feb 2023,Accessories,1,557.19,5,usd,Shipped,Dealer
ORD-200645,C10445,1HGCM23B100105,2024-03-25,Service Plan,1,1913.19,0.1,USD,Canceled,Phone
ORD-203902,C10963,,2023-07-14,Vehicle,1,73.67,15%,USD,completed,Phone
ORD-203961,C10878,1HGCM65V100307,12 Apr 2023,Warranty,2,4205.64,0.1,USD,Canceled,online
ORD-203192,C10486,1HGCM53V100203,2023-01-06,Vehicle,2,1775.90,,USD,shipped,Online
ORD-203609,C10145,1HGCM60K100790,"Mar 11, 2024",Vehicle,1,,15%,usd,Cancelled,Phone
ORD-203795,C10529,1HGCM60Q100172,2024-04-02,Accessories,1,2985.80,5,usd,Canceled,Dealer
ORD-202195,C11015,,2023-09-06,Service Plan,4,4597.66,5,USD,Shipped,online
ORD-200858,C10212,1HGCM66K100842,2023-08-06,Parts,4,1331.38,15%,EUR,Shipped,online
ORD-203252,C10823,1HGCM91O100144,2024-08-10,Service Plan,1,1610.78,0.1,usd,shipped,online
ORD-201969,C10963,1HGCM43G100786,"Jun 15, 2024",Parts,1,$501.41,10,EUR,COMPLETED,Online
ORD-203146,C10277,1HGCM47G100500,2023-01-06,Warranty,1,,15%,USD,completed,Phone
ORD-203290,C11131,1HGCM88V100437,2024-03-29,Parts,1,2050.71,0,USD,Completed,Phone
ORD-203481,C11100,1HGCM62V100541,2023-10-26,Parts,2,4699.49,10,GBP,Shipped,Phone
ORD-203336,C10842,1HGCM53M100480,2024-05-18,Parts,3,2602.64,,EUR,Canceled,Dealer
ORD-200103,C11039,1HGCM45V100593,19 Jun 2023,Vehicle,1,789.49,0.1,EUR,completed,Online
ORD-200606,C10746,,2023-10-07,Warranty,2,1592.65,0.1,USD,completed,Dealer
ORD-200780,C10120,1HGCM47B100027,2024-05-21,Service Plan,1,"$2,005.38",15%,EUR,shipped,Phone
ORD-201108,C10031,1HGCM63Y100726,2023-01-26,Service Plan,3,3284.21,0,usd,Completed,Dealer
ORD-203900,C10980,1HGCM29M100714,2024-03-05,Accessories,1,2066.46,5,EUR,completed,Phone
ORD-201324,C11289,1HGCM98G100890,2024-04-12,Parts,3,$855.82,0,USD,Canceled,Online
ORD-203821,C10550,1HGCM87H100631,2024-06-20,Parts,3,"$4,443.57",5,EUR,Canceled,online
ORD-201187,C11152,1HGCM10G100552,"Apr 13, 2024",Parts,2,"$3,209.37",,USD,completed,Dealer
ORD-204019,C10994,,2023-03-12,Vehicle,4,3208.20,5,usd,Shipped,Online
ORD-200157,C11289,1HGCM97S100746,2024-06-30,Parts,4,"$4,547.91",0,USD,Pending,online
ORD-203958,C10253,,12 Sep 2023,Parts,1,2884.84,0.1,USD,Shipped,Phone
ORD-201661, c11067,1HGCM92Y100102,2024-02-05,Warranty,2,$102.37,15%,USD,completed,Dealer
ORD-200657,C10625,,2024-01-25,Parts,4,2319.34,15%,EUR,Cancelled,Dealer
ORD-200825,C10097,1HGCM71R100043,2024-02-29,Vehicle,1,"$2,239.71",5,GBP,Completed,Dealer
ORD-202366,C11157,1HGCM75D100471,2023-02-11,Vehicle,1,2278.86,0,usd,Completed,Phone
ORD-202748,C11496,1HGCM53S100824,10 Jan 2023,Vehicle,2,561.72,15%,EUR,Shipped,Phone
ORD-203665,C10534,1HGCM81Y100882,2024/07/06,Parts,3,1891.53,0.1,usd,completed,Phone
ORD-201863,C10130,1HGCM67Z100701,"Aug 10, 2024",Service Plan,2,4074.04,10,USD,COMPLETED,Dealer
ORD-201056,C11418,1HGCM67Z100701,2023-04-02,Vehicle,1,2511.74,15%,usd,Shipped,Dealer
ORD-204029,C10355,1HGCM65U100436,27-05-2024,Accessories,4,1872.74,0.1,usd,completed,Phone
ORD-203099,C10346,1HGCM17U100618,2024/05/22,Accessories,4,1796.75,5,usd,shipped,Dealer
ORD-201011,C11303,,2023-07-16,Service Plan,1,4673.82,0,USD,COMPLETED,online
ORD-201902,C10847,1HGCM39T100669,2023-09-26,Accessories,4,2723.68,10,EUR,Shipped,Phone
ORD-202798,C10812,1HGCM25M100194,2024-04-03,Vehicle,3,700.70,15%,GBP,Pending,Phone
ORD-200742,C10991,1HGCM42L100011,2023-10-26,Parts,4,942.78,0.1,USD,Pending,Dealer
ORD-202360,C11093,,2024-07-07,Warranty,2,$689.26,0,GBP,Canceled,online
ORD-202789,C10701,1HGCM62S100226,2024-06-03,Warranty,1,4039.80,5,GBP,shipped,Dealer
ORD-202842,C10238,1HGCM72N100091,2023-12-07,Vehicle,1,3760.79,15%,GBP,shipped,Phone
ORD-202693, c11439,1HGCM22J100451,09/24/2023,Accessories,3,4093.50,5,USD,Canceled,Online
ORD-201617,C10452,1HGCM97O100716,2024-06-12,Accessories,1,3763.22,,GBP,Pending,Dealer
ORD-202624,C10872,1HGCM97Y100284,2024-04-14,Parts,1,868.54,0.1,EUR,Cancelled,Online
ORD-201310,C11455,1HGCM97O100716,2024-01-29,Service Plan,1,1644.95,0,USD,Pending,online
ORD-202541,C11127,1HGCM40V100281,2023-03-01,Parts,2,"$3,835.79",15%,EUR,completed,Online
ORD-203679,C10733,1HGCM13G100110,2023-11-03,Warranty,3,3325.98,0.1,GBP,Pending,Online
ORD-200720,C10659,,21 Jun 2023,Vehicle,1,1658.43,0,USD,shipped,Dealer
ORD-201747,C11473,1HGCM80C100548,2023-06-12,Vehicle,1,"$3,482.46",0.1,GBP,COMPLETED,Online
ORD-203173,C11418,1HGCM64B100469,2023-10-05,Accessories,1,4483.81,0.1,EUR,Pending,Dealer
ORD-202352,C10489,1HGCM57A100754,2024-06-23,Service Plan,1,2015.34,,usd,Completed,online
ORD-200663,C11215,1HGCM56J100737,2023-02-08,Parts,3,1086.04,5,USD,Pending,Dealer
ORD-202343,C10416,1HGCM28Y100700,2023-11-19,Parts,4,3309.61,0.1,EUR,COMPLETED,online
ORD-203809,C10150,,2024-01-29,Parts,1,3668.92,10,USD,COMPLETED,Phone
ORD-202025,C10888,,2024-06-09,Accessories,3,1583.77,0.1,USD,Shipped,Online
ORD-201988,C10909,,2023-10-24,Warranty,1,4556.48,,GBP,Completed,Online
ORD-202904,C11030,1HGCM57A100754,2024-03-28,Service Plan,4,1587.50,15%,GBP,completed,Online
ORD-201328,C10240,1HGCM93E100004,2024-04-17,Service Plan,2,3380.82,0.1,GBP,Completed,Phone
ORD-203084,C10731,1HGCM54K100270,2023-09-01,Accessories,4,3306.67,0.1,USD,Shipped,Online
ORD-203320,C10091,,2023-04-30,Warranty,3,4151.53,15%,GBP,COMPLETED,Dealer
ORD-201774,C10749,1HGCM31J100113,25-10-2023,Service Plan,2,357.19,15%,USD,COMPLETED,Dealer
ORD-203899,C10822,1HGCM38I100268,2023-06-14,Accessories,3,2033.61,,GBP,Pending,Online
ORD-201688,C10077,1HGCM38N100247,2023-03-30,Warranty,4,3350.95,5,EUR,Canceled,Phone
ORD-203527,C10460,1HGCM73B100157,2023-07-21,Service Plan,1,3172.20,5,USD,COMPLETED,Phone
ORD-203547,C11407,1HGCM44M100532,2023-01-25,Warranty,4,353.71,10,USD,shipped,Online
ORD-203691,C10099,1HGCM76N100403,12-07-2023,Parts,1,$320.14,5,usd,shipped,online
ORD-202434,C10544,1HGCM55Y100804,"May 04, 2024",Vehicle,2,4695.49,,USD,Shipped,Phone
ORD-203652,C10003,1HGCM17M100168,2024-03-05,Accessories,2,4121.92,5,usd,Pending,Phone
ORD-200173,C11306,1HGCM47H100475,2023-05-10,Vehicle,2,270.30,5,usd,Cancelled,Phone
ORD-201912,C11320,1HGCM35Y100258,2023/05/20,Service Plan,4,"$2,032.97",15%,USD,Cancelled,Dealer
ORD-201433,C10775,1HGCM16V100567,2024-06-02,Vehicle,2,3150.56,15%,USD,Shipped,Dealer
ORD-200433, c10509,,2023-04-10,Parts,1,1764.10,15%,GBP,Shipped,online
ORD-203716,C10625,1HGCM36O100118,2024-01-26,Vehicle,1,2750.12,,EUR,Completed,Dealer
ORD-201692,C10990,1HGCM32Y100856,2023-04-26,Warranty,4,4122.81,0.1,usd,shipped,Online
ORD-201955,C11383,1HGCM56V100073,2023-12-30,Accessories,2,1840.60,10,usd,Pending,Phone
ORD-202648,C10580,1HGCM12J100347,2023-07-19,Warranty,2,"$2,806.53",10,GBP,Shipped,Dealer
ORD-203615,C10664,1HGCM42N100325,2023-01-09,Service Plan,4,4251.93,10,USD,Completed,Dealer
ORD-204102,C10041,1HGCM48L100817,2023-10-23,Service Plan,2,1315.27,5,USD,Completed,Online
ORD-203059,C10172,1HGCM17A100104,2024-04-08,Warranty,4,3770.66,5,USD,shipped,Phone
ORD-204160,C11004,,2024-07-30,Warranty,4,"$1,274.84",5,USD,Completed,online
ORD-200957,C10155,1HGCM88N100143,2023-05-11,Accessories,1,977.71,10,usd,Shipped,online
ORD-202436,C10190,1HGCM71U100852,2024-04-26,Parts,1,"$4,754.07",,EUR,Cancelled,Dealer
ORD-203580,C10818,1HGCM58C100210,2024-06-28,Vehicle,2,88.46,0.1,USD,COMPLETED,Phone
ORD-202024, c10081,1HGCM12E100524,2023-12-21,Warranty,2,3305.34,0,USD,COMPLETED,Online
ORD-200093,C10595,1HGCM98G100266,2024-01-02,Warranty,1,771.35,0.1,USD,Shipped,Phone
ORD-201422,C11198,1HGCM33W100464,2024-02-27,Parts,1,2378.91,,USD,Canceled,Online
ORD-201922,C11479,1HGCM23Q100484,2024-04-23,Warranty,2,666.46,15%,GBP,shipped,Phone
ORD-201212,C11038,1HGCM75Z100155,2024-07-13,Vehicle,1,1807.19,0.1,USD,Canceled,Online
ORD-204067,C10184,1HGCM12A100884,27 Nov 2023,Service Plan,2,4268.36,10,EUR,shipped,Dealer
ORD-203904,C11401,,"Jan 13, 2023",Warranty,4,4274.86,5,EUR,Canceled,online
ORD-201962,C10286,1HGCM99U100592,2024-05-09,Warranty,2,1027.99,0.1,EUR,Cancelled,Phone
ORD-203789,C10346,1HGCM16E100108,2024-01-28,Service Plan,1,3002.57,,usd,Shipped,online
ORD-202637,C10464,1HGCM83R100771,2023-07-22,Parts,1,4581.86,,EUR,shipped,online
ORD-200025,C11350,1HGCM54L100297,2024-04-08,Parts,1,1813.27,,USD,COMPLETED,online
ORD-200728,C11402,1HGCM86F100421,2023-06-09,Accessories,1,"$3,288.53",0.1,GBP,Cancelled,online
ORD-200131,C10361,1HGCM28A100078,2024-01-15,Warranty,1,3492.01,,GBP,Completed,online
ORD-202286,C10336,1HGCM31P100535,2023-05-18,Accessories,1,3490.05,5,USD,Shipped,online
ORD-201855,C10623,,2023/10/18,Warranty,1,2089.68,0.1,GBP,Cancelled,online
ORD-200449,C11460,1HGCM62S100226,2023-06-15,Parts,1,631.64,,GBP,Canceled,Online
ORD-203972,C10013,,2024-05-12,Warranty,4,2196.67,,USD,shipped,online
ORD-201651,C10099,1HGCM93E100004,23-10-2023,Parts,1,951.29,15%,EUR,Cancelled,Phone
ORD-202309,C11341,1HGCM16C100288,2023-12-08,Service Plan,1,667.07,10,EUR,Completed,online
ORD-203333,C10216,1HGCM61Y100544,2023-12-15,Warranty,2,2939.23,,USD,completed,Dealer
ORD-200161,C10252,1HGCM23A100182,2024-06-10,Warranty,1,312.16,0,GBP,Shipped,online
ORD-204120,C11007,,2023-07-10,Accessories,1,3176.62,10,usd,Pending,Online
ORD-202210, c10479,1HGCM60Q100172,2024/05/17,Vehicle,1,1992.55,,GBP,Cancelled,Dealer
ORD-200193,C11306,,07-07-2024,Service Plan,3,3022.19,0,EUR,Canceled,online
ORD-200979,C10927,1HGCM81Y100336,2023-03-19,Accessories,1,3846.59,15%,GBP,Completed,Dealer
ORD-203748,C10548,1HGCM20A100312,2023-08-29,Parts,3,1515.21,10,USD,COMPLETED,Dealer
ORD-201401,C11360,1HGCM46L100453,2024-04-23,Service Plan,4,$505.12,5,GBP,Completed,Phone
ORD-203056,C10074,1HGCM17I100034,2023-05-12,Service Plan,1,1911.37,0,GBP,Pending,Phone
ORD-200464,C11253,1HGCM39R100225,2023-10-06,Accessories,1,4674.95,,USD,Shipped,Phone
ORD-203065,C10904,1HGCM61F100291,2024/02/06,Vehicle,1,$929.34,15%,USD,Completed,online
ORD-202382,C10364,1HGCM26L100219,24 Feb 2023,Parts,3,241.57,,USD,Shipped,Online
ORD-200845,C10396,1HGCM32C100756,2023-09-07,Parts,4,"$4,787.29",0.1,EUR,Cancelled,Phone
ORD-204016,C10041,1HGCM92V100775,2023-06-04,Accessories,1,4243.59,0.1,usd,COMPLETED,Phone
ORD-204011,C10767,,16 Aug 2023,Warranty,2,505.77,10,USD,Shipped,online
ORD-201996,C10031,1HGCM79N100689,2023-03-15,Vehicle,1,1321.34,15%,USD,completed,Online
ORD-204145,C11323,1HGCM81T100227,2024-07-23,Vehicle,1,4460.22,15%,GBP,Completed,online
ORD-202873,C11005,1HGCM63N100819,06/08/2023,Warranty,3,304.47,10,USD,Shipped,online
ORD-201729, c11492,1HGCM73Q100770,2024-07-28,Vehicle,1,1218.58,,USD,Completed,Dealer
ORD-201038,C11043,1HGCM14O100846,2024-02-20,Vehicle,4,970.68,0.1,USD,shipped,Online
ORD-201397,C11438,,2023-08-05,Warranty,3,2909.23,0,EUR,completed,online
ORD-204118,C10621,1HGCM21L100843,02/24/2023,Accessories,2,"$4,683.14",5,USD,COMPLETED,Phone
ORD-202537,C10176,1HGCM39I100164,2024-06-13,Vehicle,1,887.48,,usd,Shipped,online
ORD-200206,C10350,1HGCM37S100434,2024-03-31,Parts,1,"$3,081.39",0,usd,Pending,online
ORD-200005,C10473,1HGCM38E100394,2023-03-13,Parts,2,56.91,10,EUR,completed,Online
ORD-201727,C10793,1HGCM38D100003,2023-04-16,Service Plan,1,2894.11,0.1,USD,Cancelled,online
ORD-201113,C10129,1HGCM37S100434,05/29/2024,Warranty,1,2858.09,15%,usd,Shipped,online
ORD-200039,C10174,,2024-02-22,Vehicle,1,2104.39,,USD,completed,Online
ORD-202993,C10626,,2023-04-03,Accessories,4,$889.79,15%,EUR,completed,Phone
ORD-202493,C11346,,2023-08-29,Vehicle,1,4100.95,0.1,GBP,Shipped,Online
ORD-201699,C11303,1HGCM36B100287,2023-01-29,Service Plan,1,1849.72,15%,USD,Pending,Online
ORD-203345,C11347,1HGCM57W100412,2023-10-06,Parts,1,2906.78,10,USD,completed,Online
ORD-204190,C10183,,2024-05-23,Accessories,2,3918.59,5,USD,Pending,Online
ORD-201590,C10629,1HGCM29F100239,2023-06-06,Service Plan,1,2524.22,0.1,EUR,Cancelled,Online
ORD-203677,C11185,1HGCM53N100871,2023-11-10,Accessories,2,3579.47,10,GBP,Completed,online
ORD-200414,C10438,1HGCM21S100044,2023-02-25,Accessories,1,"$3,832.37",15%,USD,completed,Phone
ORD-202832,C10112,1HGCM22Q100198,2023-10-27,Accessories,1,3722.71,,USD,Pending,Dealer
ORD-202671,C11032,1HGCM91R100823,2024-07-08,Service Plan,4,4725.52,10,EUR,Pending,Online
ORD-203647,C10084,1HGCM94E100212,2023-04-01,Parts,3,1732.50,0.1,USD,COMPLETED,online
ORD-203374,C10058,,2023-07-29,Accessories,3,4523.27,15%,USD,Canceled,Online
ORD-200533,C11178,1HGCM46Z100857,2023-09-16,Service Plan,1,368.40,5,GBP,Completed,Dealer
ORD-201904,C10626,1HGCM76D100601,2024-07-25,Vehicle,3,$339.54,0,USD,Completed,Dealer
ORD-201724,C10968,1HGCM43Y100050,2024-02-09,Warranty,2,4330.80,10,usd,Pending,Online
ORD-202550,C10382,1HGCM23A100546,2023-11-09,Warranty,2,4589.99,0,USD,Pending,online
ORD-203987,C10621,1HGCM70X100569,2024-06-23,Vehicle,1,4203.54,0,USD,COMPLETED,online
ORD-200555,C10137,1HGCM60E100498,2023-06-30,Accessories,3,100.46,15%,GBP,Cancelled,online
ORD-202894,C10158,1HGCM75W100126,25 Jun 2023,Warranty,4,934.96,,GBP,shipped,Dealer
ORD-202023,C11244,1HGCM64X100465,2023-09-23,Accessories,1,2143.56,,USD,Pending,Phone
ORD-201127,C10078,1HGCM63I100476,"Aug 13, 2024",Warranty,1,"$1,386.08",15%,EUR,Completed,online
ORD-200031,C10285,1HGCM93A100052,2024-02-15,Warranty,4,"$2,702.46",10,USD,shipped,Online
ORD-201185,C10354,1HGCM70D100055,2023-09-30,Service Plan,4,162.05,10,USD,COMPLETED,online
ORD-203639,C10456,1HGCM75N100767,2023-09-12,Accessories,1,467.68,0,EUR,Canceled,online
ORD-200649,C11380,,2024-07-10,Vehicle,1,3260.08,15%,usd,COMPLETED,Online
ORD-202828,C10910,1HGCM15Y100024,2024-06-12,Service Plan,1,2798.02,0,USD,COMPLETED,Phone
ORD-200058, c10980,1HGCM71U100852,2023/05/02,Service Plan,1,2382.05,,EUR,Shipped,online
ORD-203549,C11406,,2023-06-25,Accessories,4,913.65,15%,USD,Pending,Phone
ORD-203949,C11495,1HGCM22P100691,2023-06-17,Accessories,3,236.06,15%,USD,shipped,online
ORD-201502,C10371,,2023-03-06,Warranty,4,2472.69,0,EUR,Cancelled,Phone
ORD-202647,C11421,,2024/03/28,Vehicle,2,2547.27,10,GBP,COMPLETED,Phone
ORD-202491,C10263,1HGCM86A100286,03/22/2024,Warranty,4,1979.71,5,EUR,completed,Dealer
ORD-200272,C10251,1HGCM71T100123,2024/01/14,Accessories,1,554.21,5,USD,Pending,Phone
ORD-200034,C10259,,2023-03-31,Parts,2,237.15,0,USD,COMPLETED,Phone
ORD-203576,C10947,1HGCM38D100003,2023-05-30,Service Plan,1,2485.11,15%,USD,COMPLETED,Dealer
ORD-200681,C11353,1HGCM46I100112,04/28/2024,Warranty,3,3958.20,10,GBP,completed,online
ORD-201730,C11397,1HGCM86S100694,2023-12-30,Warranty,1,3131.15,10,USD,Cancelled,Phone
ORD-203111,C10529,1HGCM81J100477,2023-02-05,Vehicle,2,4196.82,15%,GBP,Cancelled,Dealer
ORD-203307,C11097,,2024-06-24,Vehicle,3,"$1,433.98",0.1,EUR,COMPLETED,online
ORD-202028,C10095,1HGCM73U100826,2024-02-15,Parts,1,"$2,863.27",15%,EUR,Canceled,Phone
ORD-200310,C10350,1HGCM56V100073,2024-05-02,Service Plan,1,1682.95,10,usd,completed,Phone
ORD-202393,C11049,1HGCM44W100334,2023-07-16,Vehicle,2,2130.76,15%,EUR,Canceled,Phone
ORD-202419,C10105,,2024-06-04,Warranty,1,4665.42,15%,GBP,completed,Phone
ORD-200716,C10548,,2023-08-14,Vehicle,1,2916.55,10,EUR,completed,Phone
ORD-202925,C10792,1HGCM23C100106,2023-02-05,Warranty,2,3964.38,0.1,USD,Pending,Online
ORD-202067,C11078,1HGCM52C100184,2024-02-09,Vehicle,1,368.81,10,USD,Completed,Online
ORD-202257, c11132,1HGCM60L100479,2023-07-23,Accessories,2,240.43,10,USD,Cancelled,online
ORD-202066,C10738,1HGCM29N100507,2024-05-15,Parts,3,3230.91,15%,USD,Cancelled,Online
ORD-201339,C10634,1HGCM93E100238,2023-03-29,Warranty,4,411.76,5,USD,Completed,Online
ORD-201148,C10379,1HGCM11O100820,2023-10-08,Parts,3,1902.62,5,USD,Pending,Dealer
ORD-200056,C10224,1HGCM50P100561,2023-05-01,Parts,1,2631.59,5,usd,completed,Phone
ORD-200115,C11097,1HGCM73Q100770,2024-05-27,Warranty,4,149.86,0,EUR,Completed,online
ORD-204017,C10673,1HGCM86K100582,11 Jul 2024,Vehicle,1,4310.33,,USD,COMPLETED,Online
ORD-202063,C11206,1HGCM52J100789,2023-07-22,Warranty,1,2637.42,,USD,Canceled,Phone
ORD-200691,C11071,1HGCM33S100668,05/16/2024,Service Plan,2,610.83,15%,USD,Shipped,Phone
ORD-202121,C11239,1HGCM27U100748,2023-09-06,Accessories,3,1995.69,0.1,USD,COMPLETED,Online
ORD-203303,C10275,1HGCM97L100583,2023-11-22,Service Plan,4,904.77,10,EUR,completed,Online
ORD-201405,C10441,1HGCM81R100459,05-06-2024,Service Plan,1,1179.73,,usd,Shipped,online
ORD-201635,C10543,1HGCM92W100048,2023-06-24,Service Plan,3,971.84,10,usd,completed,online
ORD-201336,C10655,,2024-07-12,Accessories,1,4021.42,5,USD,Completed,Phone
ORD-203607,C10753,1HGCM25Z100597,2024-01-09,Accessories,4,3151.88,0,usd,Shipped,online
ORD-200580,C11081,1HGCM79D100627,2023-01-14,Accessories,1,589.00,0,USD,Completed,Online
ORD-201673,C11198,1HGCM98G100526,2024-06-08,Vehicle,1,222.94,,USD,Cancelled,Online
ORD-200037,C11011,1HGCM41U100306,2023-04-10,Accessories,1,2865.71,5,USD,Shipped,Phone
ORD-201490,C11462,1HGCM66K100842,2023-10-27,Accessories,1,26.97,10,USD,COMPLETED,Dealer
ORD-200342,C10844,1HGCM23E100784,13-04-2023,Warranty,2,2103.41,0,GBP,completed,online
ORD-201670,C11044,1HGCM67B100547,06/11/2024,Accessories,1,628.82,10,EUR,Shipped,Dealer
ORD-203676,C10731,1HGCM19G100188,2024/07/12,Parts,3,4794.24,0.1,USD,Cancelled,online
ORD-203108,C11223,1HGCM10X100647,2024-08-01,Service Plan,2,"$3,519.50",5,USD,Completed,Dealer
ORD-201895,C10833,1HGCM22L100245,2024-06-27,Warranty,3,1014.78,0.1,USD,Cancelled,Dealer
ORD-203058,C11136,,2023-01-06,Warranty,4,91.66,,USD,Pending,online
ORD-201373,C11489,1HGCM91R100823,2023-03-09,Parts,1,4478.46,15%,USD,shipped,Phone
ORD-203649,C10362,1HGCM80Z100675,2024-08-11,Parts,1,"$3,489.76",0.1,usd,Pending,Online
ORD-203568,C10683,1HGCM31I100632,2024-02-13,Parts,1,187.73,10,USD,shipped,Online
ORD-203747,C10818,1HGCM57A100754,2024-02-18,Service Plan,2,4529.01,,EUR,Pending,online
ORD-201369,C10411,1HGCM51B100651,2024-03-15,Warranty,2,3926.61,0,EUR,Canceled,Dealer
ORD-202772,C10067,1HGCM98G100526,2024-04-24,Warranty,1,28.35,0,USD,completed,Online
ORD-202753,C10675,1HGCM74Q100796,2023-07-01,Accessories,1,2825.65,15%,USD,Cancelled,Dealer
ORD-203200,C10633,,2023/12/22,Warranty,1,"$4,157.62",5,USD,Completed,Dealer
ORD-203174,C10836,,2024-03-12,Vehicle,1,4240.37,,USD,Completed,Dealer
ORD-203660,C10420,1HGCM89R100147,2023-06-14,Vehicle,1,1220.74,10,USD,completed,Dealer
ORD-200932,C11489,1HGCM64I100840,2023-10-21,Service Plan,2,3367.84,,EUR,Pending,online
ORD-200905,C10180,1HGCM32Q100016,2024/07/02,Warranty,4,2854.99,10,EUR,Cancelled,online
ORD-203894,C10880,,2023-07-02,Vehicle,1,1458.43,10,USD,Canceled,Online
ORD-200062,C10387,1HGCM90W100438,2023/07/26,Vehicle,2,4085.28,,USD,shipped,Phone
ORD-201579,C10648,1HGCM23Q100484,27-02-2023,Warranty,1,3165.52,0,USD,completed,online
ORD-201624,C10839,1HGCM36E100290,2023-09-23,Warranty,1,1770.55,10,USD,Canceled,Dealer
ORD-201314,C10985,1HGCM75S100148,2024-07-11,Accessories,1,500.31,10,GBP,completed,online
ORD-201767,C10767,1HGCM50Q100458,2023-04-30,Accessories,1,4594.08,,GBP,Cancelled,online
ORD-201247,C10257,1HGCM11O100092,2023-04-22,Warranty,1,"$2,728.73",10,USD,shipped,online
ORD-204034,C11149,,2023-09-16,Parts,3,3250.04,10,GBP,Completed,Dealer
ORD-202499,C11426,1HGCM11G100734,2024-05-05,Parts,1,4102.77,10,usd,COMPLETED,Online
ORD-201471,C10024,1HGCM60Q100172,15-11-2023,Service Plan,1,788.82,,USD,shipped,Dealer
ORD-202379,C10440,1HGCM23G100006,2023-06-01,Accessories,3,1089.17,0,EUR,Canceled,Phone
ORD-203518,C11410,1HGCM33T100435,2023-10-17,Warranty,1,377.85,0,usd,COMPLETED,Phone
ORD-200085,C10253,1HGCM26H100059,2024-04-25,Service Plan,1,,10,EUR,COMPLETED,online
ORD-201572,C11322,1HGCM10J100399,2023-09-23,Vehicle,1,502.21,5,USD,Completed,Online
ORD-202813,C10051,1HGCM70I100892,11/16/2023,Warranty,1,,0,USD,Completed,Phone
ORD-202361, c10395,1HGCM88N100481,2023-12-07,Parts,3,178.13,0,USD,COMPLETED,online
ORD-201303,C10472,1HGCM18C100158,30 Oct 2023,Service Plan,1,"$4,213.63",5,EUR,completed,Online
ORD-203275,C11165,1HGCM12A100884,"Apr 13, 2023",Vehicle,4,1268.03,10,USD,Completed,Online
ORD-202206,C10340,1HGCM53V100099,2023-07-03,Parts,4,"$1,352.68",10,USD,Completed,Online
ORD-200376,C11060,1HGCM98U100176,2024-07-06,Vehicle,3,1969.19,5,USD,Completed,Phone
ORD-200960,C10468,,2024-07-29,Service Plan,3,135.88,0.1,usd,shipped,Dealer
ORD-201438,C11039,1HGCM74F100525,2023-02-14,Vehicle,1,"$3,786.81",0.1,USD,Completed,online
ORD-203773,C10442,1HGCM90M100870,2023-07-09,Vehicle,1,2908.97,5,GBP,Pending,Online
ORD-202538,C10054,1HGCM23H100813,06/21/2024,Accessories,3,3493.35,10,USD,Canceled,Online
ORD-200384,C10679,1HGCM54M100012,06-02-2023,Accessories,3,2499.08,0.1,USD,Shipped,Online
ORD-203327,C10130,1HGCM23A100546,2023-08-19,Vehicle,1,$728.72,0,GBP,Cancelled,Phone
ORD-201417,C10444,1HGCM96R100251,2024-05-27,Parts,3,378.07,,GBP,shipped,online
ORD-201242,C11273,1HGCM16S100018,2023-02-04,Accessories,3,"$4,659.20",10,USD,COMPLETED,Dealer
ORD-203337,C10459,1HGCM68A100858,2023-05-25,Parts,4,"$2,665.46",0,USD,shipped,online
ORD-200907,C10689,1HGCM96N100845,2024-03-03,Accessories,2,1193.95,5,USD,Cancelled,Phone
ORD-200133,C11155,1HGCM51B100651,2024-06-06,Vehicle,1,756.78,,EUR,Shipped,Dealer
ORD-203522,C10548,1HGCM78Y100310,27 Mar 2023,Accessories,3,"$3,103.69",5,EUR,Canceled,Phone
ORD-201385,C11289,,2023-09-10,Vehicle,2,1285.31,15%,EUR,shipped,online
ORD-200880,C11080,1HGCM25K100088,2024-03-16,Warranty,4,2666.39,10,USD,Completed,online
ORD-203579,C10383,1HGCM90W100282,2023-11-25,Parts,1,4671.29,0,GBP,Pending,Online
ORD-202902,C10245,,2023-12-09,Warranty,4,1667.48,0.1,USD,completed,online
ORD-201447,C10286,1HGCM40V100281,2024/02/08,Service Plan,1,344.67,5,USD,Cancelled,Dealer
ORD-201710,C10278,1HGCM37T100747,2023-04-16,Service Plan,1,1001.97,5,EUR,shipped,Phone
ORD-202776,C98806,1HGCM46T100357,2023-03-07,Parts,4,124.29,15%,USD,Canceled,online
ORD-200438,C10551,1HGCM43Y100050,2023-05-21,Service Plan,1,1725.20,0,USD,Cancelled,Online
ORD-200474,C10072,1HGCM92C100314,2023-07-03,Vehicle,4,2798.61,0,GBP,Canceled,Online
ORD-202642,C10745,1HGCM68H100423,2023-02-02,Service Plan,4,1327.04,0,USD,Shipped,online
ORD-201497,C10892,,2024-03-10,Accessories,4,"$3,854.19",15%,GBP,Cancelled,Phone
ORD-201714,C10155,1HGCM92V100775,"Feb 23, 2024",Warranty,1,1842.47,,GBP,Canceled,Online
ORD-200665,C10729,1HGCM52V100333,2023-01-25,Warranty,1,3700.74,0,usd,COMPLETED,Dealer
ORD-202988,C10847,1HGCM60K100790,2024-06-28,Vehicle,2,2963.45,5,usd,shipped,Phone
ORD-201845,C11299,1HGCM64L100063,2023-10-09,Vehicle,1,939.82,0,USD,completed,Dealer
ORD-202001,C10892,1HGCM38N100039,2023-09-16,Vehicle,3,1217.87,0.1,USD,Completed,Online
ORD-201402,C10767,1HGCM80J100763,24-05-2024,Accessories,1,$393.14,15%,USD,Shipped,Dealer
ORD-200696,C10878,1HGCM35X100777,2024-02-13,Service Plan,2,2121.64,,USD,Cancelled,Online
ORD-201555,C10140,1HGCM79F100369,05/10/2024,Vehicle,4,198.41,5,USD,Cancelled,online
ORD-202659,C10355,,2024-02-28,Warranty,1,1054.04,15%,usd,Canceled,Online
ORD-203706,C10767,1HGCM28I100658,21 Apr 2024,Service Plan,4,2783.61,15%,GBP,Pending,Dealer
ORD-200554,C11385,,2024-01-30,Vehicle,1,988.36,0.1,USD,completed,Phone
ORD-203142,C10728,1HGCM56Q100510,2024-06-28,Service Plan,1,3321.08,10,usd,Pending,Dealer
ORD-200623,C11312,1HGCM28W100152,2023-09-24,Service Plan,4,3509.49,,EUR,Completed,Dealer
ORD-201718,C10317,1HGCM73B100157,2023-04-17,Vehicle,2,2074.30,5,GBP,shipped,online
ORD-202583,C10416,,"Mar 21, 2024",Parts,4,3682.19,15%,USD,Canceled,Online
ORD-203420, c10138,1HGCM46L100453,2023-12-17,Service Plan,4,827.74,10,USD,COMPLETED,Online
ORD-204086,C10351,1HGCM67R100173,2023-10-21,Accessories,2,4029.95,5,usd,Cancelled,online
ORD-202414,C10429,,2024-01-18,Vehicle,1,617.83,5,usd,shipped,online
ORD-203553,C10099,,2023-02-13,Vehicle,1,"$4,372.31",0.1,EUR,Cancelled,Dealer
ORD-202355,C11245,,"Nov 30, 2023",Service Plan,3,2598.12,15%,usd,completed,online
ORD-203847,C11176,1HGCM62S100538,2023-06-02,Parts,1,1589.31,5,usd,COMPLETED,Phone
ORD-200685,C11400,1HGCM54N100533,2023-03-16,Service Plan,1,1388.56,0,USD,Pending,Phone
ORD-202395,C10331,1HGCM76Z100103,27 Feb 2024,Warranty,1,3886.77,,GBP,Pending,Dealer
ORD-200240,C11040,,2023-12-28,Accessories,3,1140.64,0,USD,shipped,Online
ORD-204106, c10328,1HGCM70W100880,2024-01-29,Service Plan,3,543.99,15%,USD,COMPLETED,online
ORD-202069,C10969,1HGCM62Y100570,2023-08-31,Parts,4,133.15,,USD,Cancelled,online
ORD-202738,C10539,1HGCM96R100251,2024-03-07,Service Plan,1,765.24,0.1,USD,COMPLETED,online
ORD-200154,C10067,1HGCM13U100462,2024-07-31,Service Plan,1,3616.02,0,USD,Cancelled,Dealer
ORD-203926, c11298,1HGCM86Y100622,2023-02-18,Accessories,1,4092.77,0,USD,Cancelled,Dealer
ORD-201695,C10803,1HGCM49N100351,"Apr 21, 2023",Vehicle,2,1369.52,15%,USD,Completed,Online
ORD-202652,C10984,1HGCM71H100189,30-05-2024,Service Plan,1,2514.32,5,usd,Pending,Online
ORD-201146,C10930,1HGCM53N100871,2023-06-01,Service Plan,1,1817.14,5,EUR,Pending,online
ORD-203147,C10111,1HGCM69O100456,2023-11-01,Parts,1,"$4,441.78",5,usd,Completed,Online
ORD-202946, c10825,1HGCM72D100211,2024-01-31,Warranty,1,282.67,5,USD,shipped,Online
ORD-202054,C11470,1HGCM32Y100518,2023-06-12,Accessories,2,2809.68,15%,USD,completed,Dealer
ORD-200529,C11145,1HGCM63T100201,23 Oct 2023,Vehicle,3,4300.75,0,EUR,Completed,Phone
ORD-203504,C11074,1HGCM38G100604,2023-04-26,Accessories,3,$762.23,0.1,usd,COMPLETED,Dealer
ORD-202566,C10645,1HGCM96X100205,2024-07-27,Parts,1,3794.86,0.1,USD,Pending,Online
ORD-201657,C10257,1HGCM37D100887,2024-04-21,Parts,4,1359.35,5,USD,shipped,Phone
ORD-202686,C11201,,2023-02-25,Accessories,2,1970.60,5,USD,COMPLETED,Phone
ORD-202683,C11414,1HGCM27A100000,2023-11-22,Service Plan,1,1610.66,0,usd,Cancelled,Dealer
ORD-203095,C10962,1HGCM96R100563,2024-08-19,Accessories,1,1069.20,5,GBP,COMPLETED,Phone
ORD-202209,C11193,1HGCM46T100357,2023-08-07,Accessories,1,2330.71,5,GBP,Completed,Phone
ORD-200786,C10716,1HGCM78B100053,2024-06-14,Parts,3,589.64,0,EUR,Canceled,Phone
ORD-202189,C10617,1HGCM22Q100198,2024-08-13,Parts,1,2504.81,0.1,usd,completed,online
ORD-200148,C10860,1HGCM21S100408,2023-03-31,Service Plan,1,456.15,0,USD,shipped,online
ORD-201746,C10882,1HGCM87H100111,2023-10-24,Accessories,1,3568.69,15%,USD,completed,Phone
ORD-201561,C11362,,2024-02-01,Vehicle,1,2147.80,10,USD,Shipped,Phone
ORD-200567,C11410,1HGCM94Q100146,2024-06-14,Accessories,1,1564.27,10,EUR,shipped,online
ORD-203508,C10129,1HGCM69F100811,2024-07-29,Parts,4,672.44,5,USD,Canceled,Online
ORD-203271,C11202,,30 Oct 2023,Vehicle,2,3405.36,10,GBP,Pending,Dealer
ORD-202319, c10613,1HGCM48L100817,2023-01-31,Vehicle,1,357.08,0,GBP,Shipped,Phone
ORD-203859,C10776,,2024-03-06,Accessories,1,4368.41,0,USD,Completed,Dealer
ORD-202500,C11112,1HGCM11G100734,2023-07-17,Parts,3,3777.37,0.1,usd,Shipped,Dealer
ORD-201484,C10945,1HGCM50W100672,2023-07-03,Warranty,1,3637.85,0,USD,shipped,Dealer
ORD-200848,C10810,1HGCM64H100891,28-07-2023,Vehicle,4,2035.63,10,USD,Canceled,online
ORD-201806,C10455,1HGCM19M100818,2023-10-29,Vehicle,3,629.04,0,usd,Canceled,Online
ORD-200844,C10224,1HGCM30H100241,30-04-2024,Service Plan,1,1135.74,,USD,Completed,Phone
ORD-202912,C10158,1HGCM41M100246,18-11-2023,Vehicle,3,3154.12,0.1,USD,Completed,Phone
ORD-200758,C10109,1HGCM35Q100042,2023-02-21,Vehicle,1,3985.05,15%,USD,Cancelled,Online
ORD-201700,C10502,1HGCM51T100799,2024-06-06,Vehicle,1,"$2,344.70",10,EUR,shipped,Phone
ORD-200894,C11055,1HGCM19M100818,2023-04-05,Parts,1,"$3,274.97",5,USD,COMPLETED,Dealer
ORD-201877,C10690,1HGCM92Y100362,2023-01-10,Parts,1,"$3,171.54",10,usd,Canceled,online
ORD-200316,C11472,1HGCM23J100295,2024-06-11,Parts,1,3613.65,0.1,usd,Pending,Phone
ORD-203061,C10867,1HGCM33C100626,2024-03-29,Vehicle,1,"$4,706.97",0,GBP,Completed,Phone
ORD-200680,C10434,1HGCM90S100330,2024-06-13,Accessories,2,4083.96,,EUR,Shipped,Dealer
ORD-201761,C11025,1HGCM60Q100172,2023-02-05,Warranty,3,3042.51,0.1,USD,completed,Online
ORD-200301,C10034,1HGCM28I100658,2023-06-30,Service Plan,1,878.34,5,usd,Shipped,Phone
ORD-200020,C10815,1HGCM68X100881,2024-04-22,Accessories,3,3658.45,10,GBP,completed,Dealer
ORD-203012,C11451,1HGCM20I100008,2023-12-29,Accessories,1,1048.27,0,USD,COMPLETED,Phone
ORD-201622,C10776,1HGCM31Z100233,2023-11-25,Vehicle,1,2467.84,,USD,Shipped,Dealer
ORD-203875,C10500,1HGCM91Z100493,2023-10-19,Vehicle,3,1566.07,10,USD,shipped,Dealer
ORD-200195,C10459,1HGCM78D100445,2023-05-26,Parts,3,441.30,0,usd,COMPLETED,online
ORD-202957,C10888,1HGCM60M100584,"Dec 13, 2023",Accessories,1,2778.97,0.1,USD,COMPLETED,Online
ORD-201353,C11037,1HGCM47A100260,2024-08-06,Accessories,1,2086.62,5,USD,shipped,online
ORD-203546,C10769,1HGCM71U100852,2023-04-06,Service Plan,2,"$1,523.93",10,EUR,Pending,Phone
ORD-203203,C11183,1HGCM98R100719,2023-02-26,Accessories,2,4237.68,10,USD,Shipped,Dealer
ORD-203956,C10551,,2024-06-01,Vehicle,2,3526.87,,usd,Cancelled,Dealer
ORD-203288,C10555,1HGCM44K100010,2023/06/27,Vehicle,1,1156.01,0,GBP,COMPLETED,online
ORD-203025,C10506,,2024/01/30,Vehicle,1,2141.97,,GBP,Shipped,Phone
ORD-201848,C10603,1HGCM31E100836,2023-04-16,Warranty,1,1780.36,0,USD,Completed,Dealer
ORD-201615,C10241,1HGCM53D100809,2023-10-13,Vehicle,1,2705.93,0,USD,Cancelled,Phone
ORD-200879,C11090,1HGCM30N100299,03-08-2023,Warranty,1,4621.50,10,usd,Pending,Phone
ORD-201092,C10485,1HGCM56G100292,2024-05-17,Parts,4,3688.93,0,GBP,COMPLETED,Dealer
ORD-200544,C11236,1HGCM19M100818,2024-02-21,Service Plan,1,3932.68,0.1,usd,COMPLETED,Phone
ORD-201121,C11443,1HGCM74U100150,2024-03-19,Service Plan,4,320.72,0.1,USD,Cancelled,Phone
ORD-201596,C10409,1HGCM49P100353,2024/07/21,Parts,1,2159.91,10,USD,shipped,Online
ORD-203724,C10981,1HGCM51K100140,2024-06-03,Accessories,2,1014.02,5,USD,COMPLETED,Online
ORD-202142,C10581,1HGCM13B100729,2023-02-18,Vehicle,1,2286.99,10,usd,COMPLETED,Dealer
ORD-201667,C11039,1HGCM27Q100250,"Oct 01, 2023",Accessories,1,757.36,10,EUR,completed,Phone
ORD-202923,C10957,1HGCM25J100867,2024-05-18,Warranty,4,,5,USD,Completed,Phone
ORD-200326,C10390,1HGCM46L100453,2023-08-01,Parts,3,2536.75,0.1,GBP,Shipped,Dealer
ORD-203469,C10268,,20-08-2023,Service Plan,4,2360.90,15%,GBP,shipped,Dealer
ORD-201614,C10769,1HGCM22Q100198,"Mar 04, 2024",Warranty,3,"$3,503.85",0,GBP,Cancelled,Dealer
ORD-202317,C11264,,2024-06-11,Parts,1,815.27,15%,USD,Cancelled,Dealer
ORD-200029,C10012,1HGCM94D100185,2023-06-22,Parts,2,592.17,0,usd,Shipped,online
ORD-201463,C10266,1HGCM76D100601,2023-11-12,Service Plan,1,2201.07,0,GBP,Completed,Phone
ORD-203768,C11002,,06/29/2024,Warranty,3,2233.47,,USD,COMPLETED,Online
ORD-203359,C10810,,2024-01-03,Vehicle,4,2162.21,0.1,USD,Canceled,Dealer
ORD-203166,C10140,1HGCM86A100286,2023/12/13,Accessories,1,"$1,816.33",,USD,Cancelled,Phone
ORD-201781,C10609,,2024-01-19,Accessories,1,1172.57,0,GBP,Shipped,online
ORD-202544,C10950,,2024-01-05,Vehicle,1,3052.96,5,USD,COMPLETED,Dealer
ORD-200030, c11327,1HGCM32Q100016,2023-10-08,Service Plan,4,-4229.71,10,GBP,Completed,Dealer
ORD-203003,C10482,1HGCM35L100271,2024-01-12,Parts,1,2260.98,10,usd,Completed,Dealer
ORD-203699,C10779,1HGCM44K100010,2024-01-14,Accessories,1,2299.40,0,usd,shipped,Dealer
ORD-201400,C10563,1HGCM43E100654,22 May 2024,Accessories,4,3761.22,5,GBP,Canceled,online
ORD-202022,C10737,,2023-08-05,Service Plan,1,3276.15,0,USD,Completed,online
ORD-200565,C10769,1HGCM14G100084,2023-08-26,Warranty,2,930.49,0.1,USD,shipped,online
ORD-200902,C10427,1HGCM26D100107,2023-01-10,Parts,3,,0,USD,completed,Dealer
ORD-202086,C10600,1HGCM96D100835,17-01-2024,Service Plan,2,3457.34,0.1,USD,Pending,Phone
ORD-201693,C10884,1HGCM67P100015,2024-08-11,Warranty,3,$398.51,0,GBP,completed,Phone
ORD-200034,C10259,,2023-03-31,Parts,2,237.15,0,USD,COMPLETED,Phone
ORD-201378,C10016,1HGCM66K100842,2023-02-24,Accessories,1,4413.73,5,usd,shipped,online
ORD-204021,C10234,1HGCM42U100384,2024-06-14,Parts,2,3815.75,10,GBP,Shipped,Online
ORD-202703,C11351,,2024-06-26,Accessories,1,3055.03,0.1,GBP,COMPLETED,online
ORD-201167,C11045,1HGCM66T100045,2023-05-28,Accessories,1,4586.38,0,EUR,COMPLETED,Online
ORD-201850,C10437,1HGCM73P100743,"Aug 05, 2023",Accessories,1,,10,GBP,completed,Online
ORD-200057,C10320,1HGCM30H100319,"May 05, 2023",Vehicle,1,2268.02,10,usd,shipped,Dealer
ORD-200113,C10581,,2023/12/25,Vehicle,2,"$3,597.04",,GBP,Shipped,Phone
ORD-202796,C10663,1HGCM35X100621,2024-01-14,Service Plan,1,4337.29,5,usd,COMPLETED,online
ORD-200176,C10190,1HGCM50W100672,2023-01-15,Vehicle,1,700.78,,USD,COMPLETED,Phone
ORD-202629,C10182,,2024-07-15,Accessories,1,1064.21,,USD,Pending,Dealer
ORD-204059,C10820,1HGCM76E100706,"Jul 06, 2024",Warranty,1,2835.58,0.1,USD,shipped,online
ORD-203255,C11316,1HGCM61X100101,2023-01-19,Service Plan,4,2136.57,10,usd,Cancelled,online
ORD-202903, c10702,,2024-03-14,Accessories,1,128.08,,EUR,Canceled,Phone
ORD-201293,C10373,1HGCM48K100634,2023-03-04,Vehicle,4,1491.50,5,EUR,Canceled,Phone
ORD-203627,C11256,,2024-04-11,Service Plan,2,4535.11,5,USD,COMPLETED,Dealer
ORD-202173,C10438,,06/13/2023,Parts,2,2121.57,0.1,EUR,Pending,Phone
ORD-203079,C10287,,2023-02-27,Warranty,1,3973.61,10,USD,Pending,Phone
ORD-202698,C10224,1HGCM23R100615,2023-08-07,Parts,1,2515.98,10,GBP,Completed,Online
ORD-200516,C10460,1HGCM81H100683,2024-01-02,Accessories,1,366.53,5,GBP,Pending,online
ORD-201612,C11482,1HGCM17O100872,2023/06/08,Vehicle,2,3406.78,5,EUR,Shipped,Online
ORD-200274,C10028,1HGCM16T100071,"Nov 12, 2023",Parts,1,2300.16,,usd,Cancelled,Online
ORD-202375,C10159,1HGCM92E100602,2024-03-11,Warranty,4,2533.91,10,GBP,Pending,Dealer
ORD-203671,C10355,,2024-04-01,Parts,1,3420.27,,USD,Pending,Online
ORD-202498,C10247,1HGCM91F100603,02/01/2023,Parts,3,2092.45,,GBP,Cancelled,Dealer
ORD-200022,C10101,1HGCM84K100504,"Nov 25, 2023",Warranty,1,2095.31,5,USD,Pending,Phone
ORD-201748,C11002,,2023-02-09,Service Plan,1,1702.01,10,usd,Canceled,online
ORD-203447,C10694,1HGCM38D100003,2024-06-14,Vehicle,2,1647.02,0.1,usd,COMPLETED,Dealer
ORD-202960,C10790,1HGCM61H100449,2023-03-24,Vehicle,4,1319.79,5,USD,Canceled,Dealer
ORD-200392,C10293,1HGCM34I100398,2024-04-08,Parts,1,2237.14,0,GBP,shipped,Dealer
ORD-200363,C10894,1HGCM89R100355,2023-03-13,Service Plan,1,701.65,5,EUR,Completed,Dealer
ORD-201530,C10116,1HGCM88K100530,2023-06-03,Service Plan,4,3236.92,0,usd,Cancelled,Phone
ORD-200776,C11499,,2023/11/23,Warranty,1,663.00,5,EUR,completed,online
ORD-202155,C10875,1HGCM22P100691,"Aug 25, 2023",Vehicle,1,,5,USD,completed,online
ORD-200545,C10438,1HGCM16C100288,2024-01-02,Service Plan,1,4456.63,0.1,USD,Cancelled,Dealer
ORD-201498,C10311,1HGCM27A100000,2024-06-27,Parts,1,1186.63,5,USD,Pending,Phone
ORD-203029, c10393,1HGCM94M100688,2023-11-16,Parts,1,"$1,919.09",5,USD,Cancelled,Phone
ORD-203280,C10881,,2024-06-25,Warranty,3,4018.49,5,USD,COMPLETED,online
ORD-200469,C10556,,2024-03-15,Warranty,3,2247.41,5,GBP,completed,online
ORD-200208,C10675,1HGCM90B100209,2023-03-03,Accessories,1,3813.14,10,usd,COMPLETED,Online
ORD-203879,C10201,1HGCM16K100192,2023-04-08,Service Plan,1,2918.05,,USD,Cancelled,online
ORD-203654,C10866,1HGCM36H100085,09/18/2023,Warranty,2,2456.41,,usd,shipped,online
ORD-202949,C10766,1HGCM81Y100882,2023-04-02,Warranty,2,353.36,15%,GBP,Canceled,online
ORD-200107,C10097,1HGCM84G100032,2024-05-31,Warranty,1,714.75,,GBP,shipped,Online
ORD-201375,C11285,1HGCM76N100403,2024-01-19,Service Plan,2,2801.57,5,USD,Canceled,Online
ORD-203474,C11135,1HGCM92C100314,2023/12/29,Vehicle,4,1869.54,0.1,EUR,shipped,Dealer
ORD-200209,C10491,1HGCM88V100177,2023-09-26,Service Plan,2,"$3,916.00",0,USD,Shipped,Online
ORD-201587,C10724,1HGCM10K100036,"Jun 23, 2023",Accessories,1,,,GBP,shipped,online
ORD-200676,C98016,1HGCM83Z100623,2023-10-21,Parts,2,4533.75,15%,GBP,Completed,Online
ORD-201380,C10648,1HGCM20F100499,2024-06-07,Service Plan,3,2402.46,10,usd,Pending,Phone
ORD-201234,C10991,1HGCM35X100777,2024-01-15,Service Plan,3,4269.20,0,EUR,Cancelled,Dealer
ORD-200078,C11439,,2024-03-18,Warranty,2,3052.30,10,EUR,completed,Phone
ORD-202039,C10505,1HGCM35K100478,2023-04-13,Warranty,1,1120.46,10,USD,shipped,online
ORD-204049,C10808,,"Dec 09, 2023",Parts,1,3909.53,5,USD,Cancelled,Dealer
ORD-203766,C10618,1HGCM37S100434,2023-08-21,Service Plan,1,$512.68,15%,USD,Shipped,Dealer
ORD-203096,C10087,1HGCM25Z100597,2023-04-26,Service Plan,3,3952.23,5,USD,COMPLETED,Online
ORD-203100,C10901,,2024-05-29,Accessories,1,1979.91,0,USD,Canceled,Phone
ORD-202336,C10312,,2023-02-04,Parts,1,2228.00,15%,USD,Cancelled,online
ORD-201829,C11418,1HGCM66C100054,2023-10-07,Warranty,4,1239.71,0,USD,Canceled,Phone
ORD-202129,C10669,1HGCM99Z100753,2023-10-25,Warranty,1,4303.37,0,GBP,Canceled,Online
ORD-203919,C10636,1HGCM13C100808,2023-06-03,Vehicle,2,3822.91,15%,GBP,Pending,Online
ORD-202494,C10156,1HGCM44K100894,2024-02-24,Service Plan,3,2677.93,15%,USD,Canceled,Phone
ORD-202088,C10197,1HGCM65U100436,2023-07-10,Vehicle,2,"$1,844.25",,usd,Completed,Dealer
ORD-202010,C10502,1HGCM48K100634,2023-03-17,Vehicle,4,1841.39,0,USD,Shipped,Dealer
ORD-203921,C10019,1HGCM94V100879,2023-02-24,Warranty,1,"$1,146.55",,usd,Shipped,Phone
ORD-200731,C11364,,2023-07-14,Accessories,3,$932.76,10,USD,Cancelled,Phone
ORD-200390,C10249,1HGCM39O100638,2024-08-05,Vehicle,3,1470.14,5,USD,Canceled,Online
ORD-203168,C10455,1HGCM83H100709,2023-07-08,Accessories,2,509.98,0,USD,Completed,online
ORD-202182,C10913,1HGCM33W100464,"Mar 12, 2023",Vehicle,1,3583.88,15%,USD,Canceled,Dealer
ORD-200455,C10304,1HGCM15C100834,2023-04-13,Vehicle,1,3077.96,5,GBP,completed,Online
ORD-201374,C90904,1HGCM63I100476,2023-12-26,Warranty,4,$921.23,,USD,shipped,Dealer
ORD-202549,C10807,,01 Jan 2023,Parts,1,2154.72,0.1,usd,Canceled,Online
ORD-201426,C11112,1HGCM97E100160,2023-03-21,Service Plan,1,411.91,5,USD,Cancelled,Phone
ORD-203468,C10794,1HGCM36B100287,2024-07-14,Accessories,2,"$2,891.16",,EUR,COMPLETED,Dealer
ORD-203292,C10290,1HGCM94M100688,2024/03/05,Parts,3,"$4,619.03",15%,GBP,completed,Online
ORD-202532,C10033,1HGCM66U100410,2024-03-07,Parts,1,2186.19,0,USD,shipped,online
ORD-202065,C10165,1HGCM10K100036,2023-02-10,Parts,3,486.73,5,USD,completed,Online
ORD-200454,C10297,1HGCM26D100107,29-06-2024,Vehicle,4,3941.72,10,USD,shipped,Dealer
ORD-202310,C10587,1HGCM26G100682,2023-03-27,Parts,1,"$2,084.96",0,USD,shipped,Phone
ORD-201723,C11117,1HGCM48K100634,2024-05-08,Service Plan,3,3251.63,0.1,usd,Shipped,Phone
ORD-200808,C11379,1HGCM85S100278,2024/08/21,Accessories,2,808.91,,USD,Shipped,online
ORD-200142,C10556,1HGCM77X100673,2024-03-21,Accessories,4,113.72,15%,USD,Canceled,online
ORD-200862,C10198,1HGCM97Y100284,2023-09-17,Warranty,2,4222.19,10,USD,Shipped,Online
ORD-203109,C10435,1HGCM89I100788,2023-02-11,Vehicle,1,3910.35,10,USD,shipped,Phone
ORD-203864,C11411,1HGCM16K100192,2023-09-28,Parts,2,119.19,5,EUR,Shipped,Phone
ORD-203858,C11163,1HGCM28Y100700,2023-09-20,Warranty,1,"$3,375.16",0.1,USD,Cancelled,online
ORD-200908,C10707,1HGCM43V100697,"Apr 21, 2024",Accessories,1,3738.00,,USD,Pending,Phone
ORD-201019,C10525,1HGCM46Z100857,2024-05-11,Vehicle,1,891.06,0,USD,completed,online
ORD-201137,C11128,1HGCM43R100693,2024-06-06,Accessories,1,2756.24,0,GBP,Canceled,online
ORD-201984,C10958,1HGCM85L100089,2024-04-29,Parts,1,4702.32,0,GBP,Shipped,online
ORD-204018,C11219,1HGCM73U100826,2023-12-14,Accessories,1,2723.17,10,GBP,shipped,Phone
ORD-200158,C10392,1HGCM40E100732,15-10-2023,Service Plan,2,51.08,10,usd,Pending,Dealer
ORD-204192,C10914,1HGCM83B100521,2024-03-11,Parts,2,1066.29,0.1,GBP,completed,online
ORD-203407,C10938,,2023-09-12,Vehicle,2,373.39,0,EUR,Canceled,online
ORD-203787,C10924,1HGCM78D100445,2023-01-23,Accessories,4,2930.69,0,GBP,Shipped,online
ORD-203045,C10270,1HGCM27U100774,2023-08-20,Accessories,1,2961.72,0,USD,Shipped,Phone
ORD-200958,C10744,1HGCM28D100237,2023-11-30,Service Plan,1,1658.53,,USD,Canceled,Online
ORD-202932,C10414,1HGCM42R100199,2023-08-09,Vehicle,1,2568.71,0,USD,Completed,Phone
ORD-202285,C10719,1HGCM94Q100146,2024-05-30,Warranty,3,922.04,0.1,GBP,Canceled,Phone
ORD-203933,C10980,,02/28/2024,Warranty,1,123.62,15%,USD,completed,Online
ORD-200042,C11174,1HGCM90J100503,2024-02-04,Service Plan,2,"$1,387.73",15%,GBP,Pending,Online
ORD-201523,C10808,1HGCM37D100887,2023-01-10,Vehicle,2,2705.79,10,USD,Canceled,Dealer
ORD-201631,C11086,1HGCM74H100787,07-04-2023,Warranty,2,3800.22,,USD,completed,online
ORD-200329,C10886,,2024-04-28,Vehicle,1,2705.95,,USD,Cancelled,Dealer
ORD-201860,C10936,1HGCM19L100323,2024-05-25,Vehicle,2,4459.89,0,GBP,completed,Dealer
ORD-204044,C10100,1HGCM68W100230,2023-05-03,Parts,4,135.70,10,GBP,Pending,Dealer
ORD-200312,C10254,1HGCM43I100502,2023-09-04,Vehicle,1,2423.08,5,usd,COMPLETED,Phone
ORD-200396,C11355,,2023-08-13,Accessories,1,4219.42,15%,GBP,shipped,Phone
ORD-201522,C11434,1HGCM10W100594,2023-07-27,Accessories,3,2627.90,0.1,EUR,COMPLETED,Dealer
ORD-200553,C10546,1HGCM53V100203,2023-01-12,Warranty,1,"$3,711.66",,usd,Shipped,Dealer
ORD-203675, c10722,1HGCM96N100845,2024-04-27,Service Plan,1,3856.61,10,USD,completed,Online
ORD-203790,C11037,1HGCM60D100263,07/04/2023,Service Plan,1,4521.25,,usd,Pending,online
ORD-202878,C11322,1HGCM90P100431,2023-06-05,Parts,3,"$1,954.00",0,USD,Shipped,Online
ORD-204066, c10997,1HGCM45L100687,2024-02-17,Vehicle,3,3331.16,15%,usd,COMPLETED,online
ORD-201619,C11420,,2024-02-04,Accessories,1,831.34,15%,EUR,shipped,Phone
ORD-203098,C10361,1HGCM70M100064,2023-05-05,Warranty,1,"$2,787.49",,USD,COMPLETED,Online
ORD-203666,C11123,1HGCM18D100783,2023-03-03,Accessories,1,$889.64,,USD,Cancelled,online
ORD-203236,C10897,1HGCM22Y100154,2023-01-01,Parts,2,1192.27,0.1,USD,Canceled,Online
ORD-201018,C11427,1HGCM30H100319,2023-08-21,Warranty,2,2266.91,5,USD,Shipped,online
ORD-203363,C10592,1HGCM27A100598,2023-10-07,Parts,3,1249.22,5,usd,shipped,Dealer
ORD-201323,C11076,1HGCM60L100479,"Apr 01, 2023",Warranty,1,3860.10,15%,usd,Shipped,online
ORD-200167,C10399,1HGCM87Y100830,2023-05-11,Warranty,3,"$1,193.50",,EUR,Canceled,Online
ORD-201976,C11123,1HGCM62S100226,2023-09-24,Warranty,2,185.01,0,USD,Canceled,Online
ORD-201444,C10850,,2023-09-15,Service Plan,4,1621.50,0,USD,Shipped,Phone
ORD-203347,C10236,1HGCM23E100784,2023-07-30,Vehicle,1,224.55,15%,USD,Cancelled,Dealer
ORD-201641,C11077,1HGCM67P100015,2023-08-14,Vehicle,1,4477.36,,usd,Pending,Phone
ORD-201831,C10565,,2024-02-20,Vehicle,1,2052.42,15%,GBP,Pending,online
ORD-202156, c11250,1HGCM20I100008,"Jan 16, 2024",Accessories,2,4300.86,0,USD,Pending,Online
ORD-201173,C11065,1HGCM76N100403,2023-06-03,Parts,2,1422.95,10,USD,Cancelled,Phone
ORD-203796,C11069,1HGCM24Y100752,2024-08-02,Vehicle,1,2618.78,0,EUR,Cancelled,Dealer
ORD-203888,C10513,1HGCM53M100480,2024-05-11,Service Plan,1,4466.83,,EUR,Completed,Dealer
ORD-200140,C11199,1HGCM13B100729,2024-06-15,Vehicle,1,3211.96,0,USD,Completed,Dealer
ORD-200798,C11404,1HGCM56M100220,20 Jun 2024,Service Plan,3,2080.67,0,USD,Cancelled,Online
ORD-203509,C10071,1HGCM47N100429,2024-05-14,Warranty,4,378.47,0.1,USD,COMPLETED,Online
ORD-201541,C10789,,2024-06-10,Accessories,4,"$3,705.89",10,usd,Shipped,Dealer
ORD-202163,C10267,,2023-12-29,Parts,1,$280.92,10,usd,Shipped,Online
ORD-201111,C10682,,2024-07-10,Accessories,2,3673.71,0,USD,Canceled,Online
ORD-201055,C11279,1HGCM27Q100250,2023-01-02,Accessories,1,"$4,217.53",0,EUR,Completed,Dealer
ORD-203412,C10773,1HGCM90J100503,2024-04-27,Parts,2,927.70,,USD,completed,Online
ORD-201427,C10438,1HGCM77Z100259,2023-08-23,Vehicle,1,"$3,405.29",5,EUR,Shipped,Dealer
ORD-203089,C10896,1HGCM34B100599,2023-08-21,Accessories,1,1144.76,0.1,usd,Shipped,Dealer
ORD-201107,C10499,,2023/10/03,Vehicle,1,548.38,5,USD,Canceled,Dealer
ORD-200807,C10223,,2024-03-21,Service Plan,3,,0.1,USD,Cancelled,Online
ORD-203133,C10507,,2023-08-06,Vehicle,1,2249.06,0.1,USD,shipped,Phone
ORD-200443,C10968,1HGCM61I100320,2023-01-10,Accessories,1,3231.19,5,USD,Canceled,online
ORD-200459,C11232,1HGCM42W100698,2023-06-03,Accessories,2,1783.23,10,USD,Pending,Dealer
ORD-202005,C10160,1HGCM48G100136,2023-06-11,Service Plan,1,1300.76,15%,USD,shipped,online
ORD-200912,C11091,1HGCM20K100660,2023-11-15,Vehicle,4,180.40,5,USD,Completed,Phone
ORD-203721,C11137,1HGCM48K100634,2023-11-19,Service Plan,1,1671.83,5,EUR,Pending,Online
ORD-200304,C11149,1HGCM88V100177,2023-07-09,Vehicle,1,3110.59,,USD,Canceled,Phone
ORD-202180,C11185,1HGCM16J100373,2023-05-26,Vehicle,4,685.58,,usd,Canceled,Dealer
ORD-201069,C10612,1HGCM48T100383,2024-05-17,Vehicle,2,143.81,,EUR,shipped,online
ORD-200481,C11335,,2024-05-01,Vehicle,4,"$2,007.36",5,USD,Completed,Dealer
ORD-201690,C11248,1HGCM68S100876,2023-12-08,Warranty,2,2391.67,0,USD,COMPLETED,Dealer
ORD-201478,C10512,1HGCM86L100505,2024-01-08,Vehicle,1,850.82,0,EUR,Cancelled,Phone
ORD-202728,C97855,1HGCM49U100046,2024-01-11,Accessories,1,608.49,15%,USD,Shipped,Dealer
ORD-200611,C10908,1HGCM43Z100571,2024-07-10,Accessories,1,4179.65,15%,EUR,shipped,Dealer
ORD-202000,C10636,1HGCM89J100633,2024-04-28,Parts,1,4066.19,0.1,usd,Cancelled,online
ORD-201065,C10680,,2024-08-02,Parts,2,597.27,,USD,completed,online
ORD-201917,C10321,1HGCM30K100374,2024-01-09,Vehicle,1,2004.38,5,USD,Completed,online
ORD-203798,C11450,1HGCM46E100810,2023-11-11,Accessories,2,291.21,10,USD,Cancelled,online
ORD-203582,C10051,,2023-11-23,Accessories,3,3436.30,0,usd,completed,online
ORD-200949,C10560,1HGCM87A100624,2024-06-01,Accessories,1,"$3,612.76",0,usd,COMPLETED,Phone
ORD-200833,C11479,,2024-03-07,Accessories,1,1826.08,,USD,Cancelled,Phone
ORD-200809,C10588,1HGCM25A100416,2024/07/16,Service Plan,2,$278.42,15%,USD,shipped,Dealer
ORD-203501,C10788,1HGCM23H100605,2024/06/30,Warranty,1,2591.39,5,USD,shipped,Dealer
ORD-203309,C11042,1HGCM64Q100432,2023-03-28,Parts,1,3312.37,,GBP,Pending,Dealer
ORD-201210,C11271,1HGCM73B100157,2024-07-14,Service Plan,1,832.80,5,USD,Pending,Dealer
ORD-201277,C11358,1HGCM16K100192,2023-10-22,Accessories,1,2988.52,0.1,EUR,Pending,Online
ORD-203643,C10124,1HGCM35X100621,2024-06-11,Warranty,1,$418.60,0.1,EUR,Cancelled,Phone
ORD-202454,C10440,,19-04-2024,Parts,1,1147.98,,USD,Completed,Phone
ORD-200688,C10293,,05/05/2024,Parts,1,1916.30,10,USD,shipped,online
ORD-203523,C10466,1HGCM20Q100588,2023-10-17,Warranty,1,3979.22,0.1,USD,Cancelled,Dealer
ORD-202512,C10626,1HGCM30M100740,2023-09-26,Vehicle,4,4502.67,0.1,GBP,shipped,online
ORD-201799,C11038,1HGCM10H100397,2024-02-06,Service Plan,1,"$1,600.35",15%,EUR,completed,Online
ORD-202484,C11416,1HGCM96K100868,2023-09-03,Parts,3,2394.96,5,USD,Completed,online
ORD-200916,C10014,1HGCM43G100786,2024-02-23,Warranty,2,3757.91,10,USD,shipped,online
ORD-201489,C10666,1HGCM69M100350,01 May 2023,Parts,1,3211.36,0.1,usd,Pending,online
ORD-200278,C11463,1HGCM28S100304,11/22/2023,Service Plan,1,1196.66,0.1,USD,Cancelled,online
ORD-203405,C10857,,15-06-2024,Accessories,3,$860.67,10,GBP,shipped,Phone
ORD-200856,C11314,1HGCM52V100255,25-07-2023,Parts,2,"$4,242.89",0,USD,Shipped,Dealer
ORD-200500,C11053,1HGCM17H100007,2024-02-22,Service Plan,2,4276.37,10,USD,Completed,Phone
ORD-204186,C11167,,2023-09-04,Accessories,1,4717.70,0,EUR,Cancelled,Dealer
ORD-203898,C10576,1HGCM28U100670,2023-07-27,Service Plan,1,3381.33,15%,USD,Canceled,Phone
ORD-201367,C10854,1HGCM83D100679,2024-06-27,Vehicle,2,414.78,,EUR,completed,Phone
ORD-200120,C11436,1HGCM11O100092,2023-11-30,Vehicle,1,2670.05,15%,USD,Canceled,online
ORD-201319,C10652,1HGCM62O100586,2024-05-13,Warranty,1,3690.90,0,EUR,Canceled,online
ORD-201937,C10985,,2023-08-23,Parts,2,64.13,10,USD,COMPLETED,Online
ORD-202505,C11207,1HGCM76G100318,2024-07-03,Service Plan,1,"$2,962.43",,USD,Cancelled,online
ORD-203588,C10446,1HGCM87A100572,2024-07-09,Accessories,4,4759.99,0.1,usd,Canceled,Online
ORD-200647,C11254,1HGCM58S100850,2024/06/14,Warranty,4,732.47,0.1,usd,Canceled,Online
ORD-200430,C10255,1HGCM22F100629,08-08-2024,Vehicle,1,3300.72,,USD,shipped,Online
ORD-202891,C11110,1HGCM63T100201,18-02-2024,Parts,1,3702.68,,usd,completed,Phone
ORD-200559,C10839,1HGCM17M100168,2023-09-10,Service Plan,2,1151.06,0.1,USD,COMPLETED,online
ORD-201211,C11011,1HGCM17M100168,2024-03-05,Warranty,4,4431.43,0.1,EUR,Pending,Phone
ORD-200568,C10106,,2024-06-17,Parts,4,138.69,10,USD,Completed,Dealer
ORD-203685,C10599,1HGCM98Z100207,2023-07-20,Service Plan,4,4286.50,10,GBP,Pending,online
ORD-204172,C11152,1HGCM93C100522,2023-07-23,Vehicle,1,2646.39,5,GBP,Shipped,Dealer
ORD-203274, c10794,1HGCM64Q100432,2023/09/20,Accessories,1,"$2,902.52",0,usd,Canceled,Phone
ORD-201334,C10793,1HGCM96R100251,2024-07-09,Warranty,3,4770.11,10,USD,completed,Phone
ORD-203321,C10036,1HGCM80C100886,2023-02-04,Vehicle,1,2819.32,15%,USD,shipped,online
ORD-200480,C10526,1HGCM33J100685,2023-10-10,Accessories,4,"$4,500.99",15%,USD,completed,Phone
ORD-200399,C10623,1HGCM52V100255,02 Sep 2023,Parts,2,919.56,0,GBP,shipped,Online
ORD-201150,C10591,1HGCM46T100357,2023-11-11,Service Plan,1,3834.69,,GBP,Cancelled,Online
ORD-202502,C10523,1HGCM70R100407,2023-05-13,Accessories,1,3202.84,10,USD,Shipped,Dealer
ORD-200921,C11350,1HGCM86F100421,2023-03-26,Accessories,1,2476.38,,USD,COMPLETED,Phone
ORD-200285,C10280,1HGCM59Z100779,2023-04-17,Warranty,1,2392.53,5,USD,completed,Dealer
ORD-202486,C95582,1HGCM25Z100597,2023-01-30,Warranty,4,3043.84,,USD,Shipped,online
ORD-202348,C10315,,2024-07-11,Accessories,1,3190.55,15%,USD,completed,Phone
ORD-202007,C10491,1HGCM13W100074,2024-04-14,Parts,1,"$2,068.67",,usd,COMPLETED,online
ORD-203470,C10361,1HGCM12J100269,2024-08-12,Vehicle,3,435.16,5,usd,shipped,Phone
ORD-203668,C11108,1HGCM94M100688,2023-08-26,Vehicle,4,1439.58,,USD,Canceled,Online
ORD-204114,C11301,,2024-05-10,Accessories,3,1427.01,15%,GBP,Pending,Dealer
ORD-204149,C10428,1HGCM14I100346,"May 19, 2023",Warranty,4,3762.88,,USD,COMPLETED,Online
ORD-202138,C10298,1HGCM26D100107,2024/01/17,Accessories,4,4305.49,,USD,Completed,Phone
ORD-201835,C10849,,"Aug 25, 2023",Warranty,3,4081.78,10,USD,Completed,online
ORD-202185,C10555,1HGCM89T100097,2024-08-03,Warranty,2,2006.95,5,USD,Pending,Phone
ORD-201669,C10726,1HGCM80Z100337,2024-05-02,Warranty,3,2573.83,0.1,USD,COMPLETED,online
ORD-201468,C10777,1HGCM83O100508,2023-02-06,Warranty,1,"$1,876.80",0.1,GBP,completed,Phone
ORD-201811,C11202,1HGCM57P100223,18-06-2023,Vehicle,2,$522.74,10,usd,Shipped,Online
ORD-200460,C10926,1HGCM17I100034,2024-02-19,Vehicle,1,"$2,020.43",0.1,USD,Completed,online
ORD-202939,C11012,1HGCM17M100090,2023-02-21,Vehicle,4,1058.32,,usd,Canceled,Phone
ORD-202035,C10499,1HGCM50P100561,2023-06-29,Vehicle,1,3857.11,15%,GBP,Completed,Dealer
ORD-202596,C10189,1HGCM17M100090,2023-02-16,Warranty,1,4371.77,,usd,Shipped,Online
ORD-203618,C10884,1HGCM47B100027,2023-01-27,Warranty,3,1970.07,15%,USD,shipped,Dealer
ORD-201343,C10145,1HGCM13G100110,2023-04-08,Vehicle,2,2760.99,5,EUR,COMPLETED,Online
ORD-203991,C11485,1HGCM81R100433,2024-03-04,Warranty,2,"$3,224.23",15%,GBP,Pending,Online
ORD-202017,C10346,1HGCM88K100530,2024-06-08,Vehicle,3,3665.69,5,EUR,Canceled,Online
ORD-200054,C11492,1HGCM47C100574,2023-11-02,Service Plan,1,861.86,0,USD,completed,Phone
ORD-201243,C11202,,2024/03/01,Service Plan,1,4079.85,,EUR,Shipped,Dealer
ORD-201459,C10840,,2023-06-07,Service Plan,1,2210.90,,USD,COMPLETED,Phone
ORD-200698,C11080,1HGCM44O100664,2023-03-18,Parts,4,"$1,187.72",5,usd,Pending,Dealer
ORD-200658,C11040,,2023-03-13,Accessories,1,3266.57,,USD,Completed,online
ORD-201923,C10549,,2023-07-08,Accessories,4,3889.28,0.1,EUR,COMPLETED,Dealer
ORD-201003,C10305,1HGCM42L100193,2024-08-10,Warranty,4,4467.97,5,usd,Pending,Dealer
ORD-200222,C11135,1HGCM88F100317,2024-03-30,Parts,3,3137.94,10,EUR,completed,Phone
ORD-202804,C11015,1HGCM43I100424,2024-06-17,Accessories,1,4747.95,,USD,Canceled,online
ORD-200708,C10181,1HGCM23G100006,2024-07-25,Service Plan,4,2607.70,5,USD,Canceled,Phone
ORD-201163,C11095,1HGCM30K100374,2023-03-25,Parts,1,3379.23,5,GBP,Completed,Phone
ORD-201540,C11155,,2023/01/09,Parts,3,1299.58,15%,USD,Canceled,Dealer
ORD-203170,C10845,1HGCM56U100332,07-01-2024,Warranty,2,1561.78,10,EUR,Shipped,online
ORD-203083,C10910,,2024-04-08,Parts,1,1996.64,15%,USD,Completed,online
ORD-203584,C11185,1HGCM43Y100050,2023/07/31,Accessories,2,1401.99,,USD,Shipped,online
ORD-201867,C10816,1HGCM12E100472,2023-09-09,Vehicle,2,3355.21,0,usd,Cancelled,Online
ORD-202412,C11497,1HGCM35A100338,2023-12-06,Vehicle,4,2504.48,0,GBP,COMPLETED,Dealer
ORD-203424,C10577,1HGCM33W100464,2023-06-15,Parts,1,3159.52,,USD,shipped,online
ORD-201094,C10768,1HGCM24X100413,2023/01/24,Warranty,3,2735.54,0,USD,Completed,Phone
ORD-201726,C10337,1HGCM71Q100822,2023-05-22,Parts,3,784.57,,EUR,COMPLETED,online
ORD-200397,C11083,1HGCM87H100111,2023-05-17,Warranty,3,"$1,399.15",15%,EUR,Completed,Phone
ORD-201486,C10844,1HGCM39R100381,2023/12/06,Parts,1,622.23,0,USD,Shipped,online
ORD-200095,C10561,1HGCM44P100899,2024-02-20,Service Plan,2,2463.72,10,EUR,completed,Dealer
ORD-201198,C10817,1HGCM90S100330,2023-12-09,Warranty,1,4112.96,5,EUR,Pending,Online
ORD-203542,C10054,1HGCM50X100335,2023-08-26,Service Plan,3,4438.43,15%,usd,Cancelled,online
ORD-200755,C10054,,2024-05-09,Vehicle,4,1699.41,10,EUR,Canceled,Phone
ORD-202423,C10396,1HGCM97R100485,2023-01-13,Parts,3,3656.81,0.1,EUR,completed,Dealer
ORD-200646,C10558,1HGCM46E100810,2024-04-20,Warranty,2,662.59,,USD,Completed,Online
ORD-202780,C10118,1HGCM27U100774,2023-05-31,Vehicle,1,4441.00,5,USD,shipped,Phone
ORD-200159,C10625,1HGCM54N100533,2023/12/03,Warranty,3,132.27,10,EUR,Canceled,Phone
ORD-200007,C10606,1HGCM76G100318,2024-04-27,Parts,1,2622.79,15%,USD,COMPLETED,Online
ORD-202559,C10376,1HGCM67B100547,2023-06-02,Service Plan,1,440.16,0,usd,completed,Dealer
ORD-200112,C10470,1HGCM95Z100129,2023-03-20,Warranty,1,3230.19,,EUR,Canceled,online
ORD-200514,C11142,1HGCM65C100262,2023-04-01,Parts,4,4437.17,,USD,Completed,Phone
ORD-203912,C11262,,20 Jun 2024,Vehicle,3,2138.47,0.1,USD,Pending,Phone
ORD-203205,C11293,1HGCM90K100816,2023-03-09,Warranty,1,$890.82,,EUR,Pending,online
ORD-203731,C11259,1HGCM64Q100692,2023-05-08,Vehicle,3,2070.11,,GBP,Pending,Online
ORD-200933,C10660,1HGCM51B100651,2023-04-11,Vehicle,1,2382.90,10,GBP,Completed,Online
ORD-202936,C11294,,2023-09-07,Vehicle,1,1786.43,,USD,Canceled,Phone
ORD-202235,C10037,1HGCM79F100369,30-01-2023,Warranty,2,3213.06,,usd,Shipped,Phone
ORD-202982,C11346,1HGCM49U100254,2023-07-06,Service Plan,3,4175.42,0,USD,Shipped,Online
ORD-200455,C10304,1HGCM15C100834,2023-04-13,Vehicle,1,3077.96,5,GBP,completed,Online
ORD-201458,C11492,1HGCM90L100115,2024-04-18,Warranty,4,1841.36,0.1,USD,shipped,Dealer
ORD-203750,C11301,1HGCM25E100056,2023-07-04,Accessories,4,1660.81,5,USD,Cancelled,Online
ORD-202979,C11225,,2023-03-09,Service Plan,4,$988.19,0.1,USD,COMPLETED,Phone
ORD-202269,C11248,,2024-04-20,Accessories,1,1351.85,,USD,Canceled,online
ORD-204159,C11457,1HGCM61F100291,2023-08-28,Accessories,4,"$3,562.34",,USD,Completed,online
ORD-203123,C10480,1HGCM20K100660,2024-03-30,Vehicle,3,1816.80,0.1,USD,shipped,online
ORD-203306,C11207,1HGCM82F100057,2023/05/12,Vehicle,3,258.52,0,USD,Shipped,Dealer
ORD-203974,C10015,1HGCM13G100110,2023-09-27,Warranty,1,2852.71,0.1,USD,Pending,online
ORD-201229,C10078,1HGCM81Z100545,2023-10-24,Vehicle,1,4242.19,,usd,Completed,online
ORD-200942,C10730,1HGCM91Y100596,"Mar 12, 2023",Warranty,1,241.67,15%,GBP,Pending,Phone
ORD-204089,C10709,1HGCM84Q100848,2023-06-28,Warranty,1,"$2,245.62",,EUR,Canceled,Dealer
ORD-202038,C11162,1HGCM89I100788,01/08/2023,Accessories,4,78.59,10,EUR,Cancelled,Phone
ORD-201961,C10379,1HGCM67R100173,2024/01/20,Parts,1,4768.38,0,GBP,completed,Dealer
ORD-202477,C10007,1HGCM87N100663,07-03-2023,Service Plan,3,2117.67,15%,USD,Shipped,Phone
ORD-200466,C10899,1HGCM18D100783,17-07-2023,Service Plan,1,818.58,,USD,completed,Dealer
ORD-200445,C10977,1HGCM66X100257,2023-02-28,Service Plan,1,1194.12,15%,USD,COMPLETED,Online
ORD-203035,C10108,1HGCM57W100412,2024-01-10,Parts,2,"$4,076.25",15%,usd,Shipped,Dealer
ORD-202872,C11441,1HGCM11G100734,"Feb 08, 2023",Service Plan,1,302.95,0,EUR,Cancelled,Online
ORD-203179,C10061,,2023-11-05,Warranty,1,"$4,338.87",0,USD,Completed,Online
ORD-201045,C11489,1HGCM44P100197,2023-06-26,Service Plan,1,2342.14,0,usd,completed,Online
ORD-201704,C10552,1HGCM97H100735,2023-01-08,Warranty,4,3745.09,10,usd,Canceled,Phone
ORD-203870,C10544,1HGCM97K100296,2023-04-02,Vehicle,1,"$3,450.03",0,USD,Shipped,Online
ORD-202506,C11438,,04 Jul 2023,Parts,4,"$2,819.36",0,usd,Cancelled,online
ORD-202773,C10837,1HGCM88J100087,2024-03-10,Service Plan,4,713.66,,EUR,Canceled,Online
ORD-201916,C10012,1HGCM87H100631,07/13/2023,Parts,1,4264.96,,GBP,shipped,Dealer
ORD-201819,C11406,1HGCM98V100645,07 Jun 2024,Warranty,3,1676.68,,usd,Canceled,Dealer
ORD-202190,C10133,1HGCM47E100264,21-11-2023,Parts,4,2021.65,15%,USD,Cancelled,Dealer
ORD-200302,C11013,1HGCM40R100303,2023-10-22,Parts,1,"$2,912.77",0.1,USD,Canceled,Phone
ORD-203451,C10102,1HGCM34J100815,2023-09-21,Vehicle,4,841.85,15%,usd,Cancelled,online
ORD-201220,C11198,1HGCM28I100658,2024-02-20,Service Plan,1,357.89,0.1,usd,Canceled,Dealer
ORD-203846,C10305,1HGCM87D100419,12-01-2024,Parts,1,$682.02,0.1,GBP,Canceled,online
ORD-203610,C10255,1HGCM27O100066,2023-03-21,Parts,1,2901.67,0.1,usd,Shipped,Dealer
ORD-202541,C11127,1HGCM40V100281,2023-03-01,Parts,2,"$3,835.79",15%,EUR,completed,Online
ORD-201309,C10420,,2023-07-12,Service Plan,4,3146.76,,USD,Cancelled,Dealer
ORD-200044,C10304,,2023-07-24,Service Plan,1,1369.50,0,USD,Shipped,online
ORD-203689,C10812,,2024-07-07,Service Plan,1,$433.29,0,USD,Canceled,online
ORD-202321,C10136,1HGCM77Z100259,2024-01-25,Vehicle,2,2549.00,15%,USD,Shipped,Dealer
ORD-202575,C10705,1HGCM24X100413,2024-03-21,Vehicle,4,421.51,0.1,USD,Completed,online
ORD-200146, c10528,1HGCM14O100846,2024-06-02,Vehicle,1,1725.76,5,usd,Pending,Dealer
ORD-203155,C10050,1HGCM97O100716,03 Apr 2023,Vehicle,1,2511.66,10,GBP,Cancelled,Online
ORD-202867,C10236,,"Aug 21, 2024",Accessories,1,664.93,10,USD,Shipped,Dealer
ORD-202799,C11450,1HGCM75Y100388,2023-01-10,Accessories,3,"$2,445.31",15%,USD,Completed,online
ORD-202167,C10345,,2024-07-23,Warranty,3,2058.43,0,usd,COMPLETED,Dealer
ORD-203107,C10547,1HGCM22L100245,2024/04/16,Warranty,1,1772.51,0,usd,Cancelled,online
ORD-200607,C10667,1HGCM89O100612,2023-09-16,Parts,1,3952.33,,usd,Pending,Online
ORD-202057,C11216,1HGCM36F100135,23-02-2023,Accessories,3,,15%,usd,Completed,Phone
ORD-200269,C11442,1HGCM10Q100068,2023-02-18,Accessories,1,"$3,488.85",10,GBP,completed,Online
ORD-204055,C11142,1HGCM56M100220,2023-10-30,Accessories,1,$512.75,5,USD,Completed,online
ORD-201493,C10927,,2023-10-24,Parts,4,4587.00,10,usd,completed,Online
ORD-204025,C10817,1HGCM86S100694,01/17/2023,Warranty,4,"$2,870.18",10,GBP,completed,Phone
ORD-201479,C10060,1HGCM43J100893,2023-04-02,Vehicle,2,409.28,5,USD,COMPLETED,online
ORD-203361,C11189,1HGCM87Y100830,2023-11-10,Accessories,1,1725.42,0.1,usd,shipped,Online
ORD-200013,C10787,1HGCM28D100237,2024-07-28,Service Plan,1,2540.37,10,GBP,COMPLETED,Dealer
ORD-200633,C10144,,2023-11-08,Accessories,1,4088.08,15%,EUR,Cancelled,Dealer
ORD-201927, c10257,1HGCM35X100777,2023-05-18,Warranty,3,2051.79,10,EUR,Cancelled,online
ORD-201842,C11312,1HGCM14G100084,2024-02-15,Parts,1,,0,usd,Completed,online
ORD-200964,C10014,1HGCM98U100176,2024-06-02,Parts,2,3908.77,0,USD,completed,Online
ORD-202050,C10525,,13-02-2024,Service Plan,1,2102.65,0,USD,Shipped,online
ORD-201632,C10014,1HGCM64Q100432,2024-02-07,Accessories,1,203.83,0,GBP,shipped,Phone
ORD-200944,C11474,1HGCM98M100558,2024-05-13,Service Plan,1,1748.99,0,USD,Canceled,Dealer
ORD-202196,C94899,,2024-03-29,Parts,3,2094.87,,usd,Shipped,online
ORD-201289,C11311,1HGCM41J100061,10/19/2023,Parts,4,4098.78,,EUR,shipped,Online
ORD-201948,C11289,1HGCM14O100846,2024-06-11,Parts,1,75.89,,USD,Completed,Online
ORD-200889,C10585,1HGCM10X100647,2023-01-26,Parts,4,"$4,195.39",0,USD,shipped,online
ORD-201987,C10319,1HGCM93C100678,25-02-2023,Accessories,3,214.10,0,GBP,Cancelled,online
ORD-202784,C11105,1HGCM50Y100128,2024/02/22,Accessories,1,1686.48,5,EUR,shipped,online
ORD-203285,C10774,1HGCM50J100009,2023-10-06,Vehicle,1,"$3,941.30",5,usd,Shipped,Dealer
ORD-201123,C10121,1HGCM74W100646,2023-08-26,Vehicle,4,4658.59,5,usd,Pending,Dealer
ORD-200946,C11086,1HGCM90K100816,19-04-2024,Warranty,1,3058.22,0,GBP,Completed,Dealer
ORD-200043,C10076,1HGCM16P100145,2024-07-22,Accessories,1,2743.90,15%,USD,completed,online
ORD-202981,C10606,1HGCM14D100081,2024-08-04,Accessories,4,84.19,15%,EUR,shipped,online
ORD-202901,C10174,,2023-07-26,Vehicle,1,1873.11,0,usd,Pending,Phone
ORD-202751,C11171,,2023-06-24,Service Plan,1,1614.55,15%,EUR,Pending,Phone
ORD-201221,C11221,1HGCM30I100606,2023-09-13,Service Plan,1,"$2,114.55",15%,USD,completed,online
ORD-200706,C10081,,2023-05-15,Warranty,3,32.22,15%,USD,Pending,online
ORD-203401,C10696,1HGCM63G100422,2024-07-05,Warranty,3,"$2,109.18",0,USD,COMPLETED,online
ORD-203819,C11187,1HGCM32B100339,2023-03-28,Service Plan,1,2036.88,0,EUR,Canceled,Dealer
ORD-203343, c10003,1HGCM75B100781,2023-01-05,Parts,2,4744.09,0,GBP,Completed,online
ORD-201665,C10847,1HGCM16F100863,20 Jan 2024,Warranty,1,1172.37,0.1,usd,Completed,Online
ORD-202691,C10171,,2024-01-14,Service Plan,1,3430.75,0,EUR,Shipped,Dealer
ORD-202009,C10670,,2024-07-08,Parts,3,506.39,10,EUR,completed,Phone
ORD-202431,C11424,1HGCM66A100468,2024-02-16,Warranty,4,2383.45,,USD,Canceled,online
ORD-201101,C11358,1HGCM27Q100250,2023-01-18,Parts,1,530.77,0.1,USD,Shipped,online
ORD-202381,C96589,1HGCM70W100880,05/27/2023,Warranty,3,1408.11,15%,USD,COMPLETED,Dealer
ORD-202811,C10370,,2023-12-27,Service Plan,1,4236.25,10,USD,Pending,Phone
ORD-201740,C10990,1HGCM81R100459,05-08-2023,Parts,1,269.42,15%,usd,Canceled,Phone
ORD-202913,C10314,1HGCM10W100594,23 Feb 2023,Parts,1,4310.75,10,USD,shipped,online
ORD-200873,C11168,,2023-07-05,Parts,2,2819.68,,USD,Completed,Online
ORD-202279,C10475,1HGCM81Y100882,2023-12-13,Warranty,2,1469.34,10,EUR,completed,Phone
ORD-200579,C10802,1HGCM98R100719,2023-04-18,Parts,1,1170.15,5,USD,COMPLETED,online
ORD-201857,C11227,,"Jan 26, 2024",Service Plan,4,"$1,254.91",,GBP,Shipped,online
ORD-202786,C10796,,2023-08-11,Vehicle,3,341.48,0,GBP,Completed,Phone
ORD-201332,C11164,1HGCM90J100503,2023-03-05,Vehicle,1,"$2,637.82",0,GBP,shipped,online
ORD-204054,C10095,1HGCM90J100503,2023-01-23,Parts,3,2100.72,0.1,EUR,Pending,Dealer
ORD-201970,C10584,1HGCM68H100423,2023/12/20,Vehicle,2,2176.46,0,USD,Completed,Phone
ORD-202850,C10707,1HGCM40D100029,2024-06-20,Service Plan,1,1975.83,0,EUR,Completed,Online
ORD-200296,C10912,1HGCM48Q100224,2023-05-17,Warranty,2,1276.89,0,USD,Pending,Online
ORD-201287,C10180,1HGCM87O100534,2023-04-13,Accessories,1,"$2,337.96",5,USD,Cancelled,Phone
ORD-201765,C10336,1HGCM92E100602,08/10/2024,Warranty,1,3123.34,0.1,USD,Canceled,Phone
ORD-203758,C10401,1HGCM44P100899,2023-02-24,Accessories,1,517.54,15%,USD,COMPLETED,online
ORD-200207,C10183,1HGCM53V100203,"Mar 21, 2024",Service Plan,2,1116.47,0.1,GBP,Canceled,online
ORD-200279,C10358,1HGCM26U100098,2023-06-22,Warranty,1,1934.46,5,USD,Cancelled,Phone
ORD-200853,C10248,,2023-02-19,Warranty,1,1794.29,15%,usd,Shipped,Online
ORD-202793,C10175,1HGCM25K100088,17-02-2023,Vehicle,2,116.38,,GBP,completed,Dealer
ORD-200250,C11086,1HGCM64T100825,2023-04-05,Service Plan,4,3732.87,5,USD,Cancelled,Online
ORD-203454,C10320,1HGCM69R100589,2023-01-02,Warranty,1,3800.37,5,USD,Shipped,online
ORD-201420,C11188,1HGCM81P100613,2023-02-17,Vehicle,2,3460.67,0,USD,COMPLETED,online
ORD-202468,C10045,1HGCM69M100350,2024-05-04,Accessories,1,29.98,0,USD,Pending,Dealer
ORD-204168,C10628,1HGCM98Y100648,2023-10-13,Service Plan,2,602.74,,EUR,Cancelled,Phone
ORD-201442,C10431,1HGCM51N100793,2023-02-21,Warranty,2,4394.79,15%,usd,Shipped,Phone
ORD-203027,C11319,,2024-03-10,Service Plan,1,492.37,15%,GBP,COMPLETED,online
ORD-203216,C10322,1HGCM52D100861,2024-06-05,Accessories,1,2788.77,5,USD,Shipped,Phone
ORD-201312,C10493,,2024-01-24,Vehicle,2,286.53,5,usd,Shipped,Phone
ORD-200141,C10696,1HGCM28W100386,"Aug 08, 2023",Service Plan,1,3970.38,0.1,USD,Completed,Phone
ORD-200239,C10111,,2024-03-06,Vehicle,3,3761.70,10,GBP,Canceled,online
ORD-201068,C11445,1HGCM32Y100518,2024-08-12,Service Plan,2,"$1,115.38",5,GBP,COMPLETED,Phone
ORD-201775,C10927,1HGCM27A100598,2024-05-27,Warranty,2,4580.37,15%,USD,Canceled,Dealer
ORD-200662,C11179,1HGCM62Y100570,2024-08-11,Service Plan,4,3741.49,10,EUR,completed,online
ORD-203845,C10476,1HGCM17Y100466,2024-03-12,Warranty,3,2357.55,,EUR,shipped,online
ORD-202560,C11398,,2024-04-15,Vehicle,1,4372.13,10,usd,COMPLETED,Phone
ORD-200246,C11438,1HGCM57W100412,2024-02-21,Parts,1,"$4,341.26",0,USD,Cancelled,Dealer
ORD-203836,C10529,1HGCM88O100014,09-03-2023,Vehicle,1,$812.57,0,usd,Canceled,Online
ORD-202597,C10339,1HGCM67P100015,2024-07-11,Vehicle,3,580.27,,GBP,completed,Online
ORD-204048,C10868,,2023-08-03,Accessories,3,3045.09,0,EUR,completed,Dealer
ORD-201610,C10182,,2023-01-31,Service Plan,1,"$2,300.99",0.1,EUR,shipped,Phone
ORD-202496,C11432,,2024-05-07,Accessories,1,4235.91,0,USD,Shipped,Online
ORD-203047,C10337,,2023-08-14,Warranty,1,$693.69,5,USD,shipped,Online
ORD-202278,C11020,1HGCM21L100843,2024-07-11,Accessories,3,3822.09,5,USD,Pending,Dealer
ORD-203833,C10615,1HGCM57S100564,13-12-2023,Warranty,1,3436.69,0,usd,completed,Dealer
ORD-201156,C10647,1HGCM86Y100622,2023-03-18,Warranty,1,1839.63,0.1,EUR,completed,Phone
ORD-201979,C10040,,2023-03-02,Service Plan,3,1303.80,0,GBP,Shipped,Phone
ORD-203664,C10479,1HGCM72P100483,2024-02-01,Service Plan,1,570.81,0,USD,Cancelled,Dealer
ORD-200339,C10476,1HGCM96G100344,2023-08-02,Parts,1,4476.99,,USD,Pending,Phone
ORD-203630,C10886,1HGCM50U100202,04 Aug 2024,Service Plan,3,"$3,474.30",5,EUR,Cancelled,Online
ORD-200886, c10523,1HGCM28C100236,2023-04-09,Accessories,1,"$3,356.91",5,usd,Cancelled,online
ORD-202332,C10178,,2023-10-13,Vehicle,2,2610.33,5,USD,Canceled,online
ORD-201197,C10981,1HGCM50Y100128,2023-08-04,Parts,2,4456.96,10,EUR,completed,Phone
ORD-201421,C10312,1HGCM75S100148,03-02-2023,Accessories,2,474.75,,GBP,Canceled,Phone
ORD-200306,C10803,,"Apr 30, 2024",Warranty,3,"$3,074.12",15%,GBP,Canceled,Online
ORD-202585,C10150,1HGCM93C100678,2023-08-16,Warranty,1,2701.37,10,USD,completed,online
ORD-203348,C10093,,2024-05-25,Parts,1,2837.59,5,USD,Cancelled,Dealer
ORD-202433,C10148,1HGCM10K100036,2023-04-05,Warranty,1,4749.12,,usd,Shipped,Phone
ORD-203515,C11117,,2023-05-17,Parts,1,245.64,15%,USD,COMPLETED,Dealer
ORD-201773,C10089,1HGCM18E100446,2023-01-21,Vehicle,2,3654.47,,USD,shipped,Online
ORD-203042,C10090,1HGCM39X100153,2024/04/20,Service Plan,3,"$4,261.80",0,USD,completed,Online
ORD-201946,C10951,1HGCM27U100748,2024/01/12,Warranty,1,"$4,587.34",10,GBP,completed,Phone
ORD-204110,C10694,1HGCM53N100871,21-05-2024,Accessories,3,1845.40,0,USD,Canceled,Dealer
ORD-200012,C10030,,2023-09-13,Vehicle,4,495.80,0.1,USD,completed,Dealer
ORD-200318,C10170,1HGCM24Y100752,2024-03-25,Service Plan,1,"$2,572.96",0.1,GBP,shipped,Dealer
ORD-202594,C10553,,"Jun 01, 2023",Warranty,2,2935.51,0,usd,COMPLETED,Dealer
ORD-202620,C10417,1HGCM21L100843,04 Jul 2023,Parts,4,1615.10,10,EUR,Cancelled,online
ORD-203916,C10536,1HGCM26S100200,2024-06-07,Service Plan,1,1440.52,5,USD,Shipped,Dealer
ORD-201853,C10198,1HGCM22Q100198,2023-09-12,Accessories,3,1056.71,0.1,EUR,Pending,Phone
ORD-201283,C10087,1HGCM76B100313,2024-08-13,Warranty,2,48.73,0.1,GBP,shipped,Dealer
ORD-201517, c11496,,2024-01-03,Vehicle,1,2353.35,15%,USD,shipped,Phone
ORD-204156,C10135,,2023-02-23,Parts,1,4095.06,5,USD,shipped,online
ORD-200116,C10128,1HGCM47C100574,10-10-2023,Accessories,1,743.00,15%,usd,shipped,Dealer
ORD-202397,C11155,1HGCM61G100370,2023-12-29,Warranty,3,3882.78,10,USD,completed,Dealer
ORD-200701,C10495,,2024-05-07,Warranty,1,4511.94,0,USD,COMPLETED,Online
ORD-203379,C10209,1HGCM87H100111,2024-01-09,Vehicle,1,2192.38,0.1,usd,completed,Dealer
ORD-202339,C11292,1HGCM97I100736,2023-07-27,Parts,1,2998.64,0,usd,Completed,Dealer
ORD-200667,C11004,1HGCM39I100190,2024-08-23,Accessories,4,4744.20,15%,usd,Cancelled,Online
ORD-202464,C10184,1HGCM65Z100883,10-05-2023,Vehicle,2,3759.44,10,USD,completed,Dealer
ORD-202527,C10952,1HGCM48G100136,2023-01-11,Warranty,4,2698.28,15%,USD,Shipped,online
ORD-201570,C10298,,2024-05-26,Vehicle,1,"$3,749.83",5,usd,Cancelled,online
ORD-202701,C11176,,30-09-2023,Service Plan,1,3312.39,10,USD,Canceled,Dealer
ORD-200852,C10732,1HGCM54L100297,2023-10-26,Warranty,1,3410.14,0.1,USD,Canceled,online
ORD-203663,C10770,1HGCM39R100225,2024-03-09,Warranty,3,3425.32,10,USD,shipped,Phone
ORD-203814,C10109,,"Jan 18, 2024",Service Plan,1,3001.34,15%,GBP,Canceled,Dealer
ORD-200073,C11030,,2023/04/09,Accessories,4,,5,USD,completed,online
ORD-204166,C10505,1HGCM90P100431,2024-04-22,Parts,2,4230.92,15%,GBP,completed,Phone
ORD-202232,C10989,1HGCM92V100775,2023-11-02,Vehicle,1,1568.26,,USD,Shipped,Phone
ORD-202208,C10423,,2023-09-21,Parts,1,"$4,187.99",0.1,USD,completed,Dealer
ORD-201557,C11395,1HGCM99Z100753,2024-03-11,Warranty,3,4232.70,0.1,usd,Pending,Online
ORD-201138, c11244,1HGCM44K100010,08/02/2023,Service Plan,2,4376.35,10,USD,Shipped,Dealer
ORD-200859,C95578,1HGCM32Q100016,2023-01-07,Service Plan,1,1921.91,15%,USD,Canceled,Phone
ORD-203113,C11390,1HGCM96N100845,2023-04-09,Vehicle,1,1650.92,,EUR,shipped,Phone
ORD-200794,C10812,1HGCM89J100581,2024-05-22,Accessories,1,1489.14,0,USD,shipped,Online
ORD-204042,C10517,1HGCM54Q100276,2023-09-26,Warranty,1,1669.73,,usd,Canceled,online
ORD-201810,C10019,1HGCM19R100875,2023-12-02,Vehicle,1,3039.45,5,USD,Completed,Online
ORD-200572,C10697,1HGCM17F100083,03-09-2023,Parts,1,1933.94,0,GBP,COMPLETED,online
ORD-200496,C10097,1HGCM68Q100562,"Jun 10, 2023",Vehicle,3,191.11,10,GBP,Pending,Dealer
ORD-201091,C11402,,2024-06-18,Vehicle,4,1290.46,0,USD,Canceled,Phone
ORD-203703,C11381,1HGCM32C100756,2023-03-15,Vehicle,2,"$4,775.82",0.1,USD,Shipped,online
ORD-201603,C10735,,2023-08-21,Warranty,4,$46.00,10,USD,Pending,Phone
ORD-202956,C11368,1HGCM91C100652,03/05/2024,Parts,4,2610.58,0,usd,COMPLETED,Dealer
ORD-200303,C10975,1HGCM98G100266,2024-03-21,Parts,3,2603.79,15%,USD,Shipped,Phone
ORD-203305,C10753,,2024-01-14,Parts,1,3128.16,5,GBP,COMPLETED,Dealer
ORD-203925,C11355,1HGCM35K100478,01/27/2023,Service Plan,3,2413.20,15%,EUR,completed,Dealer
ORD-201469,C10847,,2023-01-15,Vehicle,2,,5,USD,Pending,online
ORD-200082,C10977,1HGCM48T100383,2023-12-31,Vehicle,2,"$4,204.55",10,GBP,Shipped,online
ORD-200254,C11212,1HGCM91C100652,12-06-2023,Warranty,1,"$1,828.37",0.1,USD,COMPLETED,Phone
ORD-202571,C10796,1HGCM61Y100674,2024-07-04,Vehicle,1,1613.46,0.1,EUR,Completed,Online
ORD-200865,C10122,1HGCM62S100538,2023-09-09,Warranty,1,983.88,,USD,Pending,online
ORD-200771,C11247,1HGCM76G100318,2024-03-22,Service Plan,1,$511.70,5,USD,COMPLETED,Phone
ORD-203212,C10860,1HGCM75Y100388,2023-11-05,Warranty,1,"$4,104.82",15%,USD,Shipped,Online
ORD-203655,C10391,1HGCM52V100333,"Dec 29, 2023",Service Plan,1,473.32,5,USD,COMPLETED,Online
ORD-200300,C10134,1HGCM31X100387,2023-09-11,Parts,3,4598.59,5,EUR,COMPLETED,online
ORD-204199,C10922,1HGCM87D100419,2023-10-10,Parts,4,4621.42,,EUR,Cancelled,Dealer
ORD-200996,C10355,1HGCM81L100739,2023-05-16,Accessories,2,3926.02,5,USD,shipped,Online
ORD-204175,C10575,,24 Jan 2023,Parts,1,3226.06,0.1,GBP,Canceled,Phone
ORD-202401,C10379,1HGCM97D100367,2024-03-14,Accessories,1,770.29,10,USD,Completed,Online
ORD-202192,C10038,1HGCM24H100345,2023-10-23,Accessories,4,1033.04,10,USD,COMPLETED,Phone
ORD-202966,C10870,,2024-04-01,Service Plan,1,362.88,0.1,EUR,completed,Phone
ORD-200587,C10348,,2024-07-25,Accessories,1,3587.21,10,EUR,Pending,Phone
ORD-201371,C10733,1HGCM70M100064,2023/03/15,Vehicle,2,1960.88,0,USD,COMPLETED,Phone
ORD-200627,C11232,1HGCM26U100098,2023-09-25,Accessories,1,3013.09,5,USD,COMPLETED,Dealer
ORD-202666,C10209,1HGCM33K100166,2023-12-16,Parts,2,1839.43,5,GBP,shipped,online
ORD-203871,C11081,1HGCM72N100091,2023-08-07,Vehicle,1,3748.55,10,USD,completed,Dealer
ORD-201419,C10295,,2024-06-12,Accessories,2,991.60,,GBP,Pending,Dealer
ORD-200978,C10314,,2023-08-25,Vehicle,1,2510.46,15%,USD,completed,Dealer
ORD-201953,C11140,1HGCM51S100174,2023-11-14,Vehicle,4,4103.24,0.1,usd,Completed,Online
ORD-203861,C11035,1HGCM70W100880,2023-05-24,Vehicle,2,4726.82,,USD,Pending,Phone
ORD-201809,C10823,1HGCM31Z100233,2023-08-20,Service Plan,3,2471.02,0.1,USD,Completed,Dealer
ORD-202383,C10726,1HGCM76F100551,"Apr 04, 2023",Accessories,1,4188.44,0.1,EUR,Pending,online
ORD-202827, c10564,,2023-10-07,Vehicle,1,3415.13,0,GBP,Pending,Online
ORD-200373,C10180,,06 Jun 2024,Parts,3,4470.38,10,GBP,Completed,online
ORD-201512,C10551,1HGCM75E100576,2023-10-06,Vehicle,2,1206.80,0,usd,Cancelled,Phone
ORD-203826,C11210,1HGCM31E100836,2024-06-01,Parts,1,4685.68,5,GBP,completed,Phone
ORD-201183,C10170,,2023-07-18,Parts,1,1125.67,15%,GBP,Canceled,Phone
ORD-202469,C10058,,2024-03-11,Parts,1,2684.63,0,USD,Cancelled,Online
ORD-202630,C10409,1HGCM21L100713,2023-08-27,Parts,1,2295.72,,USD,Cancelled,Online
ORD-202071,C10115,1HGCM23C100106,2023-06-24,Warranty,3,4240.96,10,EUR,Cancelled,online
ORD-201907,C10107,1HGCM53V100203,2023-01-01,Service Plan,1,1992.82,15%,usd,COMPLETED,Dealer
ORD-201195,C11183,1HGCM81Y100336,2023-02-25,Vehicle,1,3797.26,5,USD,completed,Online
ORD-202011,C10237,1HGCM84K100504,01/19/2023,Warranty,3,"$3,518.74",15%,usd,Shipped,Phone
ORD-200453,C10517,1HGCM80C100886,2024/04/28,Parts,4,2217.78,0,USD,completed,Dealer
ORD-201527,C10060,1HGCM51B100651,2023/11/27,Service Plan,3,490.34,0.1,usd,Completed,online
ORD-201663,C11091,1HGCM67Q100536,2024-04-27,Parts,1,$574.40,,usd,Pending,Phone
ORD-203556,C10825,1HGCM88N100481,2023-05-19,Service Plan,3,150.57,,USD,Cancelled,Phone
ORD-203908,C10580,,21-01-2024,Warranty,1,,0,GBP,Cancelled,Phone
ORD-203445,C10170,1HGCM37T100747,2023-11-14,Parts,4,455.09,5,GBP,Cancelled,Phone
ORD-200508,C10701,1HGCM72H100865,09 Dec 2023,Accessories,1,344.39,15%,USD,shipped,Online
ORD-200539,C10228,1HGCM56I100866,2023-01-25,Parts,3,1225.24,0,usd,COMPLETED,online
ORD-203704,C11432,1HGCM42L100193,09 Sep 2023,Service Plan,2,1581.17,,USD,Pending,online
ORD-201601,C11468,1HGCM39Z100805,27-03-2023,Service Plan,3,3574.56,,GBP,Cancelled,Dealer
ORD-204183,C10840,,20-07-2024,Vehicle,2,4153.23,0,usd,completed,Online
ORD-201932,C11346,1HGCM22J100191,2024-03-31,Vehicle,1,1161.04,5,usd,completed,online
ORD-201847,C10628,,2023-10-14,Parts,3,1045.10,0,USD,Pending,Phone
ORD-200139,C10912,,2023-09-24,Warranty,2,"$1,670.38",,USD,Cancelled,online
ORD-201219,C11232,,"Jun 19, 2024",Warranty,1,1056.29,5,USD,shipped,online
ORD-202663,C11180,,08-09-2023,Service Plan,1,3136.34,0.1,usd,COMPLETED,Phone
ORD-203051,C10424,,2024-07-10,Service Plan,1,739.37,,EUR,Completed,Online
ORD-203197,C11411,1HGCM46L100453,2023-02-26,Vehicle,2,4756.33,0.1,EUR,shipped,Online
ORD-202601,C10245,1HGCM45V100593,"Jun 30, 2024",Parts,2,"$2,892.17",10,EUR,Cancelled,Online
ORD-201131,C10819,1HGCM23P100821,2024-04-17,Parts,1,4387.67,,USD,Completed,Online
ORD-202019,C11145,1HGCM37X100751,2023-09-21,Accessories,2,1167.43,10,USD,Cancelled,Dealer
ORD-200041,C10400,1HGCM23H100605,2023-06-10,Service Plan,1,250.17,10,USD,Canceled,online
ORD-200656,C10540,1HGCM54M100012,2024-05-10,Warranty,1,"$4,550.86",,usd,Completed,online
ORD-202084,C10450,1HGCM49U100046,2023-03-11,Parts,4,3520.32,10,GBP,COMPLETED,online
ORD-203511,C10750,1HGCM85S100278,2023-09-24,Accessories,4,579.65,,USD,Cancelled,Online
ORD-200097,C11221,1HGCM48W100828,05/29/2024,Accessories,2,1277.16,10,GBP,Shipped,Phone
ORD-200245,C11037,1HGCM86I100242,2024-04-27,Service Plan,2,,0,USD,Shipped,Online
ORD-203697,C11112,,2023-11-08,Parts,1,1957.19,,USD,shipped,Phone
ORD-200117,C11070,1HGCM72N100091,2023-11-19,Vehicle,1,4274.28,10,USD,completed,Phone
ORD-200506,C11475,1HGCM61G100630,2024-08-03,Parts,1,3655.80,15%,USD,Pending,Phone
ORD-203934,C10913,1HGCM22F100629,30-03-2023,Warranty,1,4413.37,,GBP,Completed,Phone
ORD-203642,C10761,1HGCM88V100177,2023-09-10,Vehicle,1,1575.87,,USD,COMPLETED,online
ORD-200383,C10801,1HGCM88V100177,11/30/2023,Vehicle,1,3490.54,5,usd,Canceled,online
ORD-203999,C11423,1HGCM59Z100779,2023-06-13,Parts,1,2656.99,5,USD,Cancelled,Dealer
ORD-200885,C11335,1HGCM24H100345,2024-02-10,Service Plan,1,593.59,0.1,USD,shipped,online
ORD-200418,C10276,1HGCM97S100746,2023-06-10,Accessories,3,"$2,030.22",10,EUR,Completed,online
ORD-201395,C10800,1HGCM23A100546,2024-07-24,Service Plan,1,794.67,5,usd,shipped,Dealer
ORD-202631,C10232,1HGCM56C100704,2024-06-28,Parts,1,4314.38,0,usd,Cancelled,Dealer
ORD-201501,C10343,1HGCM31E100836,2023-11-27,Service Plan,3,4297.99,0.1,usd,Pending,Phone
ORD-203253,C10894,1HGCM40H100215,03/12/2024,Service Plan,4,$556.53,0.1,usd,COMPLETED,Phone
ORD-204113, c10339,1HGCM92R100641,2024-05-06,Parts,1,4359.61,,usd,shipped,online
ORD-201859,C10048,,2023-06-01,Accessories,1,2446.95,,EUR,shipped,online
ORD-201158,C11234,,2024/08/09,Warranty,2,99.38,10,USD,COMPLETED,Online
ORD-203794,C10959,1HGCM51T100643,2023-03-05,Vehicle,1,2590.13,5,GBP,Completed,Dealer
ORD-201000,C10819,1HGCM22J100451,2023-12-18,Vehicle,1,4230.39,0.1,EUR,Pending,online
ORD-203213,C11050,,10/11/2023,Parts,1,3817.71,15%,USD,Completed,Phone
ORD-203775,C11260,1HGCM80Z100337,2024-04-13,Accessories,3,"$3,887.49",0,EUR,Shipped,Online
ORD-203339,C10667,,2023-05-17,Service Plan,1,4596.44,10,EUR,Completed,Dealer
ORD-200402,C10726,1HGCM52Q100666,"May 24, 2023",Accessories,1,$431.81,15%,usd,Pending,Phone
ORD-204122,C10450,1HGCM34I100528,2023-11-19,Accessories,1,2855.38,0.1,usd,Pending,Dealer
ORD-202676,C10375,,2024-05-30,Warranty,1,312.19,15%,GBP,Canceled,Phone
ORD-203932,C11487,1HGCM48H100501,01 Aug 2024,Service Plan,1,3670.60,15%,USD,Shipped,online
ORD-204133, c10633,1HGCM57A100754,2023-06-13,Accessories,3,"$4,690.31",5,usd,Completed,Dealer
ORD-201181,C10268,1HGCM14I100346,2023-12-26,Vehicle,4,"$3,255.39",0.1,USD,Pending,Dealer
ORD-200614,C10553,1HGCM23T100279,2024-07-25,Accessories,1,2271.25,0.1,USD,Canceled,Dealer
ORD-201249,C10889,1HGCM98R100719,2024-02-21,Vehicle,4,3197.83,0.1,USD,COMPLETED,Dealer
ORD-202700,C10705,1HGCM81B100859,2023-04-08,Vehicle,4,3595.86,5,USD,Shipped,Dealer
ORD-200198,C10555,1HGCM27W100308,03/31/2023,Vehicle,3,2199.55,,usd,completed,Dealer
ORD-201273,C11452,1HGCM94W100750,"Jun 19, 2024",Parts,4,1860.79,5,USD,Canceled,Phone
ORD-201965,C11059,1HGCM47H100475,2024-03-15,Vehicle,1,3203.51,,usd,shipped,Dealer
ORD-201588,C11090,,2024-07-26,Service Plan,1,,5,USD,Shipped,online
ORD-203806,C10312,1HGCM44P100197,2023-05-17,Service Plan,3,301.65,5,EUR,Cancelled,Dealer
ORD-201325,C10609,1HGCM47B100027,2024-03-19,Parts,2,$671.68,15%,USD,Cancelled,Dealer
ORD-202646,C11015,1HGCM34M100896,10/11/2023,Service Plan,3,2628.83,0,USD,COMPLETED,Phone
ORD-202353,C10117,1HGCM28A100078,06/21/2023,Parts,1,2282.45,10,usd,Shipped,Phone
ORD-200185,C11155,,2023-12-11,Warranty,3,3462.19,5,USD,completed,Online
ORD-203000,C10633,1HGCM33T100435,11-08-2023,Accessories,1,2218.30,,GBP,Cancelled,Phone
ORD-200171,C10891,,2023-08-03,Vehicle,1,3518.47,0.1,EUR,COMPLETED,Online
ORD-202201,C11435,1HGCM56P100717,2023-09-14,Accessories,4,228.63,0.1,EUR,Canceled,Online
ORD-203156,C10668,1HGCM98F100265,2024-01-19,Vehicle,1,$612.94,,USD,Completed,Online
ORD-200700,C11295,,11/19/2023,Service Plan,1,4528.67,0.1,usd,completed,online
ORD-203039,C10688,1HGCM44B100885,2023-03-04,Parts,2,2952.63,0.1,USD,Shipped,Dealer
ORD-203571,C10211,1HGCM54N100533,2023-08-27,Warranty,4,4606.65,5,USD,Pending,online
ORD-203537,C11269,1HGCM39Z100441,"Mar 18, 2024",Parts,1,"$2,147.49",10,GBP,Shipped,Dealer
ORD-201719, c11424,1HGCM70X100569,28 Feb 2023,Service Plan,4,3654.77,5,GBP,Pending,Online
ORD-200471,C10250,1HGCM50Q100458,08/27/2023,Accessories,1,427.35,,usd,Pending,online
ORD-200273,C10958,1HGCM71H100189,2023-03-08,Accessories,3,3924.01,10,USD,Pending,Dealer
ORD-201473,C11332,1HGCM95Q100640,2023/01/18,Service Plan,1,4242.65,0,USD,shipped,Online
ORD-203506,C10288,1HGCM62L100765,2024-03-20,Accessories,3,4414.26,5,USD,COMPLETED,Online
ORD-201368,C11125,1HGCM95Z100129,2024-08-06,Vehicle,1,$226.56,,USD,shipped,Dealer
ORD-202985,C10993,1HGCM55R100745,2023-09-01,Vehicle,3,4376.71,15%,USD,Completed,Phone
ORD-203162,C11490,1HGCM97H100735,2023-09-28,Accessories,3,3298.49,0,USD,Completed,Phone
ORD-203945,C11275,1HGCM93E100238,2024-02-13,Service Plan,1,4164.40,,USD,shipped,Dealer
ORD-203822,C10906,1HGCM70X100569,2024-05-16,Warranty,1,"$1,744.39",15%,usd,Cancelled,Phone
ORD-203853,C10455,1HGCM24T100149,2023-08-04,Accessories,1,3465.76,,EUR,shipped,Phone
ORD-200408,C10629,1HGCM52J100789,2023-06-10,Parts,1,2037.93,5,USD,COMPLETED,online
ORD-200541,C11003,,2024-06-24,Vehicle,1,2504.98,10,USD,Canceled,online
ORD-201262, c10976,1HGCM32U100722,2024-08-01,Accessories,1,3456.82,0.1,USD,Pending,Dealer
ORD-200668,C10300,1HGCM87O100794,2024-08-15,Service Plan,1,476.78,10,USD,completed,Dealer
ORD-200346,C10355,1HGCM62L100765,2023-05-13,Service Plan,1,3249.59,0,USD,shipped,Dealer
ORD-202770,C10711,1HGCM65C100262,2023-11-19,Warranty,4,4711.12,,USD,Pending,Dealer
ORD-201707,C10898,1HGCM98F100265,2023-09-08,Accessories,1,2832.74,10,usd,Pending,Online
ORD-202461,C10428,1HGCM55Y100804,13-06-2023,Warranty,4,"$3,537.77",0,usd,Canceled,online
ORD-202120,C11147,1HGCM95Q100640,2024-03-27,Vehicle,3,2789.38,0,USD,shipped,Dealer
ORD-204158,C11429,1HGCM77V100671,2024-02-12,Parts,1,1985.14,10,USD,Completed,online
ORD-200599,C10287,1HGCM46L100635,2023-06-25,Vehicle,2,4766.08,10,EUR,shipped,Dealer
ORD-202240,C10020,,2023-10-30,Accessories,2,4760.99,0.1,USD,Cancelled,Dealer
ORD-200878,C10206,,2023-09-10,Accessories,1,1665.27,0.1,EUR,COMPLETED,Dealer
ORD-204126,C11314,1HGCM58M100038,03 Aug 2024,Service Plan,1,$719.20,5,GBP,Completed,Online
ORD-203148,C10118,1HGCM89O100378,2023-04-27,Service Plan,1,3788.10,0.1,GBP,shipped,Phone
ORD-200252,C10941,1HGCM15D100757,2024-04-28,Accessories,1,,10,USD,Canceled,online
ORD-200619,C10814,1HGCM86E100758,26 May 2024,Parts,1,3734.51,0.1,GBP,COMPLETED,Dealer
ORD-204135,C10860,,2024-01-26,Vehicle,4,"$1,126.17",10,usd,Pending,online
ORD-202338,C10242,1HGCM44P100041,2023-07-14,Vehicle,1,552.06,,usd,Shipped,Phone
ORD-201142,C11112,1HGCM49N100351,16-08-2023,Parts,3,4142.49,0,GBP,Shipped,Phone
ORD-200419,C10612,1HGCM74M100844,07/25/2024,Warranty,1,1848.89,15%,USD,shipped,Phone
ORD-200522,C10622,1HGCM99V100151,13-07-2023,Vehicle,1,772.17,10,EUR,Canceled,Online
ORD-201840,C10821,1HGCM92V100775,2023-09-29,Vehicle,4,1535.55,0.1,USD,Shipped,Dealer
ORD-201854,C10551,1HGCM65O100274,16-05-2024,Service Plan,3,"$1,496.56",,usd,Cancelled,online
ORD-202651,C10878,1HGCM99V100151,2023/11/08,Parts,3,1844.22,10,USD,Shipped,Phone
ORD-200876,C10965,1HGCM52J100607,"Aug 01, 2023",Parts,1,2953.73,0,USD,Canceled,Dealer
ORD-204155,C11249,1HGCM33T100435,2023-03-16,Parts,3,1653.27,15%,USD,Completed,Phone
ORD-202673,C10562,,2023-04-04,Accessories,4,1763.35,0.1,GBP,completed,Dealer
ORD-202109,C10146,1HGCM56M100220,"Feb 09, 2023",Warranty,1,3964.96,15%,GBP,Cancelled,online
ORD-203380,C10091,1HGCM20T100773,2023-11-30,Vehicle,1,116.18,10,USD,shipped,Online
ORD-203943,C11375,,2023/11/27,Warranty,2,1459.94,15%,USD,shipped,Phone
ORD-202961,C10752,1HGCM84E100082,2023-08-17,Parts,3,242.39,15%,USD,shipped,Phone
ORD-201446,C10962,,2023-10-23,Parts,3,2099.74,10,usd,COMPLETED,Dealer
ORD-204002,C10394,1HGCM90M100870,2024-02-08,Parts,3,4601.81,0.1,EUR,Pending,Phone
ORD-204060,C10629,,"Jan 07, 2024",Warranty,3,"$1,954.43",0.1,EUR,shipped,Online
ORD-201344,C10576,1HGCM90F100005,2024-01-16,Parts,3,3553.40,,GBP,shipped,Online
ORD-202130,C10799,,2024-03-07,Service Plan,1,4456.70,0.1,USD,Completed,Phone
ORD-202722,C10135,1HGCM36V100021,08/30/2023,Service Plan,1,"$2,454.46",,EUR,completed,online
ORD-201359,C11305,1HGCM40E100732,13-04-2024,Vehicle,1,2175.04,10,usd,Cancelled,online
ORD-201514,C11225,1HGCM57S100564,18 Sep 2023,Accessories,1,2549.42,0.1,usd,completed,online
ORD-201814,C10372,1HGCM43H100839,2024/01/03,Parts,1,3890.99,15%,USD,Canceled,online
ORD-202293,C10975,1HGCM88V100177,2023-11-20,Vehicle,2,968.81,,USD,Pending,online
ORD-203734,C10904,,2024-07-05,Parts,2,"$4,448.52",0.1,USD,completed,online
ORD-203730,C11169,1HGCM13G100110,"Jan 06, 2024",Service Plan,1,4794.72,0,USD,shipped,Online
ORD-203651,C11447,1HGCM98I100814,2023-03-31,Service Plan,1,3667.04,0,usd,Completed,Phone
ORD-204040,C10034,1HGCM65F100161,2024-07-31,Warranty,2,"$3,433.81",,USD,Canceled,online
ORD-201122,C11406,1HGCM35Q100042,2024-04-11,Warranty,1,1652.94,15%,GBP,Pending,online
ORD-201846,C11199,1HGCM38I100268,26-06-2024,Service Plan,1,396.40,0.1,USD,Shipped,Phone
ORD-202577,C10354,,2023-06-19,Parts,1,2936.95,5,USD,shipped,Online
ORD-203040,C10139,,2024-04-15,Accessories,2,4166.69,5,EUR,COMPLETED,Phone
ORD-203944,C11401,1HGCM82I100372,2023-01-07,Service Plan,3,1328.77,5,usd,Pending,Dealer
ORD-201360,C11211,1HGCM88O100014,06 Apr 2023,Service Plan,1,1650.30,15%,USD,Completed,online
ORD-203997,C11100,1HGCM56P100717,2023-05-09,Vehicle,1,561.32,5,USD,shipped,Phone
ORD-202305,C10274,1HGCM12K100738,2024-01-31,Accessories,1,4548.96,5,usd,Canceled,Phone
ORD-203053,C11353,1HGCM88N100143,17 Nov 2023,Parts,3,2275.97,15%,EUR,Cancelled,online
ORD-200901,C10589,1HGCM35T100513,2024-04-22,Accessories,3,2139.55,10,usd,Canceled,Phone
ORD-203436,C10451,1HGCM71Q100822,2024-04-11,Warranty,1,,0.1,USD,COMPLETED,Phone
ORD-201357,C11466,1HGCM81R100459,2024/03/21,Warranty,2,3033.04,0.1,USD,Shipped,online
ORD-201793,C10897,1HGCM60K100790,2024-01-31,Warranty,1,510.97,0,USD,Completed,online
ORD-200006,C10346,1HGCM71Q100822,2023-02-01,Accessories,2,4438.11,15%,USD,Canceled,Phone
ORD-202879,C10883,,2024-07-25,Vehicle,2,"$2,655.27",0.1,USD,Canceled,Phone
ORD-200331,C10558,1HGCM35J100243,2023-01-09,Vehicle,2,"$1,510.16",,EUR,shipped,Dealer
ORD-204111,C10388,1HGCM17A100104,2023-12-06,Vehicle,1,,10,USD,shipped,online
ORD-204091,C11360,1HGCM61H100449,2024-05-30,Service Plan,4,594.26,15%,EUR,completed,online
ORD-201155,C10556,,2024-06-08,Warranty,1,2228.99,10,GBP,shipped,online
ORD-200494, c11171,1HGCM87Z100363,2023-10-24,Parts,1,1117.84,0.1,GBP,Shipped,online
ORD-203867,C10886,1HGCM32Q100016,09-04-2023,Parts,1,4007.39,0,USD,Cancelled,Online
ORD-203287,C10171,1HGCM44L100869,2023-01-07,Accessories,2,$998.49,0,USD,shipped,Dealer
ORD-200722,C11279,1HGCM46L100635,2024-03-02,Service Plan,3,"$4,488.63",5,GBP,completed,Phone
ORD-203110,C10309,1HGCM87H100631,2024-02-18,Service Plan,2,1281.72,0.1,usd,completed,Phone
ORD-200950,C10329,1HGCM93C100522,2024-07-20,Accessories,3,172.15,5,EUR,shipped,Phone
ORD-202127,C10310,,2024-02-05,Vehicle,4,2881.59,10,usd,completed,Online
ORD-200087,C11418,1HGCM46U100696,2023-09-22,Service Plan,2,265.46,10,GBP,Canceled,Dealer
ORD-201342,C10566,1HGCM39O100742,2023/03/28,Vehicle,1,$485.15,15%,EUR,Cancelled,online
ORD-200475,C10752,1HGCM50U100202,2024-05-15,Parts,4,1445.52,15%,GBP,Completed,Dealer
ORD-204194,C10477,1HGCM93A100052,2024-06-14,Parts,2,3123.22,5,USD,COMPLETED,online
ORD-201935,C10520,1HGCM60D100653,2024-03-20,Service Plan,1,1253.63,15%,EUR,Pending,Online
ORD-201711,C10370,1HGCM33V100853,2024-03-25,Warranty,3,"$4,280.56",15%,usd,Canceled,Online
ORD-204037,C10669,1HGCM15F100109,2023-08-21,Vehicle,3,"$2,657.47",15%,USD,Completed,Dealer
ORD-200289,C10948,1HGCM62Q100614,19-05-2024,Parts,1,,0,usd,shipped,Dealer
ORD-201751,C10123,1HGCM74M100428,2024/05/03,Service Plan,3,3263.18,,USD,Canceled,Phone
ORD-201940,C11435,1HGCM57S100616,2023-07-29,Accessories,4,1776.10,5,USD,Completed,online
ORD-200772,C11061,1HGCM69F100811,24-09-2023,Vehicle,2,1903.43,,USD,Pending,Phone
ORD-200791,C10103,1HGCM28D100237,2023-08-18,Service Plan,1,"$2,027.50",10,usd,COMPLETED,Dealer
ORD-202294,C11018,1HGCM47A100260,2024-01-12,Vehicle,1,3299.60,0,EUR,completed,online
ORD-202528,C10457,,2023-07-01,Vehicle,1,3780.30,5,USD,completed,online
ORD-204012, c10392,1HGCM70M100064,05-11-2023,Parts,1,3096.25,0.1,GBP,Completed,Online
ORD-203740,C10462,1HGCM53V100099,2023-09-13,Vehicle,1,1324.39,0.1,GBP,completed,online
ORD-203843,C11333,,2023-08-21,Parts,2,2910.40,10,USD,Cancelled,Online
ORD-200782,C10257,1HGCM64Q100432,2024-07-13,Service Plan,1,313.08,,USD,Canceled,online
ORD-203138,C10386,1HGCM14O100846,07/30/2023,Vehicle,2,3649.80,10,usd,COMPLETED,online
ORD-200164,C10304,1HGCM61G100370,2024-02-23,Vehicle,2,1351.30,0,USD,COMPLETED,Dealer
ORD-201553,C11478,1HGCM75N100767,"Oct 15, 2023",Accessories,2,1509.13,5,USD,Completed,Dealer
ORD-202215,C10279,1HGCM37A100494,2023-06-01,Accessories,2,3972.16,0.1,usd,COMPLETED,Phone
ORD-203002,C10769,1HGCM31P100535,"Jan 12, 2023",Service Plan,1,951.21,,usd,Completed,Phone
ORD-201950,C11433,1HGCM10Q100068,2024-07-23,Accessories,1,1983.22,0,USD,Cancelled,online
ORD-203075,C10930,1HGCM88K100530,2023-12-15,Parts,4,3807.25,0.1,USD,completed,online
ORD-203227,C11265,1HGCM64L100063,2023-08-05,Parts,1,4600.18,15%,USD,shipped,Phone
ORD-201968,C11358,1HGCM32K100114,07 Dec 2023,Parts,1,"$3,882.65",0,USD,Pending,Phone
ORD-203224,C10276,,2023-10-12,Vehicle,4,2563.05,15%,usd,Canceled,Phone
ORD-200253,C10758,1HGCM97Q100406,"May 24, 2023",Service Plan,1,2394.53,10,EUR,shipped,Online
ORD-203254,C10948,1HGCM35B100573,2024-01-18,Service Plan,1,4389.23,5,GBP,completed,online
ORD-202548,C10371,1HGCM74W100646,2023-09-13,Parts,4,2865.54,15%,USD,Pending,Online
ORD-202349,C11420,1HGCM71P100665,2024-01-30,Accessories,1,4432.40,,GBP,Pending,online
ORD-202553,C10853,,29 Sep 2023,Warranty,1,1830.74,15%,USD,completed,online
ORD-203295,C11185,1HGCM52V100255,2024-04-15,Vehicle,1,343.08,,USD,completed,Dealer
ORD-201225,C11418,1HGCM43A100702,"May 10, 2023",Warranty,1,4179.36,15%,GBP,Completed,Dealer
ORD-203076,C10068,,2023-11-27,Parts,1,662.93,15%,usd,COMPLETED,online
ORD-200503,C10498,1HGCM55R100745,2024-06-18,Service Plan,1,3892.24,15%,GBP,completed,Dealer
ORD-203800,C91104,1HGCM88N100117,2023-07-30,Vehicle,4,1931.38,0,USD,shipped,Dealer
ORD-203715,C11341,,2023-11-06,Vehicle,1,2579.39,0.1,usd,completed,Phone
ORD-201192,C11011,1HGCM60Q100172,2023-01-30,Vehicle,2,937.88,0,usd,Pending,Phone
ORD-202572,C11197,1HGCM29E100862,2024-05-29,Accessories,1,3550.55,0.1,USD,shipped,online
ORD-200221,C96015,1HGCM63E100420,2023-08-10,Accessories,4,3760.15,15%,usd,Completed,Phone
ORD-200136, c10967,,2024-08-20,Service Plan,1,912.02,5,GBP,Cancelled,Online
ORD-202710,C10131,1HGCM23A100026,2023-03-22,Vehicle,1,1099.17,15%,USD,Cancelled,Phone
ORD-203461,C10547,1HGCM72N100091,2023-08-29,Parts,1,865.43,,EUR,Cancelled,online
ORD-203512,C10158,1HGCM49L100427,2023-09-16,Accessories,1,942.27,5,EUR,Completed,Phone
ORD-202229,C11272,1HGCM91F100603,2023-02-05,Parts,1,4735.64,5,EUR,Shipped,online
ORD-203640,C10258,1HGCM72P100275,2023-11-10,Warranty,1,4119.57,0,USD,COMPLETED,online
ORD-203243,C10066,,2024-01-31,Parts,1,3918.05,,usd,Cancelled,online
ORD-202446,C11302,1HGCM80Z100337,2023/12/12,Service Plan,1,"$2,010.23",5,USD,COMPLETED,Online
ORD-203092,C11321,1HGCM83D100679,2024-02-29,Service Plan,2,137.58,0.1,USD,Cancelled,Online
ORD-202327,C10893,1HGCM18C100158,12/28/2023,Service Plan,1,2918.95,,usd,Shipped,Phone
ORD-200293,C10859,1HGCM63T100201,2023-06-13,Service Plan,1,"$4,016.89",0.1,EUR,Canceled,Phone
ORD-200336,C10171,1HGCM42F100681,"Sep 23, 2023",Parts,2,,0,usd,completed,online
ORD-201691,C10686,,2023-06-14,Accessories,1,"$1,473.41",10,USD,COMPLETED,Phone
ORD-200922,C11433,1HGCM22S100252,2023-02-16,Warranty,1,2953.53,,GBP,Canceled,Online
ORD-203266,C10686,1HGCM44B100885,2023-08-24,Service Plan,1,4226.56,15%,usd,Pending,Phone
ORD-202940,C11365,1HGCM37S100434,2023-01-02,Parts,2,1514.15,5,GBP,Shipped,online
ORD-203221, c11466,1HGCM80G100240,2023-10-25,Warranty,1,3568.22,15%,USD,Pending,online
ORD-202638,C10671,1HGCM26D100107,"Apr 03, 2024",Parts,1,795.15,,USD,Cancelled,Phone
ORD-200446,C10217,,09-10-2023,Warranty,1,398.42,10,USD,Pending,Online
ORD-200677, c10221,1HGCM27C100782,2024-04-03,Parts,1,3638.83,0.1,usd,Completed,Online
ORD-200699,C10786,1HGCM12E100524,2023-03-02,Service Plan,1,"$4,753.99",0,USD,Shipped,Dealer
ORD-202087,C10771,1HGCM50W100672,2023-02-21,Parts,1,2913.06,5,usd,completed,Phone
ORD-203211,C11184,1HGCM93F100343,2023-10-26,Accessories,1,4746.93,0,EUR,Shipped,Phone
ORD-201017,C11169,1HGCM69X100309,2024-06-06,Parts,4,"$2,328.07",0.1,GBP,Pending,Dealer
ORD-202854,C10374,1HGCM43V100697,05/07/2023,Warranty,4,304.68,0.1,USD,Shipped,Phone
ORD-203009,C10051,1HGCM35Q100042,2024-06-21,Warranty,1,3928.84,0,usd,Shipped,Phone
ORD-201701,C10558,1HGCM50X100335,2023-05-14,Vehicle,1,4649.79,10,USD,completed,Online
ORD-201105,C10068,1HGCM90W100438,2024-07-22,Accessories,1,2226.71,5,USD,Cancelled,Online
ORD-202975,C10138,1HGCM77I100710,2024-03-13,Service Plan,2,607.32,,USD,shipped,online
ORD-201477,C10800,1HGCM77X100673,2024-03-14,Vehicle,4,1235.14,5,usd,Canceled,online
ORD-202362,C10944,1HGCM53N100559,"Mar 15, 2024",Service Plan,1,3987.31,15%,USD,Canceled,Phone
ORD-201268,C10576,1HGCM84P100301,2023-08-03,Service Plan,1,4352.37,15%,USD,Canceled,Phone
ORD-201676,C10825,1HGCM47N100429,2024-07-02,Warranty,2,"$2,681.83",,GBP,Shipped,Dealer
ORD-202443,C10283,1HGCM18W100542,2024-07-11,Accessories,1,2487.34,0,usd,Completed,online
ORD-200325,C10641,,2024-06-05,Warranty,1,4107.57,0,USD,COMPLETED,Phone
ORD-202485,C10193,1HGCM22X100725,2024/07/28,Warranty,4,4702.68,15%,USD,COMPLETED,online
ORD-200019,C10202,1HGCM68S100876,2023-10-25,Warranty,1,4221.17,0,GBP,Cancelled,Dealer
ORD-202148,C10136,1HGCM78F100473,2023-08-14,Parts,4,434.38,10,usd,Cancelled,online
ORD-200076,C10255,1HGCM15Y100024,2023-08-23,Vehicle,4,1894.59,0,GBP,COMPLETED,Phone
ORD-201756,C10827,1HGCM94Q100146,2023-06-21,Vehicle,4,4739.44,0.1,USD,Pending,Dealer
ORD-200172,C10299,,2023-12-23,Parts,4,1841.60,10,USD,Pending,online
ORD-202520,C10322,1HGCM43E100654,2023/10/12,Warranty,3,1390.07,,USD,Cancelled,Online
ORD-203180, c10676,1HGCM25E100056,2023-03-11,Vehicle,4,$678.48,10,GBP,Canceled,Phone
ORD-200512,C10341,1HGCM98D100497,2023-08-22,Vehicle,3,,5,USD,COMPLETED,Online
ORD-200725,C10925,,2023-02-15,Warranty,4,387.79,5,USD,Pending,online
ORD-200768,C10968,1HGCM63Y100726,2024-01-20,Vehicle,1,"$4,508.70",,GBP,Pending,online
ORD-203629,C10489,1HGCM26L100219,2024-01-26,Accessories,1,3875.40,15%,usd,Shipped,Online
ORD-202831,C10664,,2023-05-30,Accessories,4,4466.89,10,USD,Pending,online
ORD-203922,C10439,1HGCM33S100668,31 Jan 2023,Warranty,1,"$4,398.29",10,usd,Shipped,Phone
ORD-202318,C10384,1HGCM49O100248,2023-10-26,Warranty,3,172.55,0,USD,Cancelled,Phone
ORD-201087,C10293,1HGCM83B100521,2024-06-22,Accessories,1,4180.86,5,USD,completed,online
ORD-203397,C10135,1HGCM62S100226,2023-05-16,Vehicle,1,1649.78,5,USD,shipped,Online
ORD-202938,C10936,,2024-03-21,Parts,3,3304.78,15%,USD,Cancelled,Dealer
ORD-204023,C10856,1HGCM44P100197,02/14/2023,Service Plan,2,3344.38,0,usd,Shipped,online
ORD-202919,C11114,1HGCM51B100651,2024-05-29,Service Plan,1,"$1,772.90",0,GBP,Shipped,Online
ORD-200991,C10581,1HGCM87D100419,2023-03-18,Vehicle,2,2239.45,5,usd,Cancelled,Dealer
ORD-203132,C11128,1HGCM97S100746,2023-11-09,Parts,1,2509.97,,USD,Completed,Online
ORD-200997,C10077,1HGCM21N100455,2024-02-28,Accessories,4,1077.43,0.1,EUR,shipped,Online
ORD-203872, c10769,1HGCM10W100594,2024-06-04,Warranty,2,$866.66,,USD,Cancelled,Phone
ORD-203064,C10094,1HGCM23R100615,2023-01-18,Accessories,1,350.47,15%,usd,shipped,Online
ORD-201002,C10668,1HGCM53N100871,02/08/2024,Vehicle,1,$241.21,0.1,USD,completed,online
ORD-200374,C11140,1HGCM57U100358,2023-03-17,Service Plan,2,2429.62,10,USD,Completed,Dealer
ORD-202085,C11216,1HGCM32U100722,2024-06-26,Warranty,1,4160.39,,USD,COMPLETED,online
ORD-203502,C10388,1HGCM98U100176,2023-03-01,Warranty,1,1472.43,0.1,usd,Pending,online
ORD-201491,C10492,,2023-03-21,Service Plan,1,1596.90,,USD,Pending,Phone
ORD-203476,C10295,1HGCM73G100812,2023-09-24,Accessories,1,"$2,432.50",0,USD,COMPLETED,Dealer
ORD-202149,C10151,1HGCM10U100800,2023-10-31,Vehicle,2,2362.11,5,USD,Shipped,Online
ORD-202356,C10960,1HGCM50J100009,2023-03-19,Warranty,1,4116.71,0,USD,shipped,Phone
ORD-202628,C11264,1HGCM66T100045,2023-12-15,Accessories,1,1488.86,,usd,Completed,Dealer
ORD-200119,C10493,1HGCM88N100143,08/22/2024,Accessories,1,2079.72,10,usd,completed,Dealer
ORD-201698,C11186,1HGCM38E100394,2023-04-21,Warranty,2,1865.24,10,EUR,Pending,Online
ORD-200893,C11108,1HGCM57B100391,2024-03-29,Parts,1,2922.74,,USD,shipped,Online
ORD-200532,C10430,1HGCM82A100364,29-04-2024,Service Plan,1,1491.34,5,USD,Completed,online
ORD-200488,C11171,1HGCM81L100739,2023-01-26,Parts,4,950.19,10,USD,shipped,Phone
ORD-204036,C10570,1HGCM58E100316,11/03/2023,Vehicle,1,4063.11,0.1,EUR,Canceled,online
ORD-201930,C10037,1HGCM93W100516,2024-06-29,Warranty,2,2985.48,15%,USD,Shipped,online
ORD-202628,C11264,1HGCM66T100045,2023-12-15,Accessories,1,1488.86,,usd,Completed,Dealer
ORD-200249,C11021,1HGCM71T100123,08 May 2023,Parts,1,2927.43,5,EUR,COMPLETED,online
ORD-202108,C10029,1HGCM81Y100414,07/06/2024,Parts,1,204.56,10,GBP,Canceled,Phone
ORD-202377,C10508,1HGCM67R100511,2024-05-27,Warranty,2,2570.27,5,usd,Shipped,online
ORD-201387,C10208,1HGCM15D100757,06/28/2023,Vehicle,3,530.92,10,usd,Pending,Online
ORD-203353,C10157,1HGCM71C100392,2023-03-23,Warranty,3,4637.38,5,usd,shipped,Dealer
ORD-203572,C10582,1HGCM27Q100250,2023-08-17,Parts,1,2954.90,10,GBP,shipped,Online
ORD-203446,C10876,,2023-05-16,Parts,2,475.17,0,GBP,COMPLETED,online
ORD-204116,C10322,1HGCM85L100089,13 Sep 2023,Vehicle,2,2434.35,0.1,USD,Canceled,Dealer
ORD-202230,C10982,1HGCM22W100178,2023-02-25,Service Plan,1,2109.42,10,USD,Cancelled,Phone
ORD-202300,C11121,1HGCM39R100225,2024-03-20,Parts,2,"$2,327.99",10,USD,Cancelled,Online
ORD-201441,C11460,1HGCM12E100524,2024-08-22,Service Plan,1,2605.17,15%,usd,Completed,Phone
ORD-201004,C10455,1HGCM21A100156,20 Jul 2023,Warranty,4,"$4,392.86",10,USD,Completed,online
ORD-202868,C11229,1HGCM41X100491,28-04-2024,Accessories,1,2478.30,,usd,shipped,Phone
ORD-201037,C10350,1HGCM98Z100207,2023-12-26,Warranty,2,3730.53,0.1,GBP,Pending,Online
ORD-202123,C10355,1HGCM27W100308,2023-07-10,Vehicle,1,"$1,201.49",,EUR,COMPLETED,Dealer
ORD-201171,C10907,1HGCM18C100158,2023-10-18,Warranty,4,2719.02,,GBP,completed,online
ORD-201046,C10653,1HGCM44N100611,2024-06-24,Parts,1,1244.41,,EUR,Shipped,Dealer
ORD-202284,C10999,1HGCM62H100657,2023-09-18,Vehicle,4,2145.70,15%,USD,completed,Online
ORD-204069,C10309,,"Mar 08, 2023",Vehicle,1,792.00,5,USD,Canceled,Dealer
ORD-201524,C10684,1HGCM11S100096,2023/11/02,Parts,1,"$2,014.63",15%,usd,Canceled,Dealer
ORD-201739,C10648,1HGCM35L100271,14 Oct 2023,Vehicle,1,487.07,15%,usd,COMPLETED,Dealer
ORD-200945,C10901,,2023-03-18,Parts,1,4664.55,,USD,shipped,Phone
ORD-200179, c10427,1HGCM33W100464,2024-07-11,Parts,1,1446.78,5,USD,Canceled,Dealer
ORD-203528,C11184,1HGCM50Y100128,2023-05-21,Service Plan,1,793.90,,usd,COMPLETED,Dealer
ORD-203078,C11237,1HGCM80N100897,22 Jul 2023,Warranty,4,4122.69,10,GBP,Pending,online
ORD-202168, c10562,1HGCM93W100516,2024-05-27,Accessories,1,2452.69,15%,EUR,COMPLETED,online
ORD-202387,C10801,1HGCM20K100660,02 Feb 2023,Parts,4,257.95,5,usd,COMPLETED,Online
ORD-201787,C10602,1HGCM42R100199,"Jul 26, 2024",Warranty,1,"$1,775.57",0.1,GBP,completed,Dealer
ORD-201061,C10972,1HGCM44P100899,2023-09-22,Parts,2,4563.74,5,GBP,Pending,Phone
ORD-202962,C10273,1HGCM87A100572,03 May 2024,Vehicle,3,1783.94,,USD,Pending,online
ORD-200361,C11434,,2024-07-17,Service Plan,3,2815.98,0,GBP,Completed,Dealer
ORD-203270,C11371,1HGCM38I100268,2023-04-08,Service Plan,1,3903.29,10,USD,Shipped,Phone
ORD-200840,C11447,1HGCM84P100301,2023-07-05,Accessories,1,1336.92,10,USD,Shipped,Dealer
ORD-201176,C11293,1HGCM78C100860,2023-12-06,Service Plan,4,2549.21,,usd,completed,Dealer
ORD-204093,C11154,1HGCM88V100437,2024-05-22,Parts,4,320.15,15%,USD,Completed,Online
ORD-201703,C10060,1HGCM44P100899,10 Jun 2023,Service Plan,4,"$3,643.83",10,USD,completed,Phone
ORD-203186,C11011,1HGCM71P100665,2024-05-15,Vehicle,4,2228.09,0,USD,Canceled,Phone
ORD-201518,C10778,,"May 16, 2024",Accessories,2,3988.03,0,usd,Completed,online
ORD-203055,C10838,1HGCM51N100793,2024/05/13,Warranty,1,"$4,290.49",10,EUR,Shipped,Dealer
ORD-201762,C10688,1HGCM90W100282,2024-03-12,Vehicle,4,711.18,0,USD,COMPLETED,Dealer
ORD-204046,C10206,1HGCM39K100322,2024-01-23,Vehicle,1,1633.68,0.1,USD,COMPLETED,online
ORD-203490,C10394,1HGCM26M100116,2023-04-04,Accessories,1,3080.34,,USD,Pending,online
ORD-203014,C10831,1HGCM65F100161,2024-07-29,Vehicle,1,$191.23,0,usd,completed,online
ORD-200473,C10297,,03/08/2023,Warranty,1,"$1,979.49",5,USD,Pending,Online
ORD-201335,C10468,1HGCM60D100263,2024-03-09,Vehicle,3,1220.34,10,usd,completed,Online
ORD-202256,C10739,1HGCM49Q100094,2023-02-16,Warranty,1,2997.99,15%,USD,Shipped,online
ORD-200989,C10362,1HGCM95G100656,2024/06/06,Accessories,2,4687.47,,USD,Completed,Online
ORD-202654,C11372,,2023-01-05,Parts,2,2006.98,15%,GBP,shipped,online
ORD-204031,C10386,1HGCM14D100081,2023-08-23,Accessories,4,1196.58,0.1,USD,completed,Online
ORD-202044,C11122,1HGCM15D100757,2023-08-07,Warranty,1,1453.87,,GBP,Pending,online
ORD-200319,C10336,1HGCM81Z100545,2024-03-14,Accessories,4,2709.29,15%,GBP,Pending,online
ORD-203159,C11368,,"Nov 19, 2023",Vehicle,3,$87.13,0.1,USD,completed,online
ORD-202899,C10565,,2024/05/30,Warranty,1,3347.78,15%,EUR,shipped,online
ORD-201033,C10980,1HGCM63I100476,04/29/2023,Parts,4,1680.58,0,USD,Cancelled,Dealer
ORD-204147,C11489,1HGCM81R100459,2023-09-18,Service Plan,3,$759.84,0,USD,Cancelled,Dealer
ORD-204045,C10456,,2023-12-16,Service Plan,1,"$4,462.90",0.1,usd,Cancelled,Dealer
ORD-202743, c10765,1HGCM15K100608,2024/02/21,Vehicle,3,1609.24,0.1,usd,completed,Online
ORD-203946, c11119,1HGCM10Q100068,2023-09-25,Service Plan,1,3636.54,10,USD,Canceled,Online
ORD-202153,C10417,1HGCM52R100277,2023-01-23,Accessories,1,,5,USD,Canceled,Phone
ORD-200797,C10127,,2023/11/21,Accessories,3,805.47,0.1,EUR,Pending,Dealer
ORD-201495,C10201,1HGCM39I100190,2023-02-05,Warranty,1,354.41,,usd,COMPLETED,online
ORD-203356,C10646,1HGCM74Q100796,2024-05-01,Vehicle,4,2956.65,,USD,Pending,online
ORD-202716,C10156,,2023-08-22,Parts,2,927.04,0,USD,Completed,online
ORD-200775,C10745,1HGCM17M100168,2023-06-02,Vehicle,1,"$1,317.13",5,GBP,Canceled,Phone
ORD-201885,C11113,,2023-04-14,Accessories,3,1791.08,10,USD,Completed,online
ORD-200715,C10174,,11/08/2023,Parts,1,1395.61,0.1,USD,Canceled,online
ORD-203440,C11092,1HGCM20F100759,2023-06-22,Parts,4,479.03,15%,GBP,Pending,Online
ORD-203763, c10938,1HGCM36O100118,2023-10-14,Service Plan,1,810.51,5,USD,Completed,Online
ORD-202617,C10029,1HGCM81J100477,"Oct 09, 2023",Parts,1,2866.45,15%,USD,Canceled,Dealer
ORD-203970,C10809,1HGCM51A100390,2023-05-02,Accessories,3,2691.74,10,USD,Completed,Online
ORD-201509,C10646,,"Apr 05, 2023",Parts,1,1651.81,10,EUR,completed,online
ORD-203324,C10667,1HGCM96G100344,2024-01-29,Service Plan,1,1108.69,0,USD,completed,Online
ORD-201443,C10411,1HGCM61H100449,2023-01-08,Service Plan,1,1641.06,10,EUR,Cancelled,Phone
ORD-203937,C10109,,16 Aug 2024,Parts,1,2540.01,0,GBP,Pending,Phone
ORD-202972,C11353,,2023-12-18,Parts,4,1590.39,0.1,usd,completed,Online
ORD-202800,C10512,1HGCM67Z100701,2024-03-09,Vehicle,1,900.62,5,USD,completed,online
ORD-200092,C10042,1HGCM59S100772,2023/02/11,Parts,1,2194.46,10,usd,completed,Phone
ORD-201957,C92127,1HGCM35O100898,2023-03-12,Accessories,2,2436.03,,USD,Canceled,online
ORD-200762,C10120,1HGCM81D100523,2023-05-20,Service Plan,1,1394.83,,USD,Canceled,Online
ORD-201133,C10846,1HGCM30A100520,2024-06-03,Vehicle,1,4657.28,0.1,USD,shipped,Dealer
ORD-203319, c11435,1HGCM48H100501,2024-06-14,Service Plan,1,3476.98,0.1,EUR,Cancelled,Dealer
ORD-201754,C10809,,2024-08-10,Accessories,2,2579.12,0,USD,Canceled,Phone
ORD-203124,C11442,1HGCM50P100561,2024-05-22,Warranty,1,3824.92,0,USD,Cancelled,Phone
ORD-202275,C10013,,"May 29, 2024",Parts,3,4313.81,15%,USD,completed,online
ORD-200801,C11247,,2024-06-08,Service Plan,1,727.34,0,USD,Shipped,online
ORD-201285,C10928,1HGCM75Y100388,2024-06-23,Accessories,4,3577.54,0,USD,Cancelled,Phone
ORD-201893,C10291,1HGCM31E100836,2023-04-26,Accessories,1,4057.94,15%,USD,Completed,online
ORD-203260,C10693,1HGCM97E100160,2023-11-02,Warranty,2,4472.02,0.1,USD,completed,Online
ORD-202402,C10611,1HGCM69O100456,2023-07-13,Accessories,4,2598.11,10,USD,Canceled,online
ORD-200898,C10435,1HGCM56G100292,2023-08-12,Service Plan,4,,0.1,USD,Shipped,Online
ORD-202616,C10677,,29-08-2023,Vehicle,1,2418.54,,EUR,Cancelled,Dealer
ORD-202711,C10889,1HGCM44E100030,"Apr 05, 2024",Accessories,1,4079.44,0,EUR,Pending,Dealer
ORD-200734,C11363,1HGCM75B100781,2023-07-04,Accessories,1,3763.30,5,USD,Canceled,Phone
ORD-200604,C11203,1HGCM10Q100068,2024-05-13,Service Plan,3,1886.27,5,GBP,Pending,online
ORD-200629,C10027,1HGCM65V100307,2023-09-16,Accessories,2,3035.76,10,USD,Canceled,online
ORD-203807,C10804,1HGCM21S100408,2023-09-12,Service Plan,1,2965.73,0.1,EUR,Shipped,Phone
ORD-204170,C11411,1HGCM33C100626,2024/08/06,Parts,1,4216.08,5,USD,Pending,Dealer
ORD-201621,C11156,,2024-07-24,Vehicle,2,3824.29,5,USD,Canceled,online
ORD-200751,C10221,1HGCM94Q100146,2024-08-07,Vehicle,4,425.16,10,USD,Pending,Online
ORD-202219,C10685,1HGCM34H100553,2023-01-23,Accessories,4,"$2,290.54",,USD,Shipped,Dealer
ORD-203475,C10777,1HGCM10A100208,2023-08-09,Accessories,1,4283.79,,GBP,shipped,Online
ORD-200855,C10188,1HGCM30B100183,2024-03-31,Warranty,1,4225.97,5,EUR,completed,online
ORD-202947,C11147,1HGCM83B100521,2024-05-04,Service Plan,4,1353.01,10,EUR,COMPLETED,online
ORD-201563,C11352,1HGCM71Z100727,2023-03-22,Warranty,1,1945.06,,EUR,Shipped,online
ORD-203992,C10249,1HGCM86Y100622,2023/08/21,Service Plan,1,3109.92,5,usd,Shipped,online
ORD-201209,C11494,,2023-04-21,Accessories,1,1602.92,0.1,USD,Pending,Phone
ORD-200169,C11251,1HGCM53D100809,2023-04-05,Warranty,1,25.31,5,GBP,Canceled,Online
ORD-203473,C10568,,2023-11-02,Service Plan,4,4109.58,10,USD,completed,Online
ORD-203947,C11109,1HGCM10H100397,2024-04-23,Warranty,1,3337.10,0,GBP,shipped,Online
ORD-200686,C10116,1HGCM17U100618,"Jun 01, 2023",Parts,1,"$1,673.87",10,GBP,completed,Phone
ORD-204095,C10353,,2023-02-05,Accessories,4,,0,EUR,Pending,Online
ORD-204157,C11440,1HGCM64X100465,2023-12-27,Vehicle,1,4708.21,10,GBP,Pending,Online
ORD-201666,C10791,1HGCM29E100862,2023-04-26,Accessories,1,1955.05,10,USD,completed,Online
ORD-202239,C10941,1HGCM93F100343,2024-06-10,Warranty,1,4787.89,10,EUR,Shipped,Dealer
ORD-202391,C10658,,2023-11-29,Warranty,1,3156.08,,EUR,shipped,online
ORD-201759,C10914,1HGCM87A100624,2023-05-23,Service Plan,4,2538.63,10,usd,COMPLETED,Dealer
ORD-200467, c10658,1HGCM93A100052,2023-12-26,Accessories,1,1560.34,15%,USD,COMPLETED,online
ORD-203259,C10532,1HGCM84P100067,2024-02-14,Service Plan,2,264.19,0.1,usd,Completed,Dealer
ORD-201377,C10822,,2024-06-11,Service Plan,1,260.41,0.1,usd,shipped,Dealer
ORD-202555,C10362,1HGCM14O100846,2023-09-18,Accessories,2,531.40,0,EUR,shipped,Dealer
ORD-200088,C10282,1HGCM19G100188,2023-09-24,Service Plan,3,3030.71,0,EUR,Pending,Phone
ORD-202546,C10869,1HGCM49U100046,2023/05/31,Service Plan,1,2126.37,0,usd,Cancelled,online
ORD-202487,C10073,1HGCM54M100012,2024-03-01,Warranty,4,4051.13,15%,usd,completed,online
ORD-202563,C11342,1HGCM95Q100640,2024-04-01,Parts,3,1145.50,0,usd,Cancelled,online
ORD-202994,C10388,,2024-06-02,Service Plan,2,1407.57,,usd,Completed,Online
ORD-201393,C10792,1HGCM97L100583,2023-09-12,Accessories,2,966.04,,USD,Completed,Dealer
ORD-201696,C10343,1HGCM64I100840,2023-02-01,Service Plan,2,1023.69,0.1,USD,Canceled,online
ORD-204197,C10639,1HGCM15U100878,"Dec 09, 2023",Warranty,1,1800.29,10,EUR,Completed,Online
ORD-203913,C10511,1HGCM87O100794,"Jun 25, 2024",Service Plan,2,2647.99,,usd,Cancelled,Phone
ORD-201269,C10364,1HGCM40L100141,2023-12-15,Accessories,3,4740.42,,USD,Shipped,Dealer
ORD-200601,C10384,1HGCM88U100514,2024-01-11,Accessories,3,3785.26,10,usd,COMPLETED,Dealer
ORD-200710,C10736,1HGCM56P100717,2023-07-22,Service Plan,4,917.53,10,USD,Cancelled,online
ORD-203413,C11419,1HGCM84K100504,2024-02-16,Service Plan,1,-1097.97,5,USD,shipped,Online
ORD-204087,C10453,1HGCM60K100790,2024-07-20,Parts,1,2229.69,,USD,completed,Dealer
ORD-204121,C11086,1HGCM47B100027,2023-09-02,Warranty,2,"$3,595.22",0.1,usd,shipped,Online
ORD-202490,C10173,1HGCM46O100300,25-01-2024,Warranty,2,3538.13,0.1,USD,shipped,Phone
ORD-202888,C10251,1HGCM21L100531,"Aug 08, 2023",Service Plan,4,2261.22,15%,USD,Shipped,Phone
ORD-203617,C11104,1HGCM15C100834,2024-04-04,Parts,2,4769.41,0.1,usd,Shipped,Dealer
ORD-202427,C11118,1HGCM31E100836,2024-04-15,Service Plan,1,4371.94,10,usd,Pending,Online
ORD-203952,C10237,1HGCM68H100423,2024-08-18,Service Plan,1,3750.25,5,USD,Cancelled,Online
ORD-201394,C10255,1HGCM66O100482,2024-03-20,Warranty,3,1258.80,0.1,USD,shipped,online
ORD-203625,C11452,1HGCM60Q100172,2023-03-20,Parts,4,334.69,10,GBP,Pending,Phone
ORD-204124,C10718,,2023-06-15,Service Plan,2,97.27,10,usd,completed,Phone
ORD-203370,C10105,1HGCM33T100435,2024-04-16,Accessories,4,2250.15,10,EUR,Shipped,Phone
ORD-203491,C10994,1HGCM56I100866,15 Apr 2024,Vehicle,3,897.50,10,USD,Completed,Phone
ORD-201875,C10879,1HGCM31X100387,28-12-2023,Parts,3,417.20,,USD,COMPLETED,online
ORD-203744,C10074,1HGCM32B100339,2023-06-19,Warranty,1,1695.59,5,EUR,Completed,Phone
ORD-202726,C10332,1HGCM35K100478,2023-03-31,Warranty,1,3878.20,,USD,Shipped,Phone
ORD-201924,C10371,,22-04-2024,Service Plan,1,4134.94,0,EUR,COMPLETED,online
ORD-203787,C10924,1HGCM78D100445,2023-01-23,Accessories,4,2930.69,0,GBP,Shipped,online
ORD-200465,C10971,1HGCM14I100346,2023-10-05,Warranty,1,2597.75,15%,EUR,Completed,Online
ORD-203068,C10386,,2024-01-02,Vehicle,1,3855.04,0.1,USD,Shipped,Dealer
ORD-200125,C10166,1HGCM53D100809,"Jun 13, 2023",Accessories,1,,,usd,Completed,Dealer
ORD-203482,C10720,,2023-07-01,Warranty,1,455.71,5,EUR,shipped,Online
ORD-201593,C10778,,"Oct 02, 2023",Parts,1,1058.59,0,USD,Canceled,Online
ORD-200660, c10494,1HGCM73U100826,2023-06-22,Vehicle,1,1701.94,5,usd,COMPLETED,online
ORD-200166,C10783,1HGCM75W100126,2023-01-02,Parts,1,3891.65,,USD,Canceled,Online
ORD-202599,C10507,1HGCM13R100095,2023-05-23,Vehicle,4,2953.83,0,EUR,Shipped,Dealer
ORD-201818,C10686,1HGCM24H100345,2023-02-02,Parts,1,"$4,082.80",,usd,COMPLETED,Online
ORD-201659,C10983,1HGCM87A100624,2024-08-08,Vehicle,1,2105.64,15%,EUR,completed,Online
ORD-203116,C10452,,2024/07/25,Service Plan,2,586.28,10,EUR,Cancelled,Online
ORD-200821,C10397,1HGCM12A100884,2023-01-12,Service Plan,1,4368.94,0,USD,shipped,online
ORD-202076,C10830,1HGCM22P100691,10-11-2023,Service Plan,2,1433.09,5,USD,Shipped,Phone
ORD-201920,C10126,,2023-01-30,Vehicle,1,571.22,0,USD,Cancelled,Dealer
ORD-202299,C10701,1HGCM79N100689,13 Jul 2024,Accessories,2,"$2,654.89",5,USD,Canceled,Online
ORD-200994,C93937,1HGCM59M100272,2023-10-26,Vehicle,4,"$3,045.81",,USD,shipped,online
ORD-202737,C10215,,2023-05-14,Accessories,1,3209.61,5,USD,Canceled,Dealer
ORD-201236,C10739,,2023-02-17,Warranty,1,2110.04,0.1,usd,Canceled,Dealer
ORD-202720,C11027,1HGCM60M100584,23 Dec 2023,Accessories,2,"$1,223.82",0.1,USD,completed,Online
ORD-204022,C10192,,2023-08-16,Accessories,1,4128.23,0.1,usd,completed,online
ORD-201050,C10054,1HGCM58M100038,2023-11-08,Service Plan,2,"$1,468.65",5,EUR,shipped,Phone
ORD-201876,C11360,1HGCM40H100215,01 Aug 2024,Warranty,4,2863.97,,USD,COMPLETED,Dealer
ORD-204076,C11239,1HGCM65Z100883,10 Apr 2024,Service Plan,4,913.56,15%,usd,Cancelled,online
ORD-200298,C10894,1HGCM78H100033,2023-09-24,Warranty,1,1978.93,15%,USD,shipped,Dealer
ORD-201203,C10511,1HGCM98Z100207,2023-10-31,Accessories,1,690.50,15%,USD,completed,Phone
ORD-203477,C11392,1HGCM25X100283,2024-05-18,Service Plan,4,2115.57,0.1,usd,Completed,online
ORD-202503,C11341,1HGCM69M100350,2024-05-21,Accessories,2,630.78,15%,EUR,Canceled,online
ORD-201526,C11238,,2023-10-02,Accessories,2,3916.71,0.1,USD,Cancelled,Online
ORD-202263,C10162,1HGCM39Z100441,2023-09-01,Warranty,1,"$1,738.96",15%,USD,completed,Online
ORD-202834,C10848,1HGCM99Z100753,2023-11-13,Warranty,3,1154.62,10,USD,completed,Online
ORD-203464,C10819,1HGCM44P100899,05/28/2024,Warranty,1,3773.19,,USD,shipped,Phone
ORD-202790,C10405,1HGCM77M100662,2023-05-02,Parts,2,3165.83,5,GBP,Completed,Phone
ORD-202757,C11261,1HGCM70P100093,2023-08-31,Vehicle,2,4126.98,,USD,Canceled,Phone
ORD-203129,C11170,1HGCM74M100428,2024-02-05,Accessories,1,1470.49,5,EUR,Shipped,online
ORD-201822, c10250,1HGCM52L100401,2023-10-20,Service Plan,4,228.46,0,USD,Completed,Online
ORD-201054,C10456,1HGCM60L100479,2023-02-16,Vehicle,2,1277.12,,EUR,Canceled,Online
